record_id,role,domain,department,education_level,years_experience,training_hours,learning_hours,assessment_score,quiz_accuracy,assessment_attempts,competency_score,competency_level,skill_accounting,skill_administration,skill_agricultural_science,skill_assessment,skill_bioinformatics,skill_biostatistics,skill_communication,skill_cybersecurity,skill_data_analysis,skill_data_security,skill_data_visualization,skill_database_management,skill_deep_learning,skill_econometrics,skill_economic_analysis,skill_education_planning,skill_environmental_science,skill_epidemiology,skill_excel,skill_financial_analysis,skill_gis,skill_genetic_engineering,skill_human_resources,skill_javascript,skill_laboratory_techniques,skill_labour_laws,skill_leadership,skill_learning_design,skill_legal_research,skill_machine_learning,skill_molecular_biology,skill_nlp,skill_network_security,skill_policy_analysis,skill_probability,skill_problem_solving,skill_project_management,skill_public_health,skill_python,skill_report_writing,skill_research_methods,skill_risk_management,skill_sql,skill_software_engineering,skill_statistical_computing,skill_statistics
REC00001,Data Analyst,Environment,Research,PhD,1,67.7,48.8,49.7,56.7,2,48.4,Beginner,,,,,,,,,50.8,,45.9,,,,,,,,,,,,,,,,,,,,,,,,,,,,,,,,48.7,,53.3,51.5
REC00002,Policy Analyst,Data Science,Research,PhD,2,47.9,60.3,70.6,63.5,4,60.4,Developing,,,,,,,,,71.6,,,,,,,,,,,,,,,,,,,,,,,,,59.5,,,,,,53.1,53.8,,,,,59.7
REC00003,Legal Officer,Agriculture,Policy,Bachelor,10,62.5,55.4,66.9,64.8,6,60.9,Developing,,,,,,,60.5,,,,,,,,,,,,,,,,,,,,,,60.5,,,,,65.0,,,,,,63.7,,59.4,,,,
REC00004,Environmental Officer,Education,Training,Master,0,34.7,61.1,63.7,67.2,5,56.9,Developing,,,,,,,,,50.3,,,,,,,,58.5,,,,51.1,,,,,,,,,,,,,,,,,,,59.6,,,,,,59.1
REC00005,Data Scientist,Economics,IT,Bachelor,0,24.8,46.6,77.0,71.8,5,63.3,Developing,,,,,,,,,62.3,,55.6,,,,,,,,,,,,,,,,,,,50.5,,,,,,,,,56.3,,,,,,,56.2
REC00006,HR Officer,Administration,DIID,Master,9,60.8,19.9,71.4,74.1,1,63.8,Developing,,,,,,,63.0,,53.8,,,,,,,,,,,,,,53.2,,,57.5,,,,,,,,,,,,,,69.3,,,,,,
REC00007,Data Scientist,Environment,Statistics Division,Master,10,60.5,57.7,65.5,70.9,2,61.1,Developing,,,,,,,,,56.6,,61.9,,,,,,,,,,,,,,,,,,,60.8,,,,,,,,,56.1,,,,,,,50.2
REC00008,Agriculture Officer,Data Science,Training,Bachelor,5,58.9,57.3,77.2,91.6,1,71.8,Intermediate,,,61.0,,,,,,62.8,,,,,,,,,,,,66.6,,,,,,,,,,,,,,,,,,,59.7,,,,,,64.8
REC00009,Agriculture Officer,Biotechnology,MoSPI,PhD,5,32.7,68.1,77.3,82.8,4,69.0,Intermediate,,,60.7,,,,,,62.1,,,,,,,,,,,,65.4,,,,,,,,,,,,,,,,,,,73.9,,,,,,63.5
REC00010,Cybersecurity Analyst,Biotechnology,DIID,Bachelor,1,36.3,41.0,71.3,94.1,2,68.0,Intermediate,,,,,,,,56.8,57.9,,,,,,,,,,,,,,,,,,,,,,,,58.5,,,,,,78.5,,,69.5,,,,
REC00011,Administrative Officer,Public Policy,Statistics Division,Bachelor,11,63.6,52.6,77.0,67.3,1,66.4,Intermediate,,55.6,,,,,55.2,,65.4,,,,,,,,,,,,,,,,,,,,,,,,,,,,65.3,,,75.2,,,,,,
REC00012,Cybersecurity Analyst,Data Science,Research,Master,13,62.0,68.5,91.6,81.8,3,79.5,Intermediate,,,,,,,,88.7,86.9,,,,,,,,,,,,,,,,,,,,,,,,75.4,,,,,,74.0,,,68.9,,,,
REC00013,Data Scientist,Public Policy,MoSPI,PhD,10,64.9,67.3,75.1,80.1,2,69.1,Intermediate,,,,,,,,,61.9,,65.7,,,,,,,,,,,,,,,,,,,59.5,,,,,,,,,67.7,,,,,,,62.2
REC00014,Public Health Officer,Data Science,Administration,Bachelor,7,69.7,62.5,70.1,71.1,4,64.0,Developing,,,,,,63.1,,,54.3,,,,,,,,,63.6,,,,,,,,,,,,,,,,,,,,62.5,,63.5,,,,,,
REC00015,Statistical Officer,Administration,IT,PhD,16,70.7,52.4,62.5,70.0,3,60.6,Developing,,,,,,,,,57.4,,55.0,,,,,,,,,,,,,,,,,,,,,,,,53.7,,,,,,,,,,60.5,60.0
REC00016,Cybersecurity Analyst,Artificial Intelligence,Research,Bachelor,17,54.9,26.1,100.0,100.0,3,87.7,Advanced,,,,,,,,81.7,80.8,,,,,,,,,,,,,,,,,,,,,,,,88.9,,,,,,86.5,,,82.5,,,,
REC00017,Project Manager,Data Science,Statistics Division,Bachelor,5,60.1,60.2,68.0,80.2,4,65.7,Intermediate,,,,,,,61.6,,65.0,,,,,,,,,,,,,,,,,,77.0,,,,,,,,,73.3,64.5,,,,,,,,,
REC00018,Statistical Officer,Statistics,Data & Analytics,Bachelor,8,87.2,25.6,80.2,83.2,7,72.3,Intermediate,,,,,,,,,78.2,,49.9,,,,,,,,,,,,,,,,,,,,,,,,68.9,,,,,,,,,,66.2,66.1
REC00019,Biotechnology Faculty,Public Health,Administration,Bachelor,8,22.4,12.6,78.4,94.2,2,71.6,Intermediate,,,,,75.6,,,,78.6,,,,,,,,,,,,,64.1,,,70.5,,,,,,59.1,,,,,,,,,,,,,,,
REC00020,Software Engineer,Computer Science,Research,Master,15,93.2,42.8,76.9,80.1,4,72.8,Intermediate,,,,,,,,,,,,,,,,,,,,,,,,75.3,,,,,,,,,,,,59.0,,,78.2,,,,82.8,75.2,,
REC00021,Public Health Officer,Data Science,Administration,PhD,1,80.2,34.9,81.3,65.6,2,66.7,Intermediate,,,,,,68.8,,,65.0,,,,,,,,,62.9,,,,,,,,,,,,,,,,,,,,44.7,,62.8,,,,,,
REC00022,Environmental Officer,Cybersecurity,Policy,Master,15,62.0,67.6,86.3,56.1,4,69.2,Intermediate,,,,,,,,,61.4,,,,,,,,69.1,,,,69.4,,,,,,,,,,,,,,,,,,,66.5,,,,,,69.1
REC00023,Software Engineer,Data Science,Research,PhD,8,37.7,28.3,73.6,92.3,7,69.7,Intermediate,,,,,,,,,,,,,,,,,,,,,,,,64.4,,,,,,,,,,,,62.6,,,82.1,,,,51.8,77.1,,
REC00024,Statistical Officer,Data Science,Research,Bachelor,0,9.8,40.3,60.9,74.5,4,55.7,Developing,,,,,,,,,52.7,,57.0,,,,,,,,,,,,,,,,,,,,,,,,56.6,,,,,,,,,,53.3,54.9
REC00025,Cybersecurity Analyst,Statistics,Statistics Division,Bachelor,3,55.3,51.6,83.4,68.1,1,67.3,Intermediate,,,,,,,,62.6,54.3,,,,,,,,,,,,,,,,,,,,,,,,69.2,,,,,,49.5,,,53.0,,,,
REC00026,Education Officer,Artificial Intelligence,MoSPI,PhD,10,69.4,46.3,90.3,93.3,2,80.2,Advanced,,,,71.0,,,66.5,,72.7,,,,,,,77.5,,,,,,,,,,,,70.7,,,,,,,,,,,,,,,,,,
REC00027,Statistical Officer,Public Policy,Policy,PhD,11,36.6,46.3,81.1,60.2,3,64.5,Developing,,,,,,,,,57.4,,65.0,,,,,,,,,,,,,,,,,,,,,,,,54.5,,,,,,,,,,60.7,58.3
REC00028,Finance Officer,Economics,DIID,Bachelor,13,38.5,56.3,90.2,70.0,2,74.5,Intermediate,85.0,,,,,,,,,,78.0,,,,,,,,71.6,84.2,,,,,,,,,,,,,,,,,,,,,,,,,,71.0
REC00029,Agriculture Officer,Finance,Training,Master,8,67.9,15.9,66.3,54.8,1,56.1,Developing,,,49.8,,,,,,59.6,,,,,,,,,,,,45.1,,,,,,,,,,,,,,,,,,,54.3,,,,,,65.4
REC00030,Public Health Officer,Biotechnology,Training,Bachelor,7,51.5,43.0,88.0,59.0,6,68.2,Intermediate,,,,,,66.3,,,57.4,,,,,,,,,57.9,,,,,,,,,,,,,,,,,,,,68.0,,70.9,,,,,,
REC00031,Education Officer,Statistics,Research,Bachelor,5,48.2,37.0,85.4,49.3,3,62.4,Developing,,,,47.4,,,54.1,,37.1,,,,,,,52.9,,,,,,,,,,,,74.8,,,,,,,,,,,,,,,,,,
REC00032,Environmental Officer,Finance,Statistics Division,Master,9,56.5,56.0,77.5,73.6,2,68.5,Intermediate,,,,,,,,,59.2,,,,,,,,71.7,,,,58.6,,,,,,,,,,,,,,,,,,,74.8,,,,,,76.8
REC00033,Biotechnology Faculty,Data Science,IT,Master,14,105.0,79.7,82.1,83.3,1,77.2,Intermediate,,,,,65.4,,,,72.6,,,,,,,,,,,,,79.5,,,80.8,,,,,,73.2,,,,,,,,,,,,,,,
REC00034,Finance Officer,Agriculture,Research,Bachelor,3,32.8,34.4,75.6,69.0,1,62.9,Developing,63.0,,,,,,,,,,61.9,,,,,,,,60.7,50.9,,,,,,,,,,,,,,,,,,,,,,,,,,62.6
REC00035,HR Officer,Education,Statistics Division,Master,17,72.2,29.4,71.5,64.6,2,63.7,Developing,,,,,,,64.2,,62.2,,,,,,,,,,,,,,61.4,,,56.5,,,,,,,,,,,,,,68.2,,,,,,
REC00036,Economist,Public Policy,MoSPI,Master,3,55.1,47.7,56.2,72.3,9,55.2,Developing,,,,,,,,,44.7,,,,,45.4,66.9,,,,,,,,,,,,,,,,,,,,,,,,,47.0,,,,,,57.9
REC00037,Administrative Officer,Public Health,MoSPI,PhD,15,80.5,30.9,100.0,56.7,7,76.1,Intermediate,,66.8,,,,,66.7,,75.0,,,,,,,,,,,,,,,,,,,,,,,,,,,,74.3,,,76.5,,,,,,
REC00038,AI Engineer,Cybersecurity,MoSPI,Master,1,15.7,14.7,76.4,59.0,1,58.3,Developing,,,,,,,,,,,,,49.0,,,,,,,,,,,,,,,,,62.3,,52.4,,,,,,,47.8,,,,,54.0,,
REC00039,Data Scientist,Public Health,Research,Master,9,53.9,7.3,92.6,61.0,4,70.0,Intermediate,,,,,,,,,67.8,,67.5,,,,,,,,,,,,,,,,,,,56.0,,,,,,,,,61.8,,,,,,,62.5
REC00040,Public Health Officer,Agriculture,Policy,Bachelor,17,71.6,21.9,78.8,86.0,3,73.5,Intermediate,,,,,,63.0,,,74.8,,,,,,,,,82.4,,,,,,,,,,,,,,,,,,,,72.9,,64.6,,,,,,
REC00041,Administrative Officer,Public Health,Statistics Division,Master,13,33.8,33.3,77.0,62.2,4,62.4,Developing,,42.5,,,,,66.0,,62.4,,,,,,,,,,,,,,,,,,,,,,,,,,,,51.3,,,55.5,,,,,,
REC00042,Software Engineer,Data Science,DIID,Master,18,89.5,61.8,79.7,90.3,6,77.8,Intermediate,,,,,,,,,,,,,,,,,,,,,,,,73.7,,,,,,,,,,,,75.2,,,87.4,,,,73.9,79.1,,
REC00043,Research Officer,Statistics,IT,Bachelor,0,27.8,23.2,43.3,57.7,2,41.1,Beginner,,,,,,,,,46.0,,32.3,,,,,,,,,,,,,,,,,,,,,,,,,,,,,31.8,38.3,,,,,31.4
REC00044,Software Engineer,Computer Science,Data & Analytics,Bachelor,10,80.4,46.9,65.3,76.8,4,63.0,Developing,,,,,,,,,,,,,,,,,,,,,,,,69.8,,,,,,,,,,,,55.5,,,61.3,,,,46.0,51.5,,
REC00045,Software Engineer,Data Science,DIID,PhD,8,35.9,39.9,61.6,78.7,1,60.0,Developing,,,,,,,,,,,,,,,,,,,,,,,,59.5,,,,,,,,,,,,63.2,,,56.3,,,,58.7,63.0,,
REC00046,Research Officer,Environment,Training,Master,12,46.5,55.6,54.9,76.0,4,58.0,Developing,,,,,,,,,71.7,,65.3,,,,,,,,,,,,,,,,,,,,,,,,,,,,,69.9,50.3,,,,,55.3
REC00047,Public Health Officer,Education,Statistics Division,Master,11,76.7,60.3,93.0,85.1,1,80.6,Advanced,,,,,,78.0,,,73.6,,,,,,,,,65.0,,,,,,,,,,,,,,,,,,,,68.5,,89.2,,,,,,
REC00048,Public Health Officer,Education,Statistics Division,Master,8,61.3,51.3,78.5,60.7,2,65.3,Intermediate,,,,,,73.9,,,67.6,,,,,,,,,60.8,,,,,,,,,,,,,,,,,,,,61.4,,63.1,,,,,,
REC00049,Data Analyst,Cybersecurity,DIID,Master,5,51.7,50.6,65.4,57.1,2,56.3,Developing,,,,,,,,,60.5,,60.3,,,,,,,,,,,,,,,,,,,,,,,,,,,,,,,,47.2,,53.4,60.1
REC00050,Finance Officer,Economics,Data & Analytics,Master,8,85.2,46.5,75.4,60.6,1,63.9,Developing,62.5,,,,,,,,,,62.9,,,,,,,,56.3,56.7,,,,,,,,,,,,,,,,,,,,,,,,,,57.2
REC00051,Biotechnology Faculty,Economics,Administration,Bachelor,8,35.9,21.6,69.3,91.6,5,66.2,Intermediate,,,,,74.1,,,,60.5,,,,,,,,,,,,,65.9,,,55.3,,,,,,44.4,,,,,,,,,,,,,,,
REC00052,Cybersecurity Analyst,Cybersecurity,Policy,Bachelor,5,95.4,54.4,72.0,100.0,4,74.3,Intermediate,,,,,,,,77.0,68.5,,,,,,,,,,,,,,,,,,,,,,,,66.1,,,,,,77.8,,,67.6,,,,
REC00053,Data Analyst,Computer Science,Research,Master,7,59.3,15.8,79.6,80.0,2,69.1,Intermediate,,,,,,,,,64.8,,59.3,,,,,,,,,,,,,,,,,,,,,,,,,,,,,,,,54.8,,70.0,63.8
REC00054,HR Officer,Statistics,Research,Bachelor,6,34.8,10.3,82.8,73.1,1,67.5,Intermediate,,,,,,,60.8,,61.3,,,,,,,,,,,,,,60.0,,,63.1,,,,,,,,,,,,,,68.1,,,,,,
REC00055,Agriculture Officer,Administration,Administration,Bachelor,1,53.4,5.8,87.5,66.9,3,67.6,Intermediate,,,60.4,,,,,,67.4,,,,,,,,,,,,55.4,,,,,,,,,,,,,,,,,,,54.1,,,,,,57.9
REC00056,Data Scientist,Education,Data & Analytics,Master,8,57.8,75.3,95.0,66.5,2,75.2,Intermediate,,,,,,,,,75.8,,67.5,,,,,,,,,,,,,,,,,,,74.7,,,,,,,,,64.4,,,,,,,66.6
REC00057,Cybersecurity Analyst,Environment,DIID,PhD,12,47.8,13.7,83.7,92.5,5,75.4,Intermediate,,,,,,,,69.8,71.5,,,,,,,,,,,,,,,,,,,,,,,,73.9,,,,,,69.3,,,71.0,,,,
REC00058,Administrative Officer,Data Science,Research,Bachelor,15,88.0,66.1,66.5,77.6,2,67.1,Intermediate,,70.1,,,,,75.0,,68.6,,,,,,,,,,,,,,,,,,,,,,,,,,,,69.0,,,64.1,,,,,,
REC00059,Education Officer,Administration,DIID,Master,8,23.1,18.3,79.9,78.1,1,68.1,Intermediate,,,,78.4,,,65.6,,62.7,,,,,,,59.4,,,,,,,,,,,,74.1,,,,,,,,,,,,,,,,,,
REC00060,Legal Officer,Environment,Data & Analytics,Bachelor,6,27.0,50.6,70.7,62.0,1,58.6,Developing,,,,,,,60.4,,,,,,,,,,,,,,,,,,,,,,55.4,,,,,57.7,,,,,,49.1,,48.8,,,,
REC00061,Public Health Officer,Agriculture,Data & Analytics,Master,4,62.8,49.1,79.9,54.1,2,62.5,Developing,,,,,,60.6,,,56.1,,,,,,,,,48.4,,,,,,,,,,,,,,,,,,,,54.9,,64.4,,,,,,
REC00062,Legal Officer,Education,Data & Analytics,Master,13,78.8,51.7,88.2,79.1,3,77.2,Intermediate,,,,,,,76.2,,,,,,,,,,,,,,,,,,,,,,78.2,,,,,73.8,,,,,,78.5,,71.2,,,,
REC00063,Public Health Officer,Public Health,IT,Bachelor,8,92.7,37.5,71.3,55.9,2,60.9,Developing,,,,,,61.5,,,59.5,,,,,,,,,54.8,,,,,,,,,,,,,,,,,,,,59.4,,60.0,,,,,,
REC00064,HR Officer,Biotechnology,Administration,Master,5,55.8,61.8,74.4,87.3,2,70.2,Intermediate,,,,,,,67.1,,74.0,,,,,,,,,,,,,,63.4,,,63.2,,,,,,,,,,,,,,72.7,,,,,,
REC00065,Education Officer,Cybersecurity,Statistics Division,Master,2,64.4,33.2,74.7,63.7,9,62.2,Developing,,,,59.8,,,60.0,,57.8,,,,,,,58.0,,,,,,,,,,,,55.8,,,,,,,,,,,,,,,,,,
REC00066,Policy Analyst,Public Health,Policy,Bachelor,12,67.7,68.6,65.2,82.3,2,65.7,Intermediate,,,,,,,,,59.2,,,,,,,,,,,,,,,,,,,,,,,,,64.0,,,,,,74.9,67.2,,,,,54.5
REC00067,Database Administrator,Artificial Intelligence,MoSPI,PhD,4,58.4,45.5,72.3,79.3,4,65.9,Intermediate,,,,,,,,,,62.2,,58.0,,,,,,,,,,,,,,,,,,,,,,,,63.4,,,67.7,,,,60.2,,,
REC00068,Administrative Officer,Statistics,IT,Bachelor,6,67.9,63.9,87.1,91.1,1,78.1,Intermediate,,78.3,,,,,67.0,,79.6,,,,,,,,,,,,,,,,,,,,,,,,,,,,69.1,,,65.2,,,,,,
REC00069,Legal Officer,Public Health,Policy,Master,11,61.0,46.8,63.6,72.5,2,60.7,Developing,,,,,,,62.6,,,,,,,,,,,,,,,,,,,,,,61.9,,,,,52.5,,,,,,59.5,,54.2,,,,
REC00070,Environmental Officer,Data Science,MoSPI,PhD,5,52.8,29.8,71.4,46.2,2,55.2,Developing,,,,,,,,,51.0,,,,,,,,49.5,,,,51.1,,,,,,,,,,,,,,,,,,,50.1,,,,,,59.7
REC00071,HR Officer,Education,IT,Master,15,31.0,48.1,71.5,74.4,1,65.4,Intermediate,,,,,,,70.9,,65.0,,,,,,,,,,,,,,70.9,,,70.5,,,,,,,,,,,,,,65.6,,,,,,
REC00072,Biotechnology Faculty,Artificial Intelligence,Research,PhD,7,91.4,35.0,47.4,58.6,4,49.3,Beginner,,,,,44.4,,,,39.2,,,,,,,,,,,,,59.9,,,44.7,,,,,,64.5,,,,,,,,,,,,,,,
REC00073,AI Engineer,Computer Science,Training,Master,6,55.1,46.0,55.7,64.0,2,52.9,Developing,,,,,,,,,,,,,55.7,,,,,,,,,,,,,,,,,45.7,,51.2,,,,,,,57.3,,,,,41.6,,
REC00074,Cybersecurity Analyst,Education,Training,PhD,10,98.7,65.9,90.5,75.1,2,77.4,Intermediate,,,,,,,,67.9,65.2,,,,,,,,,,,,,,,,,,,,,,,,84.8,,,,,,67.0,,,71.0,,,,
REC00075,HR Officer,Artificial Intelligence,Research,PhD,6,42.2,74.8,65.8,61.4,2,56.5,Developing,,,,,,,51.6,,38.0,,,,,,,,,,,,,,55.3,,,46.9,,,,,,,,,,,,,,43.9,,,,,,
REC00076,Agriculture Officer,Finance,DIID,Master,13,99.4,41.3,84.8,89.4,5,78.3,Intermediate,,,67.6,,,,,,76.1,,,,,,,,,,,,77.8,,,,,,,,,,,,,,,,,,,69.9,,,,,,67.2
REC00077,Project Manager,Data Science,Data & Analytics,Bachelor,9,97.1,79.5,93.3,65.0,5,76.7,Intermediate,,,,,,,80.0,,75.3,,,,,,,,,,,,,,,,,,83.8,,,,,,,,,67.6,62.3,,,,,,,,,
REC00078,Finance Officer,Public Policy,Statistics Division,Master,10,103.3,57.3,72.8,91.8,3,74.2,Intermediate,76.1,,,,,,,,,,82.2,,,,,,,,75.6,65.6,,,,,,,,,,,,,,,,,,,,,,,,,,76.0
REC00079,Biotechnology Faculty,Administration,Training,PhD,5,41.3,64.6,74.2,64.8,1,62.1,Developing,,,,,45.7,,,,60.2,,,,,,,,,,,,,44.6,,,65.4,,,,,,68.2,,,,,,,,,,,,,,,
REC00080,Environmental Officer,Administration,Statistics Division,Master,6,75.1,42.9,77.7,69.8,5,66.7,Intermediate,,,,,,,,,67.2,,,,,,,,56.1,,,,48.3,,,,,,,,,,,,,,,,,,,68.2,,,,,,63.3
REC00081,Policy Analyst,Biotechnology,DIID,Master,0,72.1,30.3,39.5,69.3,5,45.3,Beginner,,,,,,,,,51.5,,,,,,,,,,,,,,,,,,,,,,,,,45.8,,,,,,39.2,37.8,,,,,32.7
REC00082,AI Engineer,Cybersecurity,Training,Master,8,67.4,58.0,57.2,73.8,1,59.0,Developing,,,,,,,,,,,,,60.1,,,,,,,,,,,,,,,,,59.1,,70.2,,,,,,,63.3,,,,,60.5,,
REC00083,Finance Officer,Finance,Administration,Master,20,67.4,39.0,86.8,84.1,2,77.9,Intermediate,82.4,,,,,,,,,,79.9,,,,,,,,74.2,70.8,,,,,,,,,,,,,,,,,,,,,,,,,,75.2
REC00084,Education Officer,Cybersecurity,DIID,PhD,10,75.3,42.7,73.0,69.9,2,64.9,Developing,,,,68.6,,,65.2,,59.9,,,,,,,50.4,,,,,,,,,,,,54.6,,,,,,,,,,,,,,,,,,
REC00085,Economist,Data Science,Policy,Master,13,37.7,15.3,87.3,79.5,3,73.1,Intermediate,,,,,,,,,48.6,,,,,70.7,77.3,,,,,,,,,,,,,,,,,,,,,,,,,66.5,,,,,,79.0
REC00086,AI Engineer,Computer Science,Data & Analytics,Bachelor,7,35.1,28.7,78.6,60.7,1,62.5,Developing,,,,,,,,,,,,,71.0,,,,,,,,,,,,,,,,,44.9,,62.2,,,,,,,61.2,,,,,56.7,,
REC00087,Biotechnology Faculty,Administration,DIID,Bachelor,0,37.9,30.8,69.1,64.6,4,58.2,Developing,,,,,41.7,,,,62.2,,,,,,,,,,,,,68.3,,,61.5,,,,,,49.7,,,,,,,,,,,,,,,
REC00088,Data Analyst,Finance,Statistics Division,PhD,11,67.6,52.8,75.0,73.4,4,67.4,Intermediate,,,,,,,,,70.6,,63.5,,,,,,,,,,,,,,,,,,,,,,,,,,,,,,,,59.3,,58.9,69.9
REC00089,Finance Officer,Economics,MoSPI,Master,8,51.3,59.6,40.2,57.9,1,44.5,Beginner,54.8,,,,,,,,,,61.0,,,,,,,,46.7,35.0,,,,,,,,,,,,,,,,,,,,,,,,,,43.7
REC00090,Project Manager,Agriculture,IT,Bachelor,4,64.2,68.1,73.1,69.0,7,64.2,Developing,,,,,,,68.5,,52.0,,,,,,,,,,,,,,,,,,61.8,,,,,,,,,52.5,64.7,,,,,,,,,
REC00091,HR Officer,Artificial Intelligence,DIID,Bachelor,0,69.8,44.6,72.6,44.2,1,55.7,Developing,,,,,,,47.8,,62.5,,,,,,,,,,,,,,40.4,,,53.7,,,,,,,,,,,,,,54.5,,,,,,
REC00092,Cybersecurity Analyst,Environment,Administration,Bachelor,10,84.3,53.8,61.4,81.5,1,63.1,Developing,,,,,,,,58.1,54.7,,,,,,,,,,,,,,,,,,,,,,,,55.0,,,,,,60.0,,,64.7,,,,
REC00093,Finance Officer,Agriculture,Administration,Master,10,52.5,48.1,69.1,91.9,2,69.4,Intermediate,80.9,,,,,,,,,,70.8,,,,,,,,67.4,66.6,,,,,,,,,,,,,,,,,,,,,,,,,,67.9
REC00094,Software Engineer,Cybersecurity,Data & Analytics,Master,0,29.3,8.3,86.9,66.2,6,65.8,Intermediate,,,,,,,,,,,,,,,,,,,,,,,,43.4,,,,,,,,,,,,60.5,,,57.2,,,,62.7,62.3,,
REC00095,Environmental Officer,Biotechnology,DIID,Bachelor,1,25.9,22.5,80.5,48.4,4,57.7,Developing,,,,,,,,,46.1,,,,,,,,61.3,,,,39.3,,,,,,,,,,,,,,,,,,,55.6,,,,,,50.1
REC00096,Economist,Artificial Intelligence,DIID,PhD,3,43.0,29.8,56.6,64.0,2,51.1,Developing,,,,,,,,,40.5,,,,,45.8,42.8,,,,,,,,,,,,,,,,,,,,,,,,,42.0,,,,,,49.5
REC00097,Administrative Officer,Public Policy,Administration,Bachelor,1,63.1,42.5,53.9,73.6,4,54.4,Developing,,58.7,,,,,36.0,,53.9,,,,,,,,,,,,,,,,,,,,,,,,,,,,50.4,,,59.8,,,,,,
REC00098,Education Officer,Education,MoSPI,Master,6,5.4,24.5,84.2,57.1,6,62.7,Developing,,,,68.2,,,56.8,,49.7,,,,,,,58.9,,,,,,,,,,,,65.1,,,,,,,,,,,,,,,,,,
REC00099,Database Administrator,Computer Science,Training,Bachelor,0,74.9,45.5,79.1,76.5,3,68.9,Intermediate,,,,,,,,,,67.0,,58.5,,,,,,,,,,,,,,,,,,,,,,,,50.9,,,83.7,,,,63.8,,,
REC00100,AI Engineer,Computer Science,MoSPI,Master,9,79.8,66.9,91.3,79.1,2,78.2,Intermediate,,,,,,,,,,,,,69.0,,,,,,,,,,,,,,,,,66.3,,75.8,,,,,,,82.4,,,,,74.7,,
REC00101,Research Officer,Education,Policy,Master,12,90.4,30.5,79.1,75.6,3,70.7,Intermediate,,,,,,,,,66.4,,66.0,,,,,,,,,,,,,,,,,,,,,,,,,,,,,75.5,67.6,,,,,56.8
REC00102,Environmental Officer,Administration,IT,Master,13,62.5,51.5,75.5,55.9,8,62.6,Developing,,,,,,,,,55.9,,,,,,,,62.3,,,,62.7,,,,,,,,,,,,,,,,,,,60.1,,,,,,60.8
REC00103,Agriculture Officer,Administration,Research,Bachelor,7,54.0,49.0,55.9,86.9,1,59.7,Developing,,,48.3,,,,,,55.1,,,,,,,,,,,,67.4,,,,,,,,,,,,,,,,,,,54.4,,,,,,51.7
REC00104,Software Engineer,Cybersecurity,Policy,Master,8,80.2,29.3,70.4,56.0,5,58.6,Developing,,,,,,,,,,,,,,,,,,,,,,,,57.0,,,,,,,,,,,,56.6,,,43.4,,,,47.7,52.1,,
REC00105,AI Engineer,Artificial Intelligence,Statistics Division,Master,8,51.0,40.3,78.8,87.4,3,71.5,Intermediate,,,,,,,,,,,,,64.0,,,,,,,,,,,,,,,,,69.0,,64.4,,,,,,,61.0,,,,,72.4,,
REC00106,Policy Analyst,Data Science,MoSPI,Bachelor,0,87.3,37.7,87.0,76.3,7,72.7,Intermediate,,,,,,,,,65.1,,,,,,,,,,,,,,,,,,,,,,,,,72.9,,,,,,67.2,60.7,,,,,56.9
REC00107,Database Administrator,Data Science,Statistics Division,PhD,14,44.1,32.4,86.1,65.0,3,69.3,Intermediate,,,,,,,,,,62.0,,61.3,,,,,,,,,,,,,,,,,,,,,,,,70.3,,,73.6,,,,61.6,,,
REC00108,Agriculture Officer,Finance,Training,Bachelor,1,21.1,19.4,62.0,61.7,2,52.5,Developing,,,53.4,,,,,,67.2,,,,,,,,,,,,44.3,,,,,,,,,,,,,,,,,,,48.0,,,,,,41.1
REC00109,Administrative Officer,Agriculture,Research,Master,15,81.5,33.6,63.8,81.0,2,64.7,Developing,,46.5,,,,,56.7,,68.4,,,,,,,,,,,,,,,,,,,,,,,,,,,,71.3,,,72.0,,,,,,
REC00110,Project Manager,Biotechnology,DIID,Bachelor,12,68.8,19.4,81.4,72.6,1,69.3,Intermediate,,,,,,,64.4,,65.2,,,,,,,,,,,,,,,,,,61.5,,,,,,,,,62.4,63.2,,,,,,,,,
REC00111,Economist,Economics,MoSPI,Master,5,57.0,44.2,51.5,80.0,4,55.8,Developing,,,,,,,,,58.5,,,,,53.8,50.6,,,,,,,,,,,,,,,,,,,,,,,,,60.4,,,,,,55.0
REC00112,HR Officer,Economics,Training,PhD,0,71.9,58.1,80.6,62.3,6,65.8,Intermediate,,,,,,,64.6,,61.2,,,,,,,,,,,,,,63.5,,,62.1,,,,,,,,,,,,,,58.8,,,,,,
REC00113,Biotechnology Faculty,Environment,MoSPI,Bachelor,2,49.2,22.7,83.4,53.0,3,62.3,Developing,,,,,57.4,,,,60.5,,,,,,,,,,,,,51.3,,,53.7,,,,,,60.4,,,,,,,,,,,,,,,
REC00114,Data Analyst,Cybersecurity,Training,PhD,6,65.7,30.1,58.6,83.3,3,60.4,Developing,,,,,,,,,62.2,,54.8,,,,,,,,,,,,,,,,,,,,,,,,,,,,,,,,63.5,,59.1,55.9
REC00115,Education Officer,Public Health,Statistics Division,Master,3,27.6,64.0,50.5,80.4,2,53.9,Developing,,,,49.9,,,39.1,,53.8,,,,,,,63.1,,,,,,,,,,,,55.0,,,,,,,,,,,,,,,,,,
REC00116,Agriculture Officer,Public Health,Administration,Master,0,67.5,14.5,63.3,58.6,1,53.1,Developing,,,44.3,,,,,,51.6,,,,,,,,,,,,45.2,,,,,,,,,,,,,,,,,,,40.9,,,,,,37.5
REC00117,Finance Officer,Environment,Research,PhD,12,66.1,47.0,85.5,61.2,5,68.3,Intermediate,74.2,,,,,,,,,,73.1,,,,,,,,61.6,45.5,,,,,,,,,,,,,,,,,,,,,,,,,,44.6
REC00118,Economist,Public Health,Administration,Master,1,5.0,13.4,84.2,67.9,3,63.5,Developing,,,,,,,,,66.5,,,,,45.4,51.4,,,,,,,,,,,,,,,,,,,,,,,,,48.0,,,,,,54.7
REC00119,Legal Officer,Cybersecurity,DIID,PhD,6,42.1,41.9,64.8,56.3,3,54.5,Developing,,,,,,,45.8,,,,,,,,,,,,,,,,,,,,,,46.6,,,,,45.5,,,,,,65.9,,52.3,,,,
REC00120,Data Scientist,Agriculture,Data & Analytics,Master,3,28.5,32.8,83.4,55.4,3,62.3,Developing,,,,,,,,,58.5,,56.2,,,,,,,,,,,,,,,,,,,60.2,,,,,,,,,55.2,,,,,,,51.7
REC00121,Policy Analyst,Finance,Policy,Master,10,58.3,24.5,78.1,97.2,2,74.8,Intermediate,,,,,,,,,71.8,,,,,,,,,,,,,,,,,,,,,,,,,81.6,,,,,,70.8,66.7,,,,,74.0
REC00122,HR Officer,Artificial Intelligence,Training,Master,5,38.1,45.4,64.1,54.6,1,53.9,Developing,,,,,,,51.4,,53.5,,,,,,,,,,,,,,57.5,,,52.9,,,,,,,,,,,,,,50.1,,,,,,
REC00123,Data Scientist,Administration,Statistics Division,Bachelor,18,66.4,25.5,86.0,81.1,1,75.9,Intermediate,,,,,,,,,63.9,,85.1,,,,,,,,,,,,,,,,,,,77.1,,,,,,,,,64.9,,,,,,,81.0
REC00124,Project Manager,Statistics,DIID,Master,7,44.5,41.3,81.9,79.5,4,70.3,Intermediate,,,,,,,48.3,,75.6,,,,,,,,,,,,,,,,,,67.9,,,,,,,,,63.1,70.4,,,,,,,,,
REC00125,Policy Analyst,Artificial Intelligence,Statistics Division,Bachelor,10,67.5,61.8,86.0,69.9,3,72.2,Intermediate,,,,,,,,,59.6,,,,,,,,,,,,,,,,,,,,,,,,,82.7,,,,,,73.9,62.3,,,,,63.9
REC00126,Policy Analyst,Statistics,IT,Bachelor,1,20.1,40.5,85.2,100.0,7,76.1,Intermediate,,,,,,,,,69.2,,,,,,,,,,,,,,,,,,,,,,,,,73.1,,,,,,70.2,77.2,,,,,68.3
REC00127,Data Analyst,Cybersecurity,Statistics Division,Bachelor,6,26.0,37.4,50.0,68.2,2,48.9,Beginner,,,,,,,,,41.7,,51.0,,,,,,,,,,,,,,,,,,,,,,,,,,,,,,,,40.1,,50.8,33.0
REC00128,Environmental Officer,Biotechnology,IT,Master,10,54.7,46.6,69.1,81.0,7,65.7,Intermediate,,,,,,,,,58.6,,,,,,,,74.4,,,,51.6,,,,,,,,,,,,,,,,,,,69.0,,,,,,65.4
REC00129,Biotechnology Faculty,Education,DIID,Master,4,30.0,43.3,63.4,74.1,1,58.6,Developing,,,,,58.8,,,,55.9,,,,,,,,,,,,,56.8,,,53.6,,,,,,61.8,,,,,,,,,,,,,,,
REC00130,Data Scientist,Cybersecurity,IT,Bachelor,10,66.0,46.1,67.4,76.7,2,64.9,Developing,,,,,,,,,78.5,,59.4,,,,,,,,,,,,,,,,,,,62.8,,,,,,,,,65.0,,,,,,,69.6
REC00131,Project Manager,Administration,MoSPI,Bachelor,3,56.5,63.0,83.8,77.4,2,71.4,Intermediate,,,,,,,62.3,,73.9,,,,,,,,,,,,,,,,,,62.5,,,,,,,,,60.8,70.1,,,,,,,,,
REC00132,Data Analyst,Agriculture,Research,Master,6,38.4,48.6,61.3,75.5,4,59.2,Developing,,,,,,,,,65.7,,61.0,,,,,,,,,,,,,,,,,,,,,,,,,,,,,,,,65.3,,60.8,50.0
REC00133,Cybersecurity Analyst,Data Science,Training,PhD,0,31.4,33.4,61.0,56.5,2,51.5,Developing,,,,,,,,50.1,44.2,,,,,,,,,,,,,,,,,,,,,,,,50.3,,,,,,51.0,,,61.6,,,,
REC00134,Biotechnology Faculty,Agriculture,MoSPI,Master,1,47.4,72.0,70.9,66.0,2,60.5,Developing,,,,,59.3,,,,56.8,,,,,,,,,,,,,58.3,,,45.1,,,,,,51.1,,,,,,,,,,,,,,,
REC00135,Software Engineer,Artificial Intelligence,Data & Analytics,Bachelor,5,43.1,49.9,71.9,73.9,4,64.6,Developing,,,,,,,,,,,,,,,,,,,,,,,,65.9,,,,,,,,,,,,72.9,,,57.4,,,,67.3,69.5,,
REC00136,Finance Officer,Statistics,DIID,Master,7,44.7,29.7,57.1,74.5,3,56.7,Developing,57.7,,,,,,,,,,57.0,,,,,,,,55.5,54.7,,,,,,,,,,,,,,,,,,,,,,,,,,68.9
REC00137,Statistical Officer,Artificial Intelligence,Training,Master,0,24.7,34.8,58.5,69.5,3,52.6,Developing,,,,,,,,,52.8,,45.0,,,,,,,,,,,,,,,,,,,,,,,,56.0,,,,,,,,,,38.3,39.6
REC00138,Statistical Officer,Cybersecurity,MoSPI,PhD,12,67.1,62.3,86.2,45.4,3,65.0,Developing,,,,,,,,,57.3,,63.8,,,,,,,,,,,,,,,,,,,,,,,,46.2,,,,,,,,,,61.4,66.7
REC00139,Environmental Officer,Economics,DIID,Bachelor,10,60.3,51.3,54.8,69.4,1,55.1,Developing,,,,,,,,,45.8,,,,,,,,61.1,,,,33.3,,,,,,,,,,,,,,,,,,,68.0,,,,,,55.7
REC00140,Finance Officer,Public Policy,Research,Master,13,95.3,59.3,83.0,84.8,3,77.8,Intermediate,82.7,,,,,,,,,,82.8,,,,,,,,71.7,77.8,,,,,,,,,,,,,,,,,,,,,,,,,,83.1
REC00141,Statistical Officer,Statistics,IT,PhD,19,71.8,34.6,77.8,72.1,3,70.5,Intermediate,,,,,,,,,77.0,,69.8,,,,,,,,,,,,,,,,,,,,,,,,68.1,,,,,,,,,,73.8,81.5
REC00142,Data Analyst,Public Policy,Research,Master,7,67.1,80.3,72.4,80.4,3,68.0,Intermediate,,,,,,,,,50.3,,70.6,,,,,,,,,,,,,,,,,,,,,,,,,,,,,,,,77.3,,51.4,67.1
REC00143,Finance Officer,Statistics,Training,PhD,11,32.8,30.8,79.4,72.9,2,67.3,Intermediate,69.6,,,,,,,,,,49.3,,,,,,,,62.3,71.0,,,,,,,,,,,,,,,,,,,,,,,,,,74.0
REC00144,Statistical Officer,Public Policy,Training,Bachelor,2,33.8,48.2,90.3,80.9,6,74.7,Intermediate,,,,,,,,,79.5,,61.5,,,,,,,,,,,,,,,,,,,,,,,,79.5,,,,,,,,,,66.1,77.0
REC00145,Economist,Agriculture,MoSPI,Bachelor,19,107.6,68.7,78.2,69.9,1,72.1,Intermediate,,,,,,,,,54.8,,,,,71.1,69.4,,,,,,,,,,,,,,,,,,,,,,,,,75.5,,,,,,83.1
REC00146,Biotechnology Faculty,Cybersecurity,Training,PhD,6,74.4,58.9,57.3,68.7,6,55.9,Developing,,,,,49.1,,,,52.2,,,,,,,,,,,,,57.4,,,47.2,,,,,,43.7,,,,,,,,,,,,,,,
REC00147,Project Manager,Economics,Data & Analytics,Master,3,41.2,29.8,84.8,75.7,3,68.8,Intermediate,,,,,,,61.3,,57.5,,,,,,,,,,,,,,,,,,47.2,,,,,,,,,60.1,65.9,,,,,,,,,
REC00148,Finance Officer,Data Science,DIID,PhD,0,74.8,58.0,64.1,65.8,4,58.8,Developing,62.7,,,,,,,,,,54.7,,,,,,,,50.8,55.5,,,,,,,,,,,,,,,,,,,,,,,,,,69.5
REC00149,Administrative Officer,Artificial Intelligence,Training,Bachelor,0,22.6,21.3,72.1,66.7,3,58.7,Developing,,60.0,,,,,52.2,,53.6,,,,,,,,,,,,,,,,,,,,,,,,,,,,46.3,,,57.1,,,,,,
REC00150,Policy Analyst,Environment,Policy,Bachelor,20,74.9,40.7,91.2,89.6,2,81.8,Advanced,,,,,,,,,86.9,,,,,,,,,,,,,,,,,,,,,,,,,77.1,,,,,,67.0,75.7,,,,,80.6
REC00151,Data Scientist,Data Science,IT,PhD,0,41.6,28.8,57.4,62.2,2,51.0,Developing,,,,,,,,,49.3,,51.1,,,,,,,,,,,,,,,,,,,44.0,,,,,,,,,47.1,,,,,,,43.8
REC00152,Education Officer,Public Policy,Training,Master,0,61.8,32.2,69.1,96.6,2,68.8,Intermediate,,,,64.2,,,73.1,,69.4,,,,,,,62.6,,,,,,,,,,,,63.4,,,,,,,,,,,,,,,,,,
REC00153,Statistical Officer,Administration,DIID,Bachelor,3,34.2,36.7,85.8,100.0,3,78.0,Intermediate,,,,,,,,,75.2,,80.3,,,,,,,,,,,,,,,,,,,,,,,,78.9,,,,,,,,,,78.3,73.6
REC00154,Public Health Officer,Artificial Intelligence,Research,Master,11,53.8,55.5,97.6,77.9,1,79.8,Intermediate,,,,,,75.8,,,85.8,,,,,,,,,71.7,,,,,,,,,,,,,,,,,,,,79.6,,63.8,,,,,,
REC00155,Data Scientist,Public Health,Policy,Bachelor,15,87.0,80.1,77.7,55.3,1,66.7,Intermediate,,,,,,,,,73.8,,69.5,,,,,,,,,,,,,,,,,,,62.0,,,,,,,,,63.2,,,,,,,73.3
REC00156,Environmental Officer,Public Health,IT,Bachelor,6,37.9,48.7,63.8,51.4,6,52.5,Developing,,,,,,,,,53.9,,,,,,,,48.2,,,,38.2,,,,,,,,,,,,,,,,,,,38.6,,,,,,64.5
REC00157,Software Engineer,Cybersecurity,Training,Master,4,61.6,58.0,69.7,46.6,8,56.0,Developing,,,,,,,,,,,,,,,,,,,,,,,,39.8,,,,,,,,,,,,56.9,,,55.5,,,,55.7,68.3,,
REC00158,Project Manager,Education,Policy,Master,6,39.1,60.3,62.7,89.1,5,64.1,Developing,,,,,,,72.1,,56.4,,,,,,,,,,,,,,,,,,64.4,,,,,,,,,66.6,62.8,,,,,,,,,
REC00159,Data Analyst,Administration,Training,PhD,9,27.6,41.2,65.3,88.6,2,64.6,Developing,,,,,,,,,61.6,,63.7,,,,,,,,,,,,,,,,,,,,,,,,,,,,,,,,56.0,,70.5,72.1
REC00160,Education Officer,Economics,IT,Master,11,30.3,31.7,86.0,65.3,5,68.1,Intermediate,,,,59.3,,,65.6,,74.9,,,,,,,59.3,,,,,,,,,,,,60.3,,,,,,,,,,,,,,,,,,
REC00161,Biotechnology Faculty,Public Policy,Administration,Bachelor,13,53.0,28.5,77.5,76.7,4,68.6,Intermediate,,,,,64.0,,,,61.4,,,,,,,,,,,,,63.2,,,70.1,,,,,,73.9,,,,,,,,,,,,,,,
REC00162,HR Officer,Statistics,Data & Analytics,Master,2,80.8,42.5,72.3,96.3,3,71.6,Intermediate,,,,,,,76.2,,61.4,,,,,,,,,,,,,,68.3,,,67.0,,,,,,,,,,,,,,63.1,,,,,,
REC00163,Database Administrator,Data Science,Research,Master,2,58.9,39.5,61.2,64.1,3,55.4,Developing,,,,,,,,,,47.0,,51.5,,,,,,,,,,,,,,,,,,,,,,,,61.7,,,56.5,,,,49.7,,,
REC00164,Data Scientist,Biotechnology,Research,Master,5,89.4,59.2,81.9,53.4,2,64.6,Developing,,,,,,,,,49.0,,59.6,,,,,,,,,,,,,,,,,,,62.3,,,,,,,,,56.5,,,,,,,50.9
REC00165,Legal Officer,Economics,MoSPI,PhD,0,22.3,56.6,70.1,65.0,5,58.6,Developing,,,,,,,63.0,,,,,,,,,,,,,,,,,,,,,,46.9,,,,,60.5,,,,,,56.1,,53.4,,,,
REC00166,Education Officer,Education,IT,Master,8,59.9,27.9,84.5,73.8,3,70.6,Intermediate,,,,58.2,,,74.8,,67.0,,,,,,,73.1,,,,,,,,,,,,53.7,,,,,,,,,,,,,,,,,,
REC00167,Environmental Officer,Public Health,Statistics Division,Master,4,33.1,19.3,71.1,95.6,7,68.4,Intermediate,,,,,,,,,67.7,,,,,,,,80.4,,,,57.2,,,,,,,,,,,,,,,,,,,57.4,,,,,,73.0
REC00168,Policy Analyst,Public Health,Statistics Division,Bachelor,12,58.7,50.5,75.7,85.4,1,70.9,Intermediate,,,,,,,,,76.6,,,,,,,,,,,,,,,,,,,,,,,,,57.7,,,,,,73.5,60.7,,,,,69.9
REC00169,Environmental Officer,Public Policy,IT,Bachelor,10,49.7,55.8,57.1,67.5,3,56.3,Developing,,,,,,,,,59.1,,,,,,,,60.9,,,,61.9,,,,,,,,,,,,,,,,,,,53.4,,,,,,60.5
REC00170,Agriculture Officer,Agriculture,Statistics Division,Bachelor,20,74.8,71.3,87.6,65.8,2,74.4,Intermediate,,,76.5,,,,,,73.9,,,,,,,,,,,,73.4,,,,,,,,,,,,,,,,,,,69.8,,,,,,74.5
REC00171,Software Engineer,Cybersecurity,Statistics Division,Master,14,55.7,54.1,72.3,90.3,3,71.1,Intermediate,,,,,,,,,,,,,,,,,,,,,,,,76.8,,,,,,,,,,,,64.1,,,68.2,,,,76.2,63.2,,
REC00172,Statistical Officer,Environment,Training,Bachelor,0,14.7,27.4,63.0,64.4,1,53.2,Developing,,,,,,,,,54.2,,54.0,,,,,,,,,,,,,,,,,,,,,,,,38.5,,,,,,,,,,54.6,45.0
REC00173,Software Engineer,Data Science,Data & Analytics,PhD,8,38.3,67.2,75.2,71.6,3,65.9,Intermediate,,,,,,,,,,,,,,,,,,,,,,,,70.4,,,,,,,,,,,,62.8,,,70.4,,,,56.6,67.0,,
REC00174,Legal Officer,Agriculture,DIID,Master,12,65.3,57.3,91.2,83.8,3,80.1,Advanced,,,,,,,74.8,,,,,,,,,,,,,,,,,,,,,,81.4,,,,,82.7,,,,,,85.9,,85.5,,,,
REC00175,Cybersecurity Analyst,Statistics,Administration,PhD,2,47.7,28.6,74.3,67.9,5,62.2,Developing,,,,,,,,60.5,60.9,,,,,,,,,,,,,,,,,,,,,,,,67.6,,,,,,57.3,,,44.0,,,,
REC00176,Software Engineer,Artificial Intelligence,MoSPI,Bachelor,0,5.0,18.8,54.3,61.4,2,47.5,Beginner,,,,,,,,,,,,,,,,,,,,,,,,51.0,,,,,,,,,,,,46.6,,,48.3,,,,43.0,45.2,,
REC00177,Economist,Data Science,Statistics Division,Master,5,37.0,29.3,78.8,71.0,3,65.0,Intermediate,,,,,,,,,50.6,,,,,54.4,56.6,,,,,,,,,,,,,,,,,,,,,,,,,67.6,,,,,,66.1
REC00178,Project Manager,Computer Science,Training,PhD,7,59.4,37.6,61.1,81.6,4,61.7,Developing,,,,,,,71.5,,53.7,,,,,,,,,,,,,,,,,,51.6,,,,,,,,,65.1,69.8,,,,,,,,,
REC00179,Legal Officer,Economics,Data & Analytics,Master,0,30.1,41.7,82.0,80.8,4,68.4,Intermediate,,,,,,,44.3,,,,,,,,,,,,,,,,,,,,,,70.9,,,,,58.2,,,,,,51.1,,73.4,,,,
REC00180,Environmental Officer,Public Health,Training,Bachelor,15,75.5,52.3,76.3,76.1,4,69.0,Intermediate,,,,,,,,,53.7,,,,,,,,73.8,,,,51.0,,,,,,,,,,,,,,,,,,,61.4,,,,,,66.5
REC00181,Economist,Economics,Statistics Division,Bachelor,7,101.9,60.0,62.0,77.5,1,63.6,Developing,,,,,,,,,75.9,,,,,50.4,56.9,,,,,,,,,,,,,,,,,,,,,,,,,61.4,,,,,,71.5
REC00182,Economist,Biotechnology,Training,PhD,6,59.6,43.0,78.9,64.1,3,64.8,Developing,,,,,,,,,57.9,,,,,59.6,51.7,,,,,,,,,,,,,,,,,,,,,,,,,62.5,,,,,,62.8
REC00183,Education Officer,Artificial Intelligence,Research,Master,8,75.1,84.6,96.1,75.2,2,81.0,Advanced,,,,82.3,,,85.3,,74.2,,,,,,,92.9,,,,,,,,,,,,81.4,,,,,,,,,,,,,,,,,,
REC00184,Public Health Officer,Data Science,Policy,Bachelor,5,11.6,44.0,85.4,66.7,3,66.9,Intermediate,,,,,,58.1,,,57.6,,,,,,,,,69.0,,,,,,,,,,,,,,,,,,,,69.5,,64.7,,,,,,
REC00185,AI Engineer,Cybersecurity,MoSPI,PhD,4,26.0,25.1,90.9,76.3,2,71.8,Intermediate,,,,,,,,,,,,,60.0,,,,,,,,,,,,,,,,,56.4,,67.8,,,,,,,71.0,,,,,65.2,,
REC00186,Biotechnology Faculty,Biotechnology,Statistics Division,Bachelor,8,71.7,35.4,78.1,74.5,3,68.6,Intermediate,,,,,61.9,,,,68.2,,,,,,,,,,,,,65.9,,,67.9,,,,,,61.1,,,,,,,,,,,,,,,
REC00187,Education Officer,Public Policy,MoSPI,Bachelor,14,52.4,36.3,67.6,74.7,3,64.0,Developing,,,,70.0,,,79.0,,63.1,,,,,,,59.5,,,,,,,,,,,,62.9,,,,,,,,,,,,,,,,,,
REC00188,Environmental Officer,Statistics,Data & Analytics,Bachelor,8,106.7,59.8,67.7,89.7,4,69.6,Intermediate,,,,,,,,,65.0,,,,,,,,56.2,,,,75.6,,,,,,,,,,,,,,,,,,,60.5,,,,,,59.5
REC00189,Statistical Officer,Statistics,DIID,PhD,4,69.3,49.6,60.6,62.8,3,55.9,Developing,,,,,,,,,45.2,,62.4,,,,,,,,,,,,,,,,,,,,,,,,65.9,,,,,,,,,,48.5,47.6
REC00190,Public Health Officer,Biotechnology,IT,Bachelor,1,64.2,46.7,85.6,72.5,3,71.4,Intermediate,,,,,,73.4,,,76.2,,,,,,,,,66.5,,,,,,,,,,,,,,,,,,,,70.3,,66.9,,,,,,
REC00191,Finance Officer,Public Policy,Research,Bachelor,3,32.9,41.0,57.7,75.7,2,55.8,Developing,52.7,,,,,,,,,,55.6,,,,,,,,47.9,56.9,,,,,,,,,,,,,,,,,,,,,,,,,,55.9
REC00192,Legal Officer,Cybersecurity,Data & Analytics,Bachelor,7,47.4,57.8,61.5,90.0,4,64.2,Developing,,,,,,,59.8,,,,,,,,,,,,,,,,,,,,,,61.0,,,,,64.4,,,,,,65.2,,68.4,,,,
REC00193,Statistical Officer,Environment,Statistics Division,Bachelor,15,81.0,48.2,69.1,83.7,2,68.4,Intermediate,,,,,,,,,62.8,,67.4,,,,,,,,,,,,,,,,,,,,,,,,57.5,,,,,,,,,,71.6,65.9
REC00194,Data Scientist,Artificial Intelligence,Data & Analytics,PhD,3,31.7,20.1,65.2,59.4,6,53.6,Developing,,,,,,,,,42.6,,39.0,,,,,,,,,,,,,,,,,,,52.1,,,,,,,,,50.7,,,,,,,53.9
REC00195,Education Officer,Public Policy,DIID,Bachelor,9,32.9,32.9,63.6,63.5,2,55.6,Developing,,,,45.3,,,61.0,,52.7,,,,,,,54.2,,,,,,,,,,,,44.4,,,,,,,,,,,,,,,,,,
REC00196,Agriculture Officer,Public Health,Administration,PhD,4,78.6,56.1,71.3,89.6,1,70.0,Intermediate,,,68.8,,,,,,62.8,,,,,,,,,,,,66.9,,,,,,,,,,,,,,,,,,,66.2,,,,,,73.7
REC00197,Research Officer,Finance,DIID,Master,1,57.3,77.8,56.9,88.5,5,60.8,Developing,,,,,,,,,59.5,,49.7,,,,,,,,,,,,,,,,,,,,,,,,,,,,,64.2,53.5,,,,,55.8
REC00198,Statistical Officer,Agriculture,Training,PhD,1,36.3,50.2,78.5,85.4,1,69.6,Intermediate,,,,,,,,,66.6,,66.6,,,,,,,,,,,,,,,,,,,,,,,,58.8,,,,,,,,,,68.2,72.6
REC00199,Environmental Officer,Environment,Policy,Master,2,68.2,46.4,75.9,88.9,3,70.7,Intermediate,,,,,,,,,63.9,,,,,,,,61.7,,,,60.1,,,,,,,,,,,,,,,,,,,67.0,,,,,,77.7
REC00200,Data Scientist,Cybersecurity,Research,PhD,15,83.7,46.2,47.1,77.9,4,54.8,Developing,,,,,,,,,42.0,,51.4,,,,,,,,,,,,,,,,,,,63.5,,,,,,,,,43.3,,,,,,,48.8
REC00201,Finance Officer,Economics,Policy,Master,15,62.7,60.8,94.9,67.1,3,76.6,Intermediate,75.8,,,,,,,,,,69.8,,,,,,,,77.7,72.3,,,,,,,,,,,,,,,,,,,,,,,,,,70.4
REC00202,Cybersecurity Analyst,Statistics,DIID,Master,6,60.3,59.2,81.7,100.0,4,77.5,Intermediate,,,,,,,,67.3,78.9,,,,,,,,,,,,,,,,,,,,,,,,71.2,,,,,,70.8,,,73.1,,,,
REC00203,Cybersecurity Analyst,Data Science,Policy,PhD,12,65.4,58.0,70.0,91.0,2,71.0,Intermediate,,,,,,,,74.7,73.3,,,,,,,,,,,,,,,,,,,,,,,,75.6,,,,,,71.2,,,69.7,,,,
REC00204,Education Officer,Economics,Research,Master,7,17.5,30.2,69.1,71.9,1,59.8,Developing,,,,45.3,,,62.0,,54.2,,,,,,,49.1,,,,,,,,,,,,68.5,,,,,,,,,,,,,,,,,,
REC00205,Data Scientist,Cybersecurity,Statistics Division,Master,0,50.6,28.9,74.2,79.1,7,64.3,Developing,,,,,,,,,59.1,,43.7,,,,,,,,,,,,,,,,,,,60.7,,,,,,,,,55.9,,,,,,,52.4
REC00206,Data Scientist,Environment,DIID,Master,9,63.7,47.8,73.2,79.3,4,67.3,Intermediate,,,,,,,,,58.2,,63.0,,,,,,,,,,,,,,,,,,,63.0,,,,,,,,,60.7,,,,,,,69.3
REC00207,Statistical Officer,Statistics,Data & Analytics,Master,8,46.3,41.2,74.6,79.2,3,66.5,Intermediate,,,,,,,,,56.5,,67.9,,,,,,,,,,,,,,,,,,,,,,,,58.2,,,,,,,,,,68.0,51.7
REC00208,Finance Officer,Finance,Data & Analytics,PhD,0,53.8,59.2,82.1,63.0,6,64.7,Developing,45.3,,,,,,,,,,58.2,,,,,,,,61.6,60.4,,,,,,,,,,,,,,,,,,,,,,,,,,46.5
REC00209,Policy Analyst,Environment,IT,Master,7,79.8,50.1,78.0,92.1,6,74.8,Intermediate,,,,,,,,,59.7,,,,,,,,,,,,,,,,,,,,,,,,,84.0,,,,,,68.5,80.7,,,,,76.4
REC00210,Environmental Officer,Cybersecurity,Training,Master,9,65.2,76.0,73.2,100.0,3,74.8,Intermediate,,,,,,,,,69.8,,,,,,,,71.3,,,,80.4,,,,,,,,,,,,,,,,,,,73.3,,,,,,70.6
REC00211,Statistical Officer,Agriculture,Statistics Division,Master,10,80.9,53.8,95.3,66.0,4,76.5,Intermediate,,,,,,,,,75.3,,86.3,,,,,,,,,,,,,,,,,,,,,,,,62.2,,,,,,,,,,81.4,62.7
REC00212,Cybersecurity Analyst,Economics,Policy,Bachelor,11,60.3,25.4,90.5,82.7,6,77.9,Intermediate,,,,,,,,78.9,79.6,,,,,,,,,,,,,,,,,,,,,,,,81.2,,,,,,78.2,,,77.2,,,,
REC00213,Policy Analyst,Public Policy,IT,Bachelor,7,32.3,41.7,63.0,68.7,3,57.5,Developing,,,,,,,,,53.1,,,,,,,,,,,,,,,,,,,,,,,,,53.1,,,,,,59.2,64.0,,,,,58.9
REC00214,Education Officer,Administration,Data & Analytics,Master,15,84.8,58.9,86.7,65.1,1,73.2,Intermediate,,,,73.1,,,73.7,,68.5,,,,,,,78.1,,,,,,,,,,,,70.2,,,,,,,,,,,,,,,,,,
REC00215,Statistical Officer,Agriculture,Data & Analytics,PhD,10,65.9,32.7,73.4,55.2,2,60.5,Developing,,,,,,,,,67.9,,55.7,,,,,,,,,,,,,,,,,,,,,,,,56.2,,,,,,,,,,66.2,46.2
REC00216,Economist,Education,Statistics Division,Master,0,37.6,42.1,81.9,60.4,4,63.7,Developing,,,,,,,,,61.7,,,,,68.9,52.4,,,,,,,,,,,,,,,,,,,,,,,,,52.5,,,,,,65.0
REC00217,Software Engineer,Data Science,Administration,Bachelor,12,89.4,58.5,75.9,75.4,2,70.5,Intermediate,,,,,,,,,,,,,,,,,,,,,,,,59.4,,,,,,,,,,,,79.9,,,69.0,,,,67.0,77.8,,
REC00218,Data Scientist,Administration,DIID,Bachelor,9,79.0,48.7,86.6,81.3,1,76.0,Intermediate,,,,,,,,,62.6,,76.4,,,,,,,,,,,,,,,,,,,75.8,,,,,,,,,74.3,,,,,,,73.2
REC00219,Software Engineer,Data Science,Administration,Master,7,65.8,49.5,100.0,61.7,4,76.3,Intermediate,,,,,,,,,,,,,,,,,,,,,,,,67.7,,,,,,,,,,,,66.4,,,73.5,,,,87.8,67.4,,
REC00220,Project Manager,Data Science,DIID,Bachelor,11,36.4,51.2,93.9,74.6,2,75.7,Intermediate,,,,,,,76.6,,68.9,,,,,,,,,,,,,,,,,,66.7,,,,,,,,,68.0,71.8,,,,,,,,,
REC00221,Statistical Officer,Finance,Data & Analytics,Bachelor,7,78.0,54.7,90.6,66.9,5,74.1,Intermediate,,,,,,,,,62.4,,77.5,,,,,,,,,,,,,,,,,,,,,,,,69.2,,,,,,,,,,73.3,83.1
REC00222,Education Officer,Education,IT,Master,3,47.2,61.9,57.8,69.1,8,55.9,Developing,,,,63.0,,,63.4,,53.8,,,,,,,50.7,,,,,,,,,,,,55.2,,,,,,,,,,,,,,,,,,
REC00223,Environmental Officer,Finance,Data & Analytics,Bachelor,10,72.7,34.6,74.6,100.0,3,74.1,Intermediate,,,,,,,,,71.5,,,,,,,,73.6,,,,60.4,,,,,,,,,,,,,,,,,,,63.7,,,,,,70.3
REC00224,Software Engineer,Computer Science,Statistics Division,PhD,9,75.5,78.5,53.9,58.6,1,53.2,Developing,,,,,,,,,,,,,,,,,,,,,,,,54.3,,,,,,,,,,,,54.7,,,48.9,,,,49.3,57.6,,
REC00225,Biotechnology Faculty,Administration,DIID,Master,1,20.3,55.3,76.4,100.0,3,71.7,Intermediate,,,,,63.1,,,,60.6,,,,,,,,,,,,,62.5,,,66.8,,,,,,77.0,,,,,,,,,,,,,,,
REC00226,Administrative Officer,Biotechnology,DIID,Master,2,31.8,35.3,78.4,68.0,5,63.5,Developing,,59.1,,,,,53.0,,52.5,,,,,,,,,,,,,,,,,,,,,,,,,,,,61.6,,,63.9,,,,,,
REC00227,Data Analyst,Computer Science,Policy,Master,8,76.3,47.6,87.9,88.0,1,78.4,Intermediate,,,,,,,,,75.8,,75.6,,,,,,,,,,,,,,,,,,,,,,,,,,,,,,,,78.8,,68.7,78.3
REC00228,Education Officer,Public Health,Administration,Master,7,48.3,35.0,93.6,64.9,5,72.1,Intermediate,,,,72.9,,,75.7,,61.5,,,,,,,55.0,,,,,,,,,,,,64.7,,,,,,,,,,,,,,,,,,
REC00229,Environmental Officer,Education,Statistics Division,Master,6,52.0,23.9,68.8,71.1,2,61.5,Developing,,,,,,,,,56.5,,,,,,,,62.2,,,,61.1,,,,,,,,,,,,,,,,,,,65.1,,,,,,59.1
REC00230,Policy Analyst,Economics,Policy,Master,11,57.3,52.5,61.1,80.8,4,61.4,Developing,,,,,,,,,48.3,,,,,,,,,,,,,,,,,,,,,,,,,48.0,,,,,,70.7,54.6,,,,,63.9
REC00231,Education Officer,Data Science,Policy,Master,0,45.9,34.3,93.2,65.3,5,70.2,Intermediate,,,,56.2,,,63.3,,69.5,,,,,,,52.0,,,,,,,,,,,,61.4,,,,,,,,,,,,,,,,,,
REC00232,Biotechnology Faculty,Agriculture,Research,PhD,8,5.0,29.8,63.8,72.5,1,56.8,Developing,,,,,52.7,,,,49.3,,,,,,,,,,,,,50.8,,,62.5,,,,,,52.3,,,,,,,,,,,,,,,
REC00233,Project Manager,Cybersecurity,Statistics Division,PhD,7,52.4,42.1,86.8,90.0,3,76.7,Intermediate,,,,,,,73.7,,87.1,,,,,,,,,,,,,,,,,,64.2,,,,,,,,,65.3,73.7,,,,,,,,,
REC00234,Legal Officer,Public Policy,DIID,Master,14,85.7,48.9,78.1,74.2,2,71.2,Intermediate,,,,,,,52.2,,,,,,,,,,,,,,,,,,,,,,81.5,,,,,69.1,,,,,,67.9,,87.7,,,,
REC00235,Environmental Officer,Data Science,Administration,Bachelor,2,32.7,39.5,56.0,66.6,1,51.8,Developing,,,,,,,,,40.5,,,,,,,,49.1,,,,51.8,,,,,,,,,,,,,,,,,,,54.0,,,,,,46.2
REC00236,Public Health Officer,Data Science,MoSPI,PhD,0,54.2,52.0,92.1,76.4,2,73.9,Intermediate,,,,,,59.4,,,71.2,,,,,,,,,59.9,,,,,,,,,,,,,,,,,,,,60.5,,70.6,,,,,,
REC00237,Agriculture Officer,Administration,DIID,Master,8,91.9,41.7,81.2,93.4,2,75.6,Intermediate,,,71.0,,,,,,64.4,,,,,,,,,,,,63.0,,,,,,,,,,,,,,,,,,,56.5,,,,,,67.8
REC00238,Data Analyst,Finance,DIID,PhD,0,84.4,60.7,65.7,78.9,2,63.0,Developing,,,,,,,,,77.2,,48.9,,,,,,,,,,,,,,,,,,,,,,,,,,,,,,,,52.8,,52.8,48.8
REC00239,Data Scientist,Public Policy,Training,Bachelor,13,60.5,41.5,62.4,47.0,2,52.9,Developing,,,,,,,,,44.0,,56.3,,,,,,,,,,,,,,,,,,,49.5,,,,,,,,,54.4,,,,,,,53.9
REC00240,Data Scientist,Education,Research,Master,10,33.4,49.7,66.8,59.4,7,57.4,Developing,,,,,,,,,60.4,,64.2,,,,,,,,,,,,,,,,,,,49.6,,,,,,,,,56.3,,,,,,,53.4
REC00241,HR Officer,Economics,Research,Master,13,69.8,83.2,78.2,67.4,2,68.7,Intermediate,,,,,,,54.3,,63.0,,,,,,,,,,,,,,75.2,,,75.2,,,,,,,,,,,,,,63.9,,,,,,
REC00242,Database Administrator,Artificial Intelligence,Policy,Bachelor,13,61.0,30.3,75.4,65.7,3,65.0,Intermediate,,,,,,,,,,73.7,,63.5,,,,,,,,,,,,,,,,,,,,,,,,63.9,,,57.1,,,,63.4,,,
REC00243,Environmental Officer,Finance,Policy,Master,5,72.1,42.7,79.1,71.7,2,67.9,Intermediate,,,,,,,,,57.1,,,,,,,,55.6,,,,71.8,,,,,,,,,,,,,,,,,,,65.5,,,,,,66.5
REC00244,Legal Officer,Agriculture,Research,Bachelor,3,36.1,29.3,84.9,68.4,1,68.2,Intermediate,,,,,,,77.1,,,,,,,,,,,,,,,,,,,,,,67.7,,,,,63.4,,,,,,71.5,,59.3,,,,
REC00245,Database Administrator,Computer Science,Research,Master,9,88.7,62.5,81.9,80.7,6,73.7,Intermediate,,,,,,,,,,61.9,,73.9,,,,,,,,,,,,,,,,,,,,,,,,65.2,,,60.6,,,,72.7,,,
REC00246,Project Manager,Environment,IT,PhD,10,69.3,56.1,62.6,70.0,6,59.7,Developing,,,,,,,58.0,,52.3,,,,,,,,,,,,,,,,,,58.8,,,,,,,,,49.0,59.7,,,,,,,,,
REC00247,Economist,Education,Administration,Master,6,53.1,41.8,75.6,85.3,1,69.7,Intermediate,,,,,,,,,71.6,,,,,61.8,68.2,,,,,,,,,,,,,,,,,,,,,,,,,70.6,,,,,,69.6
REC00248,Finance Officer,Statistics,MoSPI,Bachelor,8,46.7,47.9,67.9,76.1,4,62.7,Developing,59.5,,,,,,,,,,54.8,,,,,,,,52.1,59.5,,,,,,,,,,,,,,,,,,,,,,,,,,70.5
REC00249,Software Engineer,Cybersecurity,IT,Master,4,41.8,41.6,86.8,83.5,4,74.0,Intermediate,,,,,,,,,,,,,,,,,,,,,,,,73.7,,,,,,,,,,,,63.1,,,65.3,,,,84.4,68.9,,
REC00250,Project Manager,Artificial Intelligence,MoSPI,Master,0,63.0,54.2,77.8,70.2,2,66.0,Intermediate,,,,,,,66.5,,71.3,,,,,,,,,,,,,,,,,,44.1,,,,,,,,,70.0,58.6,,,,,,,,,
REC00251,Legal Officer,Cybersecurity,Research,Bachelor,9,48.9,33.1,82.6,63.6,2,66.2,Intermediate,,,,,,,67.4,,,,,,,,,,,,,,,,,,,,,,57.2,,,,,57.8,,,,,,55.3,,64.8,,,,
REC00252,Economist,Public Policy,MoSPI,Bachelor,12,64.3,34.6,66.2,89.4,3,67.2,Intermediate,,,,,,,,,67.3,,,,,74.9,58.1,,,,,,,,,,,,,,,,,,,,,,,,,64.1,,,,,,66.6
REC00253,Education Officer,Cybersecurity,Research,Master,5,46.6,43.1,91.2,49.0,3,66.1,Intermediate,,,,63.3,,,55.9,,54.8,,,,,,,70.8,,,,,,,,,,,,56.7,,,,,,,,,,,,,,,,,,
REC00254,HR Officer,Statistics,Policy,Bachelor,12,39.7,19.7,61.1,81.1,5,60.2,Developing,,,,,,,62.4,,58.7,,,,,,,,,,,,,,65.6,,,53.0,,,,,,,,,,,,,,50.7,,,,,,
REC00255,Data Analyst,Computer Science,IT,Master,9,16.8,35.4,65.3,87.3,2,63.4,Developing,,,,,,,,,63.7,,58.3,,,,,,,,,,,,,,,,,,,,,,,,,,,,,,,,75.7,,55.8,63.6
REC00256,Agriculture Officer,Artificial Intelligence,MoSPI,Bachelor,9,91.1,28.2,67.6,81.2,6,66.3,Intermediate,,,60.9,,,,,,69.0,,,,,,,,,,,,70.6,,,,,,,,,,,,,,,,,,,60.3,,,,,,62.8
REC00257,Statistical Officer,Public Health,Statistics Division,Master,8,58.1,62.7,74.5,92.6,6,72.6,Intermediate,,,,,,,,,72.8,,83.7,,,,,,,,,,,,,,,,,,,,,,,,73.0,,,,,,,,,,65.4,65.2
REC00258,Legal Officer,Administration,MoSPI,Bachelor,10,96.0,57.1,93.1,86.0,1,81.7,Advanced,,,,,,,78.1,,,,,,,,,,,,,,,,,,,,,,77.4,,,,,82.4,,,,,,72.0,,70.6,,,,
REC00259,Software Engineer,Cybersecurity,Training,PhD,8,65.7,68.4,82.2,67.1,1,68.7,Intermediate,,,,,,,,,,,,,,,,,,,,,,,,53.6,,,,,,,,,,,,54.3,,,69.9,,,,61.0,73.4,,
REC00260,Public Health Officer,Environment,Statistics Division,Master,5,79.6,39.8,69.8,86.9,2,67.7,Intermediate,,,,,,63.0,,,55.4,,,,,,,,,72.4,,,,,,,,,,,,,,,,,,,,56.7,,67.0,,,,,,
REC00261,Database Administrator,Artificial Intelligence,Statistics Division,PhD,8,77.9,35.1,73.8,71.3,4,65.8,Intermediate,,,,,,,,,,57.2,,57.0,,,,,,,,,,,,,,,,,,,,,,,,64.9,,,61.1,,,,73.8,,,
REC00262,Biotechnology Faculty,Statistics,Data & Analytics,Bachelor,2,50.6,32.8,78.3,69.2,1,64.6,Developing,,,,,54.4,,,,59.5,,,,,,,,,,,,,67.1,,,55.3,,,,,,56.3,,,,,,,,,,,,,,,
REC00263,AI Engineer,Cybersecurity,Statistics Division,Master,8,68.4,47.7,47.8,79.7,2,54.6,Developing,,,,,,,,,,,,,58.5,,,,,,,,,,,,,,,,,53.8,,50.4,,,,,,,54.0,,,,,47.6,,
REC00264,Policy Analyst,Economics,Training,Bachelor,7,61.6,61.1,64.4,68.9,6,60.0,Developing,,,,,,,,,59.4,,,,,,,,,,,,,,,,,,,,,,,,,62.4,,,,,,58.6,55.1,,,,,52.4
REC00265,Biotechnology Faculty,Cybersecurity,Data & Analytics,Master,0,43.2,46.2,65.9,64.2,6,56.1,Developing,,,,,47.4,,,,50.2,,,,,,,,,,,,,45.5,,,58.6,,,,,,42.5,,,,,,,,,,,,,,,
REC00266,Software Engineer,Data Science,IT,Bachelor,8,52.9,57.7,68.6,45.8,3,54.9,Developing,,,,,,,,,,,,,,,,,,,,,,,,48.8,,,,,,,,,,,,59.0,,,42.0,,,,44.9,65.3,,
REC00267,Database Administrator,Cybersecurity,MoSPI,Master,0,34.6,43.3,55.5,96.1,2,60.2,Developing,,,,,,,,,,61.5,,55.3,,,,,,,,,,,,,,,,,,,,,,,,68.5,,,45.9,,,,54.6,,,
REC00268,Data Scientist,Statistics,Data & Analytics,Master,1,21.4,28.4,74.3,70.8,2,61.7,Developing,,,,,,,,,55.6,,65.1,,,,,,,,,,,,,,,,,,,67.0,,,,,,,,,52.9,,,,,,,51.4
REC00269,Environmental Officer,Biotechnology,MoSPI,PhD,8,23.7,47.1,91.7,70.1,3,73.0,Intermediate,,,,,,,,,75.8,,,,,,,,69.9,,,,77.2,,,,,,,,,,,,,,,,,,,73.1,,,,,,70.3
REC00270,Public Health Officer,Administration,Administration,Master,1,50.8,20.3,55.8,69.9,1,53.4,Developing,,,,,,51.4,,,62.1,,,,,,,,,52.4,,,,,,,,,,,,,,,,,,,,54.7,,45.8,,,,,,
REC00271,Database Administrator,Cybersecurity,Policy,Master,0,52.3,27.8,46.2,71.7,1,48.8,Beginner,,,,,,,,,,55.4,,45.7,,,,,,,,,,,,,,,,,,,,,,,,40.2,,,45.6,,,,48.5,,,
REC00272,Environmental Officer,Agriculture,Administration,Master,9,117.3,50.7,71.3,76.2,3,68.7,Intermediate,,,,,,,,,65.7,,,,,,,,61.5,,,,69.6,,,,,,,,,,,,,,,,,,,63.6,,,,,,72.7
REC00273,Public Health Officer,Economics,Policy,Bachelor,2,32.5,27.9,93.6,82.6,10,76.0,Intermediate,,,,,,61.3,,,71.7,,,,,,,,,80.5,,,,,,,,,,,,,,,,,,,,66.4,,81.0,,,,,,
REC00274,Database Administrator,Data Science,DIID,Master,2,18.8,38.3,65.9,42.0,3,49.3,Beginner,,,,,,,,,,56.3,,40.2,,,,,,,,,,,,,,,,,,,,,,,,38.1,,,50.4,,,,50.7,,,
REC00275,Public Health Officer,Agriculture,Training,Bachelor,10,61.3,46.7,92.2,65.7,4,73.4,Intermediate,,,,,,71.3,,,68.1,,,,,,,,,61.7,,,,,,,,,,,,,,,,,,,,69.6,,76.3,,,,,,
REC00276,Software Engineer,Artificial Intelligence,Statistics Division,Bachelor,7,90.5,79.5,87.7,80.8,1,77.5,Intermediate,,,,,,,,,,,,,,,,,,,,,,,,68.1,,,,,,,,,,,,79.3,,,77.1,,,,76.6,66.8,,
REC00277,Economist,Artificial Intelligence,Data & Analytics,Master,8,39.7,2.0,82.0,73.5,3,67.8,Intermediate,,,,,,,,,74.1,,,,,56.9,64.1,,,,,,,,,,,,,,,,,,,,,,,,,73.0,,,,,,56.8
REC00278,Finance Officer,Statistics,Data & Analytics,Bachelor,10,79.2,46.4,68.9,81.0,2,67.4,Intermediate,69.1,,,,,,,,,,76.1,,,,,,,,63.9,65.8,,,,,,,,,,,,,,,,,,,,,,,,,,67.7
REC00279,Environmental Officer,Administration,IT,Bachelor,0,54.6,30.2,84.7,77.1,4,70.6,Intermediate,,,,,,,,,66.9,,,,,,,,64.7,,,,61.6,,,,,,,,,,,,,,,,,,,67.2,,,,,,72.7
REC00280,Database Administrator,Cybersecurity,Data & Analytics,Bachelor,4,87.0,63.1,78.2,72.2,4,69.2,Intermediate,,,,,,,,,,64.8,,65.5,,,,,,,,,,,,,,,,,,,,,,,,64.4,,,69.1,,,,70.4,,,
REC00281,Public Health Officer,Public Policy,Data & Analytics,Bachelor,1,21.9,65.3,66.1,71.3,3,58.4,Developing,,,,,,49.0,,,75.1,,,,,,,,,36.3,,,,,,,,,,,,,,,,,,,,60.1,,48.2,,,,,,
REC00282,Research Officer,Public Policy,Training,Bachelor,11,75.5,38.4,71.5,87.0,3,68.3,Intermediate,,,,,,,,,58.7,,59.8,,,,,,,,,,,,,,,,,,,,,,,,,,,,,45.1,69.3,,,,,58.8
REC00283,Policy Analyst,Biotechnology,Training,PhD,3,37.5,38.7,83.4,71.5,4,67.8,Intermediate,,,,,,,,,65.6,,,,,,,,,,,,,,,,,,,,,,,,,56.0,,,,,,63.6,59.4,,,,,69.5
REC00284,Statistical Officer,Statistics,Research,Bachelor,7,38.2,48.1,55.2,68.1,6,53.0,Developing,,,,,,,,,56.0,,53.2,,,,,,,,,,,,,,,,,,,,,,,,49.0,,,,,,,,,,54.1,34.2
REC00285,Legal Officer,Administration,Research,Bachelor,8,40.3,41.6,62.1,94.2,2,63.8,Developing,,,,,,,52.3,,,,,,,,,,,,,,,,,,,,,,57.8,,,,,53.8,,,,,,61.4,,58.6,,,,
REC00286,Database Administrator,Computer Science,Training,Master,8,58.3,43.2,80.3,84.0,3,72.0,Intermediate,,,,,,,,,,73.4,,70.2,,,,,,,,,,,,,,,,,,,,,,,,71.3,,,72.3,,,,55.6,,,
REC00287,Data Scientist,Economics,Training,Master,2,58.4,31.4,66.5,87.6,4,63.7,Developing,,,,,,,,,59.9,,57.7,,,,,,,,,,,,,,,,,,,53.9,,,,,,,,,61.3,,,,,,,41.0
REC00288,Data Scientist,Public Health,Data & Analytics,Bachelor,5,62.1,41.2,70.8,72.2,3,63.4,Developing,,,,,,,,,59.3,,57.7,,,,,,,,,,,,,,,,,,,65.3,,,,,,,,,54.1,,,,,,,65.9
REC00289,Finance Officer,Data Science,Administration,PhD,6,52.9,24.8,77.8,83.5,2,69.4,Intermediate,68.1,,,,,,,,,,60.3,,,,,,,,77.1,66.3,,,,,,,,,,,,,,,,,,,,,,,,,,54.6
REC00290,HR Officer,Public Policy,Research,Master,2,52.9,67.3,100.0,76.6,4,79.4,Intermediate,,,,,,,75.2,,55.2,,,,,,,,,,,,,,85.0,,,71.4,,,,,,,,,,,,,,78.3,,,,,,
REC00291,HR Officer,Public Policy,Statistics Division,Master,10,36.3,33.8,75.1,73.8,2,65.0,Intermediate,,,,,,,51.2,,52.9,,,,,,,,,,,,,,62.6,,,62.2,,,,,,,,,,,,,,76.0,,,,,,
REC00292,Biotechnology Faculty,Agriculture,DIID,Master,0,42.9,46.0,85.4,60.0,5,65.4,Intermediate,,,,,66.4,,,,50.3,,,,,,,,,,,,,59.5,,,56.4,,,,,,63.4,,,,,,,,,,,,,,,
REC00293,Biotechnology Faculty,Agriculture,Statistics Division,Bachelor,3,49.6,42.1,74.1,67.7,2,62.7,Developing,,,,,62.4,,,,55.1,,,,,,,,,,,,,57.3,,,48.7,,,,,,71.5,,,,,,,,,,,,,,,
REC00294,Finance Officer,Finance,IT,PhD,4,38.7,58.9,67.9,68.9,2,58.8,Developing,51.7,,,,,,,,,,43.3,,,,,,,,52.3,49.8,,,,,,,,,,,,,,,,,,,,,,,,,,46.1
REC00295,Data Analyst,Economics,Policy,Bachelor,13,75.1,31.7,66.8,57.3,1,58.9,Developing,,,,,,,,,62.7,,60.8,,,,,,,,,,,,,,,,,,,,,,,,,,,,,,,,56.6,,51.3,62.5
REC00296,Data Analyst,Computer Science,Statistics Division,Master,17,73.8,38.8,95.1,59.1,4,74.2,Intermediate,,,,,,,,,64.9,,71.6,,,,,,,,,,,,,,,,,,,,,,,,,,,,,,,,68.7,,64.7,74.6
REC00297,Data Scientist,Data Science,IT,PhD,7,63.0,30.1,59.4,59.2,2,53.3,Developing,,,,,,,,,52.7,,46.4,,,,,,,,,,,,,,,,,,,47.0,,,,,,,,,54.5,,,,,,,43.1
REC00298,Statistical Officer,Public Health,Data & Analytics,Master,5,90.0,60.9,73.8,91.8,2,73.0,Intermediate,,,,,,,,,73.9,,78.4,,,,,,,,,,,,,,,,,,,,,,,,69.0,,,,,,,,,,71.8,63.6
REC00299,Finance Officer,Environment,Statistics Division,PhD,0,45.6,60.0,74.0,99.0,2,71.5,Intermediate,62.4,,,,,,,,,,60.2,,,,,,,,70.3,67.2,,,,,,,,,,,,,,,,,,,,,,,,,,71.3
REC00300,Economist,Economics,IT,PhD,0,51.2,55.2,83.7,67.7,3,68.6,Intermediate,,,,,,,,,69.7,,,,,70.7,72.8,,,,,,,,,,,,,,,,,,,,,,,,,67.1,,,,,,64.6
REC00301,Project Manager,Biotechnology,IT,PhD,15,66.5,21.6,71.4,80.4,1,67.0,Intermediate,,,,,,,61.2,,63.7,,,,,,,,,,,,,,,,,,63.0,,,,,,,,,59.6,67.5,,,,,,,,,
REC00302,Agriculture Officer,Statistics,Data & Analytics,Master,8,79.6,48.7,90.3,65.6,3,72.5,Intermediate,,,53.5,,,,,,62.1,,,,,,,,,,,,63.8,,,,,,,,,,,,,,,,,,,72.8,,,,,,72.7
REC00303,AI Engineer,Data Science,IT,Master,4,55.8,39.0,69.1,59.0,3,57.3,Developing,,,,,,,,,,,,,49.7,,,,,,,,,,,,,,,,,50.9,,55.1,,,,,,,34.9,,,,,58.0,,
REC00304,Cybersecurity Analyst,Artificial Intelligence,Training,Bachelor,9,25.3,42.6,97.9,53.6,3,70.0,Intermediate,,,,,,,,54.5,60.7,,,,,,,,,,,,,,,,,,,,,,,,65.0,,,,,,61.5,,,68.5,,,,
REC00305,Economist,Biotechnology,IT,Bachelor,5,56.1,39.5,63.8,70.4,2,58.0,Developing,,,,,,,,,50.0,,,,,44.6,58.7,,,,,,,,,,,,,,,,,,,,,,,,,57.8,,,,,,44.1
REC00306,Economist,Public Health,DIID,PhD,0,45.0,27.2,76.0,66.1,5,60.9,Developing,,,,,,,,,55.2,,,,,48.7,37.7,,,,,,,,,,,,,,,,,,,,,,,,,54.9,,,,,,53.1
REC00307,Data Analyst,Public Health,Statistics Division,Master,0,63.1,61.0,87.5,72.4,5,71.1,Intermediate,,,,,,,,,69.0,,53.7,,,,,,,,,,,,,,,,,,,,,,,,,,,,,,,,76.0,,51.5,60.6
REC00308,Research Officer,Cybersecurity,Statistics Division,Master,1,69.4,63.8,78.3,75.7,1,68.5,Intermediate,,,,,,,,,61.7,,64.6,,,,,,,,,,,,,,,,,,,,,,,,,,,,,64.9,62.5,,,,,64.3
REC00309,Policy Analyst,Public Health,DIID,PhD,11,62.2,13.8,73.9,80.4,3,67.9,Intermediate,,,,,,,,,61.5,,,,,,,,,,,,,,,,,,,,,,,,,63.1,,,,,,63.7,72.1,,,,,76.9
REC00310,HR Officer,Administration,Statistics Division,Bachelor,11,45.4,38.0,69.1,75.7,2,63.6,Developing,,,,,,,51.3,,75.5,,,,,,,,,,,,,,56.2,,,63.4,,,,,,,,,,,,,,64.7,,,,,,
REC00311,Finance Officer,Economics,MoSPI,Bachelor,6,51.4,28.7,87.7,100.0,1,79.6,Intermediate,81.2,,,,,,,,,,68.2,,,,,,,,74.1,85.1,,,,,,,,,,,,,,,,,,,,,,,,,,72.9
REC00312,Policy Analyst,Administration,Policy,Master,5,50.9,54.6,71.5,73.5,1,64.0,Developing,,,,,,,,,55.9,,,,,,,,,,,,,,,,,,,,,,,,,66.5,,,,,,62.1,65.4,,,,,59.5
REC00313,Administrative Officer,Agriculture,Policy,Master,5,43.8,61.5,91.8,79.0,1,75.2,Intermediate,,64.8,,,,,71.4,,71.4,,,,,,,,,,,,,,,,,,,,,,,,,,,,67.5,,,61.7,,,,,,
REC00314,Database Administrator,Artificial Intelligence,DIID,Master,9,73.3,41.1,74.8,38.8,8,56.8,Developing,,,,,,,,,,58.0,,62.8,,,,,,,,,,,,,,,,,,,,,,,,48.8,,,47.2,,,,53.7,,,
REC00315,Environmental Officer,Administration,Statistics Division,PhD,3,49.8,45.1,55.6,93.7,3,61.7,Developing,,,,,,,,,58.0,,,,,,,,65.8,,,,63.7,,,,,,,,,,,,,,,,,,,55.6,,,,,,74.3
REC00316,Administrative Officer,Public Health,Statistics Division,Bachelor,6,87.7,41.9,55.3,67.9,1,56.1,Developing,,53.0,,,,,74.3,,45.8,,,,,,,,,,,,,,,,,,,,,,,,,,,,57.7,,,55.0,,,,,,
REC00317,Administrative Officer,Public Policy,IT,Master,10,42.0,45.4,77.5,80.5,2,68.8,Intermediate,,66.8,,,,,58.1,,62.1,,,,,,,,,,,,,,,,,,,,,,,,,,,,68.1,,,64.8,,,,,,
REC00318,Agriculture Officer,Public Policy,IT,Bachelor,1,41.8,34.5,54.5,58.6,5,49.1,Beginner,,,40.6,,,,,,54.0,,,,,,,,,,,,51.8,,,,,,,,,,,,,,,,,,,49.8,,,,,,40.1
REC00319,AI Engineer,Data Science,Research,Master,0,53.6,44.1,84.3,77.3,6,70.0,Intermediate,,,,,,,,,,,,,58.5,,,,,,,,,,,,,,,,,63.0,,67.0,,,,,,,60.3,,,,,59.5,,
REC00320,Cybersecurity Analyst,Economics,IT,Master,3,69.1,95.9,86.8,76.1,4,75.3,Intermediate,,,,,,,,83.5,62.7,,,,,,,,,,,,,,,,,,,,,,,,81.9,,,,,,77.0,,,74.9,,,,
REC00321,Administrative Officer,Artificial Intelligence,Research,Master,0,56.5,52.1,83.1,79.0,4,71.0,Intermediate,,60.2,,,,,71.6,,73.2,,,,,,,,,,,,,,,,,,,,,,,,,,,,69.6,,,61.1,,,,,,
REC00322,Biotechnology Faculty,Public Policy,DIID,Bachelor,7,49.3,48.1,98.8,53.9,2,72.5,Intermediate,,,,,61.3,,,,79.1,,,,,,,,,,,,,60.0,,,73.2,,,,,,69.3,,,,,,,,,,,,,,,
REC00323,Software Engineer,Data Science,DIID,Bachelor,2,102.4,44.5,76.2,95.7,1,74.7,Intermediate,,,,,,,,,,,,,,,,,,,,,,,,72.6,,,,,,,,,,,,76.7,,,74.1,,,,64.4,64.1,,
REC00324,Agriculture Officer,Statistics,Data & Analytics,Master,16,70.2,32.8,96.2,86.9,2,82.9,Advanced,,,78.5,,,,,,84.0,,,,,,,,,,,,88.0,,,,,,,,,,,,,,,,,,,65.2,,,,,,86.2
REC00325,Project Manager,Artificial Intelligence,MoSPI,Master,10,50.6,67.1,66.4,74.8,4,63.6,Developing,,,,,,,64.3,,54.8,,,,,,,,,,,,,,,,,,74.0,,,,,,,,,69.9,65.0,,,,,,,,,
REC00326,Research Officer,Environment,Administration,PhD,8,65.1,16.0,78.6,76.8,1,68.4,Intermediate,,,,,,,,,67.0,,59.5,,,,,,,,,,,,,,,,,,,,,,,,,,,,,63.3,73.5,,,,,55.2
REC00327,Data Analyst,Finance,Research,PhD,11,62.6,16.6,77.4,87.0,4,71.9,Intermediate,,,,,,,,,64.9,,69.2,,,,,,,,,,,,,,,,,,,,,,,,,,,,,,,,63.3,,81.1,80.7
REC00328,Cybersecurity Analyst,Public Policy,Statistics Division,Bachelor,15,81.8,51.6,79.2,70.2,3,70.4,Intermediate,,,,,,,,66.0,76.8,,,,,,,,,,,,,,,,,,,,,,,,66.5,,,,,,75.2,,,63.6,,,,
REC00329,Biotechnology Faculty,Biotechnology,DIID,Bachelor,8,86.2,37.6,62.0,73.5,2,60.5,Developing,,,,,60.3,,,,61.3,,,,,,,,,,,,,52.5,,,62.6,,,,,,46.9,,,,,,,,,,,,,,,
REC00330,Economist,Data Science,IT,Bachelor,12,95.1,33.9,75.5,88.1,4,73.2,Intermediate,,,,,,,,,79.0,,,,,62.4,75.4,,,,,,,,,,,,,,,,,,,,,,,,,66.2,,,,,,73.5
REC00331,Finance Officer,Public Policy,Statistics Division,Master,13,84.5,33.0,90.7,74.6,2,76.3,Intermediate,77.2,,,,,,,,,,72.9,,,,,,,,67.4,71.9,,,,,,,,,,,,,,,,,,,,,,,,,,67.8
REC00332,Legal Officer,Agriculture,Data & Analytics,Bachelor,0,21.1,25.2,83.1,57.5,2,61.6,Developing,,,,,,,45.9,,,,,,,,,,,,,,,,,,,,,,58.6,,,,,55.1,,,,,,60.3,,54.8,,,,
REC00333,Research Officer,Administration,IT,PhD,3,50.3,39.6,88.9,74.9,5,73.0,Intermediate,,,,,,,,,72.8,,65.4,,,,,,,,,,,,,,,,,,,,,,,,,,,,,70.4,70.9,,,,,75.5
REC00334,Finance Officer,Data Science,Training,Master,2,66.7,60.6,91.3,78.7,4,75.8,Intermediate,64.6,,,,,,,,,,63.9,,,,,,,,77.0,63.3,,,,,,,,,,,,,,,,,,,,,,,,,,75.2
REC00335,Environmental Officer,Public Policy,Data & Analytics,Master,4,84.2,79.7,84.9,86.1,1,76.1,Intermediate,,,,,,,,,72.0,,,,,,,,68.4,,,,57.0,,,,,,,,,,,,,,,,,,,69.6,,,,,,71.7
REC00336,Public Health Officer,Public Health,Administration,Bachelor,3,66.9,13.3,64.8,67.7,2,57.2,Developing,,,,,,49.2,,,44.2,,,,,,,,,46.2,,,,,,,,,,,,,,,,,,,,54.0,,55.8,,,,,,
REC00337,Agriculture Officer,Education,DIID,Master,7,87.7,45.8,58.2,68.7,3,57.6,Developing,,,48.6,,,,,,60.0,,,,,,,,,,,,49.9,,,,,,,,,,,,,,,,,,,61.5,,,,,,60.3
REC00338,Research Officer,Education,Administration,Bachelor,9,58.0,53.6,75.9,65.5,6,64.6,Developing,,,,,,,,,64.8,,53.8,,,,,,,,,,,,,,,,,,,,,,,,,,,,,66.4,63.1,,,,,53.7
REC00339,Data Scientist,Environment,MoSPI,PhD,15,96.7,65.0,84.7,66.4,1,73.1,Intermediate,,,,,,,,,72.3,,72.9,,,,,,,,,,,,,,,,,,,70.0,,,,,,,,,75.1,,,,,,,66.8
REC00340,Research Officer,Public Policy,Research,Master,0,54.1,23.7,100.0,78.1,1,78.2,Intermediate,,,,,,,,,68.9,,75.9,,,,,,,,,,,,,,,,,,,,,,,,,,,,,71.2,61.3,,,,,79.2
REC00341,Education Officer,Cybersecurity,Statistics Division,Bachelor,0,69.7,40.3,71.8,78.8,2,65.3,Intermediate,,,,70.8,,,56.4,,52.9,,,,,,,63.7,,,,,,,,,,,,61.4,,,,,,,,,,,,,,,,,,
REC00342,Data Analyst,Public Policy,MoSPI,PhD,6,58.4,50.5,77.1,86.3,3,71.7,Intermediate,,,,,,,,,65.1,,79.3,,,,,,,,,,,,,,,,,,,,,,,,,,,,,,,,71.9,,76.9,69.5
REC00343,Data Analyst,Cybersecurity,Statistics Division,Master,6,52.2,50.1,76.0,76.7,1,67.5,Intermediate,,,,,,,,,74.0,,69.2,,,,,,,,,,,,,,,,,,,,,,,,,,,,,,,,63.1,,61.1,59.0
REC00344,Environmental Officer,Economics,Administration,Master,9,67.2,39.5,84.7,53.7,4,65.7,Intermediate,,,,,,,,,72.2,,,,,,,,66.3,,,,47.6,,,,,,,,,,,,,,,,,,,42.2,,,,,,75.0
REC00345,Education Officer,Education,MoSPI,Bachelor,6,66.8,55.5,89.2,79.6,2,75.5,Intermediate,,,,79.2,,,60.7,,57.4,,,,,,,83.6,,,,,,,,,,,,65.4,,,,,,,,,,,,,,,,,,
REC00346,Public Health Officer,Education,Policy,PhD,8,78.1,46.9,83.9,69.1,3,71.0,Intermediate,,,,,,68.3,,,64.7,,,,,,,,,69.2,,,,,,,,,,,,,,,,,,,,68.6,,73.6,,,,,,
REC00347,Biotechnology Faculty,Education,Data & Analytics,Master,8,46.8,47.5,81.7,66.5,2,67.0,Intermediate,,,,,66.2,,,,69.5,,,,,,,,,,,,,52.0,,,65.1,,,,,,60.0,,,,,,,,,,,,,,,
REC00348,Policy Analyst,Economics,Data & Analytics,Master,5,33.1,58.9,52.8,91.8,2,59.7,Developing,,,,,,,,,68.1,,,,,,,,,,,,,,,,,,,,,,,,,55.6,,,,,,73.5,62.7,,,,,56.2
REC00349,Software Engineer,Artificial Intelligence,Administration,Bachelor,5,14.4,42.6,69.5,85.3,2,64.4,Developing,,,,,,,,,,,,,,,,,,,,,,,,64.0,,,,,,,,,,,,67.0,,,68.0,,,,62.1,55.4,,
REC00350,Research Officer,Administration,Policy,PhD,19,77.7,65.0,81.6,73.0,3,73.5,Intermediate,,,,,,,,,74.0,,68.8,,,,,,,,,,,,,,,,,,,,,,,,,,,,,60.6,73.7,,,,,94.9
REC00351,Finance Officer,Public Policy,IT,Master,0,45.7,36.4,88.3,72.2,1,70.7,Intermediate,51.3,,,,,,,,,,71.7,,,,,,,,69.2,68.4,,,,,,,,,,,,,,,,,,,,,,,,,,71.7
REC00352,Data Scientist,Computer Science,Statistics Division,Master,9,23.0,33.8,57.0,62.5,2,51.6,Developing,,,,,,,,,44.2,,48.8,,,,,,,,,,,,,,,,,,,51.8,,,,,,,,,58.2,,,,,,,44.0
REC00353,Biotechnology Faculty,Education,Training,PhD,0,57.5,39.2,65.2,97.7,3,67.3,Intermediate,,,,,66.6,,,,70.2,,,,,,,,,,,,,70.9,,,62.1,,,,,,63.5,,,,,,,,,,,,,,,
REC00354,Research Officer,Biotechnology,Research,Bachelor,7,87.8,28.9,69.5,73.2,2,64.5,Developing,,,,,,,,,53.9,,69.9,,,,,,,,,,,,,,,,,,,,,,,,,,,,,55.1,64.0,,,,,72.6
REC00355,Public Health Officer,Education,IT,Bachelor,7,83.7,85.0,64.6,81.5,3,65.9,Intermediate,,,,,,70.1,,,73.0,,,,,,,,,55.4,,,,,,,,,,,,,,,,,,,,63.0,,62.6,,,,,,
REC00356,Statistical Officer,Agriculture,Statistics Division,Master,4,94.6,66.9,81.2,84.0,1,74.6,Intermediate,,,,,,,,,73.8,,73.1,,,,,,,,,,,,,,,,,,,,,,,,68.8,,,,,,,,,,68.0,72.6
REC00357,Software Engineer,Computer Science,Administration,Bachelor,7,17.4,72.3,79.9,83.7,4,70.0,Intermediate,,,,,,,,,,,,,,,,,,,,,,,,67.1,,,,,,,,,,,,62.9,,,62.6,,,,54.4,74.8,,
REC00358,Environmental Officer,Economics,Data & Analytics,Master,4,52.8,54.2,79.7,91.9,2,73.7,Intermediate,,,,,,,,,74.0,,,,,,,,69.2,,,,77.0,,,,,,,,,,,,,,,,,,,59.3,,,,,,76.6
REC00359,Biotechnology Faculty,Administration,IT,Master,5,54.5,61.6,88.1,90.7,2,77.4,Intermediate,,,,,69.5,,,,71.8,,,,,,,,,,,,,77.1,,,62.2,,,,,,70.5,,,,,,,,,,,,,,,
REC00360,Cybersecurity Analyst,Public Policy,Policy,Master,17,132.9,44.0,85.1,83.2,1,80.2,Advanced,,,,,,,,72.5,85.0,,,,,,,,,,,,,,,,,,,,,,,,86.0,,,,,,85.2,,,74.5,,,,
REC00361,Public Health Officer,Data Science,Administration,PhD,6,91.2,66.3,80.8,100.0,2,79.9,Intermediate,,,,,,84.2,,,76.1,,,,,,,,,89.9,,,,,,,,,,,,,,,,,,,,74.4,,79.9,,,,,,
REC00362,Policy Analyst,Education,Data & Analytics,Bachelor,9,55.8,69.7,74.3,76.5,3,68.5,Intermediate,,,,,,,,,67.5,,,,,,,,,,,,,,,,,,,,,,,,,75.6,,,,,,65.0,70.1,,,,,77.4
REC00363,Biotechnology Faculty,Biotechnology,MoSPI,PhD,8,64.0,42.4,81.6,71.3,3,69.3,Intermediate,,,,,71.5,,,,66.4,,,,,,,,,,,,,64.5,,,69.4,,,,,,58.5,,,,,,,,,,,,,,,
REC00364,Economist,Data Science,Policy,Master,5,20.1,46.5,59.1,56.3,1,49.6,Beginner,,,,,,,,,53.1,,,,,52.8,38.1,,,,,,,,,,,,,,,,,,,,,,,,,29.0,,,,,,35.6
REC00365,Research Officer,Public Policy,Research,Master,0,25.5,2.3,83.6,100.0,2,73.8,Intermediate,,,,,,,,,67.3,,71.9,,,,,,,,,,,,,,,,,,,,,,,,,,,,,60.1,65.0,,,,,69.4
REC00366,Education Officer,Public Policy,Policy,PhD,4,88.1,70.3,74.5,100.0,1,76.0,Intermediate,,,,83.4,,,73.9,,75.7,,,,,,,73.5,,,,,,,,,,,,71.3,,,,,,,,,,,,,,,,,,
REC00367,Biotechnology Faculty,Data Science,Statistics Division,Bachelor,13,62.3,24.5,71.6,69.0,1,63.2,Developing,,,,,43.4,,,,59.7,,,,,,,,,,,,,65.7,,,64.8,,,,,,59.3,,,,,,,,,,,,,,,
REC00368,Public Health Officer,Public Policy,Statistics Division,Bachelor,4,73.3,33.8,77.6,70.8,1,66.6,Intermediate,,,,,,62.9,,,51.8,,,,,,,,,72.8,,,,,,,,,,,,,,,,,,,,63.1,,61.1,,,,,,
REC00369,Public Health Officer,Public Policy,MoSPI,Master,10,77.0,46.4,65.5,58.2,1,58.2,Developing,,,,,,61.6,,,56.6,,,,,,,,,61.2,,,,,,,,,,,,,,,,,,,,50.2,,49.4,,,,,,
REC00370,Finance Officer,Environment,Data & Analytics,PhD,12,66.9,55.9,57.6,74.4,4,59.5,Developing,61.4,,,,,,,,,,61.7,,,,,,,,69.0,43.5,,,,,,,,,,,,,,,,,,,,,,,,,,70.3
REC00371,Statistical Officer,Statistics,Training,PhD,3,63.0,77.7,64.2,83.6,4,64.3,Developing,,,,,,,,,68.3,,61.4,,,,,,,,,,,,,,,,,,,,,,,,58.8,,,,,,,,,,57.4,68.7
REC00372,Research Officer,Administration,Research,Master,16,91.2,49.3,74.4,65.6,1,67.3,Intermediate,,,,,,,,,69.0,,68.0,,,,,,,,,,,,,,,,,,,,,,,,,,,,,77.0,66.6,,,,,59.4
REC00373,Biotechnology Faculty,Biotechnology,IT,Bachelor,10,43.8,52.9,63.2,56.7,2,55.4,Developing,,,,,68.3,,,,48.2,,,,,,,,,,,,,47.7,,,43.8,,,,,,68.3,,,,,,,,,,,,,,,
REC00374,Project Manager,Administration,Policy,Master,1,16.8,61.4,80.5,78.8,3,68.1,Intermediate,,,,,,,67.0,,57.8,,,,,,,,,,,,,,,,,,70.8,,,,,,,,,70.6,60.1,,,,,,,,,
REC00375,AI Engineer,Artificial Intelligence,Administration,PhD,6,41.4,45.0,67.6,95.5,3,67.4,Intermediate,,,,,,,,,,,,,63.5,,,,,,,,,,,,,,,,,63.1,,66.1,,,,,,,60.0,,,,,60.1,,
REC00376,Project Manager,Public Policy,Policy,PhD,0,34.4,53.6,66.1,96.7,1,66.4,Intermediate,,,,,,,52.6,,71.8,,,,,,,,,,,,,,,,,,68.3,,,,,,,,,66.2,60.8,,,,,,,,,
REC00377,AI Engineer,Cybersecurity,Policy,Master,6,76.6,48.8,58.1,85.2,7,61.2,Developing,,,,,,,,,,,,,56.2,,,,,,,,,,,,,,,,,56.7,,55.1,,,,,,,66.5,,,,,45.4,,
REC00378,Policy Analyst,Administration,Research,Bachelor,5,37.4,65.8,59.6,69.6,2,56.3,Developing,,,,,,,,,57.1,,,,,,,,,,,,,,,,,,,,,,,,,47.8,,,,,,55.6,50.6,,,,,62.0
REC00379,Data Analyst,Agriculture,Research,Master,15,89.7,83.7,48.3,78.1,2,58.3,Developing,,,,,,,,,72.7,,62.4,,,,,,,,,,,,,,,,,,,,,,,,,,,,,,,,60.9,,55.3,52.3
REC00380,Project Manager,Education,Administration,Master,7,16.3,12.3,69.2,84.2,6,63.0,Developing,,,,,,,55.7,,62.8,,,,,,,,,,,,,,,,,,57.9,,,,,,,,,64.8,57.3,,,,,,,,,
REC00381,Cybersecurity Analyst,Agriculture,Statistics Division,PhD,2,52.0,45.2,90.9,61.9,3,69.6,Intermediate,,,,,,,,58.2,59.2,,,,,,,,,,,,,,,,,,,,,,,,70.8,,,,,,59.2,,,72.1,,,,
REC00382,Public Health Officer,Cybersecurity,Statistics Division,Bachelor,10,64.8,35.8,69.2,87.4,5,67.7,Intermediate,,,,,,71.4,,,60.5,,,,,,,,,64.9,,,,,,,,,,,,,,,,,,,,64.3,,65.2,,,,,,
REC00383,Administrative Officer,Public Policy,DIID,Master,6,53.6,23.6,72.0,71.6,2,63.5,Developing,,58.2,,,,,55.1,,67.0,,,,,,,,,,,,,,,,,,,,,,,,,,,,67.2,,,69.3,,,,,,
REC00384,Policy Analyst,Finance,Training,Bachelor,16,71.1,39.2,88.7,90.8,2,79.8,Intermediate,,,,,,,,,70.4,,,,,,,,,,,,,,,,,,,,,,,,,77.4,,,,,,80.6,73.4,,,,,69.5
REC00385,Database Administrator,Cybersecurity,Policy,Bachelor,3,25.8,35.3,77.5,85.5,2,69.0,Intermediate,,,,,,,,,,62.6,,85.2,,,,,,,,,,,,,,,,,,,,,,,,68.7,,,62.7,,,,67.3,,,
REC00386,Cybersecurity Analyst,Artificial Intelligence,Training,PhD,0,101.6,59.6,81.5,61.1,4,67.1,Intermediate,,,,,,,,58.2,58.1,,,,,,,,,,,,,,,,,,,,,,,,72.5,,,,,,62.8,,,54.0,,,,
REC00387,Public Health Officer,Agriculture,Administration,Master,0,66.6,35.9,65.9,93.7,3,66.1,Intermediate,,,,,,76.4,,,49.4,,,,,,,,,50.4,,,,,,,,,,,,,,,,,,,,59.3,,70.6,,,,,,
REC00388,Administrative Officer,Environment,Training,Bachelor,13,77.5,78.6,85.6,100.0,6,83.0,Advanced,,77.6,,,,,83.1,,99.1,,,,,,,,,,,,,,,,,,,,,,,,,,,,78.1,,,80.3,,,,,,
REC00389,Software Engineer,Cybersecurity,MoSPI,PhD,8,64.6,21.9,73.2,52.0,6,58.5,Developing,,,,,,,,,,,,,,,,,,,,,,,,48.6,,,,,,,,,,,,56.7,,,58.6,,,,47.3,62.6,,
REC00390,Research Officer,Education,DIID,Bachelor,7,41.0,63.6,99.6,65.5,3,76.6,Intermediate,,,,,,,,,84.3,,71.7,,,,,,,,,,,,,,,,,,,,,,,,,,,,,69.6,78.9,,,,,65.5
REC00391,Policy Analyst,Data Science,Administration,PhD,5,32.9,47.6,62.3,92.8,2,63.4,Developing,,,,,,,,,49.0,,,,,,,,,,,,,,,,,,,,,,,,,56.8,,,,,,63.7,66.2,,,,,62.4
REC00392,Data Scientist,Statistics,Policy,Master,2,23.2,58.1,78.0,97.3,2,72.6,Intermediate,,,,,,,,,68.5,,82.0,,,,,,,,,,,,,,,,,,,71.3,,,,,,,,,68.1,,,,,,,58.8
REC00393,Research Officer,Finance,Data & Analytics,Bachelor,12,46.4,27.2,85.9,88.8,6,75.8,Intermediate,,,,,,,,,72.4,,69.7,,,,,,,,,,,,,,,,,,,,,,,,,,,,,64.8,84.2,,,,,67.3
REC00394,Education Officer,Administration,Training,Bachelor,13,112.6,67.8,79.2,79.8,4,74.6,Intermediate,,,,81.8,,,66.7,,71.2,,,,,,,65.1,,,,,,,,,,,,74.4,,,,,,,,,,,,,,,,,,
REC00395,Finance Officer,Statistics,DIID,Bachelor,14,77.5,61.1,90.2,91.9,1,82.8,Advanced,88.3,,,,,,,,,,91.7,,,,,,,,79.8,80.8,,,,,,,,,,,,,,,,,,,,,,,,,,79.0
REC00396,Administrative Officer,Environment,DIID,PhD,4,70.6,52.6,78.4,70.5,1,67.4,Intermediate,,58.5,,,,,64.1,,65.1,,,,,,,,,,,,,,,,,,,,,,,,,,,,69.5,,,60.6,,,,,,
REC00397,AI Engineer,Data Science,Training,Master,11,83.6,61.0,79.2,61.4,1,67.6,Intermediate,,,,,,,,,,,,,66.6,,,,,,,,,,,,,,,,,69.9,,66.0,,,,,,,75.1,,,,,57.9,,
REC00398,Policy Analyst,Environment,Data & Analytics,Bachelor,6,45.0,31.3,71.5,70.3,5,61.6,Developing,,,,,,,,,65.2,,,,,,,,,,,,,,,,,,,,,,,,,52.8,,,,,,50.5,55.2,,,,,52.8
REC00399,Public Health Officer,Cybersecurity,IT,PhD,7,58.1,78.0,85.9,80.3,3,74.9,Intermediate,,,,,,78.8,,,68.1,,,,,,,,,73.2,,,,,,,,,,,,,,,,,,,,72.8,,67.5,,,,,,
REC00400,Cybersecurity Analyst,Public Health,MoSPI,Master,3,48.0,24.8,50.1,53.7,5,46.1,Beginner,,,,,,,,46.8,49.0,,,,,,,,,,,,,,,,,,,,,,,,44.0,,,,,,50.3,,,45.2,,,,
REC00401,Public Health Officer,Economics,Training,Master,0,38.3,17.8,85.4,91.5,2,73.2,Intermediate,,,,,,64.3,,,55.6,,,,,,,,,64.8,,,,,,,,,,,,,,,,,,,,71.0,,71.2,,,,,,
REC00402,Cybersecurity Analyst,Cybersecurity,Statistics Division,Master,6,94.1,53.6,42.5,64.6,3,48.7,Beginner,,,,,,,,48.7,45.1,,,,,,,,,,,,,,,,,,,,,,,,52.7,,,,,,46.6,,,47.1,,,,
REC00403,Research Officer,Environment,Statistics Division,PhD,0,35.1,56.3,86.5,78.5,1,71.4,Intermediate,,,,,,,,,74.9,,58.1,,,,,,,,,,,,,,,,,,,,,,,,,,,,,76.6,61.2,,,,,57.4
REC00404,Data Analyst,Environment,MoSPI,Bachelor,9,27.7,30.2,81.0,47.1,1,59.9,Developing,,,,,,,,,54.5,,53.0,,,,,,,,,,,,,,,,,,,,,,,,,,,,,,,,57.5,,61.4,58.4
REC00405,AI Engineer,Cybersecurity,MoSPI,Master,7,96.8,45.0,86.5,93.3,5,79.8,Intermediate,,,,,,,,,,,,,76.7,,,,,,,,,,,,,,,,,79.6,,80.2,,,,,,,73.0,,,,,65.7,,
REC00406,HR Officer,Biotechnology,Data & Analytics,Master,10,10.0,33.5,61.9,70.5,1,56.2,Developing,,,,,,,54.2,,62.1,,,,,,,,,,,,,,55.0,,,50.3,,,,,,,,,,,,,,53.4,,,,,,
REC00407,Policy Analyst,Cybersecurity,Statistics Division,Master,14,57.4,40.6,77.2,82.7,2,70.5,Intermediate,,,,,,,,,59.4,,,,,,,,,,,,,,,,,,,,,,,,,66.3,,,,,,67.5,69.3,,,,,65.6
REC00408,Environmental Officer,Environment,Research,Master,10,77.2,33.6,74.7,69.3,2,65.3,Intermediate,,,,,,,,,68.1,,,,,,,,63.1,,,,50.8,,,,,,,,,,,,,,,,,,,59.1,,,,,,55.6
REC00409,Administrative Officer,Administration,Data & Analytics,Bachelor,1,77.2,65.4,68.7,71.6,4,62.8,Developing,,54.6,,,,,57.8,,56.7,,,,,,,,,,,,,,,,,,,,,,,,,,,,58.8,,,65.3,,,,,,
REC00410,Administrative Officer,Cybersecurity,IT,PhD,9,26.8,34.6,99.0,64.0,4,73.4,Intermediate,,58.8,,,,,65.7,,66.6,,,,,,,,,,,,,,,,,,,,,,,,,,,,74.2,,,56.4,,,,,,
REC00411,Economist,Economics,DIID,Bachelor,14,67.5,56.2,84.3,60.9,3,69.3,Intermediate,,,,,,,,,79.1,,,,,64.7,61.5,,,,,,,,,,,,,,,,,,,,,,,,,57.7,,,,,,73.6
REC00412,AI Engineer,Data Science,Statistics Division,Bachelor,6,49.4,60.2,84.3,93.0,6,76.5,Intermediate,,,,,,,,,,,,,83.5,,,,,,,,,,,,,,,,,72.6,,80.8,,,,,,,59.5,,,,,68.8,,
REC00413,Environmental Officer,Artificial Intelligence,Training,Bachelor,9,87.4,26.0,75.0,100.0,3,75.8,Intermediate,,,,,,,,,78.2,,,,,,,,75.3,,,,83.6,,,,,,,,,,,,,,,,,,,67.0,,,,,,75.9
REC00414,AI Engineer,Computer Science,Administration,Master,14,105.6,51.8,86.8,84.2,5,79.1,Intermediate,,,,,,,,,,,,,79.8,,,,,,,,,,,,,,,,,75.9,,73.2,,,,,,,80.5,,,,,67.9,,
REC00415,Public Health Officer,Artificial Intelligence,IT,Master,14,64.5,40.8,75.3,94.6,1,74.5,Intermediate,,,,,,84.2,,,62.1,,,,,,,,,71.5,,,,,,,,,,,,,,,,,,,,75.5,,86.4,,,,,,
REC00416,AI Engineer,Cybersecurity,Administration,Master,1,30.1,60.9,70.5,54.6,3,55.2,Developing,,,,,,,,,,,,,40.5,,,,,,,,,,,,,,,,,45.1,,48.3,,,,,,,50.2,,,,,42.6,,
REC00417,Software Engineer,Data Science,Administration,Master,10,72.8,77.0,68.7,77.2,3,66.8,Intermediate,,,,,,,,,,,,,,,,,,,,,,,,73.0,,,,,,,,,,,,70.4,,,62.3,,,,64.8,70.0,,
REC00418,Environmental Officer,Statistics,Administration,PhD,3,42.4,41.4,77.2,66.1,1,63.2,Developing,,,,,,,,,59.8,,,,,,,,59.1,,,,58.4,,,,,,,,,,,,,,,,,,,54.5,,,,,,55.0
REC00419,Data Scientist,Agriculture,Data & Analytics,PhD,1,70.3,17.9,76.5,89.1,7,70.2,Intermediate,,,,,,,,,73.6,,63.2,,,,,,,,,,,,,,,,,,,60.3,,,,,,,,,64.0,,,,,,,66.3
REC00420,Public Health Officer,Environment,Statistics Division,Master,10,57.8,4.5,84.4,71.2,3,69.2,Intermediate,,,,,,77.0,,,63.6,,,,,,,,,61.6,,,,,,,,,,,,,,,,,,,,54.7,,60.8,,,,,,
REC00421,Education Officer,Statistics,Data & Analytics,Bachelor,1,96.3,34.6,80.0,75.8,5,70.1,Intermediate,,,,53.8,,,63.2,,71.5,,,,,,,68.5,,,,,,,,,,,,72.0,,,,,,,,,,,,,,,,,,
REC00422,HR Officer,Agriculture,Statistics Division,Bachelor,0,25.7,38.3,65.2,70.1,3,56.6,Developing,,,,,,,53.9,,51.9,,,,,,,,,,,,,,51.2,,,45.5,,,,,,,,,,,,,,52.5,,,,,,
REC00423,Research Officer,Education,Data & Analytics,PhD,1,16.6,21.4,82.4,68.4,4,64.1,Developing,,,,,,,,,52.9,,52.2,,,,,,,,,,,,,,,,,,,,,,,,,,,,,61.3,67.5,,,,,50.6
REC00424,Environmental Officer,Cybersecurity,DIID,Master,7,110.2,67.8,85.1,70.9,5,73.9,Intermediate,,,,,,,,,69.0,,,,,,,,61.2,,,,60.4,,,,,,,,,,,,,,,,,,,77.7,,,,,,80.2
REC00425,Education Officer,Public Policy,Training,Bachelor,2,43.9,20.0,63.6,74.7,1,58.0,Developing,,,,63.6,,,48.4,,50.5,,,,,,,54.9,,,,,,,,,,,,49.7,,,,,,,,,,,,,,,,,,
REC00426,Cybersecurity Analyst,Biotechnology,Data & Analytics,Bachelor,2,36.7,57.2,76.7,73.2,4,66.0,Intermediate,,,,,,,,74.3,59.9,,,,,,,,,,,,,,,,,,,,,,,,68.0,,,,,,66.3,,,61.1,,,,
REC00427,Administrative Officer,Agriculture,Statistics Division,Master,10,60.8,41.9,48.7,97.8,3,61.1,Developing,,51.3,,,,,76.7,,67.6,,,,,,,,,,,,,,,,,,,,,,,,,,,,69.9,,,61.4,,,,,,
REC00428,Agriculture Officer,Artificial Intelligence,Training,PhD,14,85.3,27.6,86.1,100.0,2,81.1,Advanced,,,69.3,,,,,,80.7,,,,,,,,,,,,70.1,,,,,,,,,,,,,,,,,,,83.0,,,,,,70.2
REC00429,Data Analyst,Economics,Policy,Bachelor,0,52.4,53.5,68.8,72.6,3,60.8,Developing,,,,,,,,,47.2,,51.2,,,,,,,,,,,,,,,,,,,,,,,,,,,,,,,,56.0,,52.4,60.8
REC00430,Database Administrator,Computer Science,Administration,Bachelor,0,37.7,30.3,69.4,52.1,4,54.3,Developing,,,,,,,,,,49.6,,43.3,,,,,,,,,,,,,,,,,,,,,,,,57.5,,,49.8,,,,52.4,,,
REC00431,Environmental Officer,Environment,IT,Bachelor,10,97.8,50.5,93.9,80.9,1,80.9,Advanced,,,,,,,,,73.4,,,,,,,,75.0,,,,76.8,,,,,,,,,,,,,,,,,,,73.0,,,,,,88.0
REC00432,Agriculture Officer,Biotechnology,Policy,Master,2,20.6,2.9,73.2,85.1,2,64.8,Developing,,,62.2,,,,,,60.2,,,,,,,,,,,,65.2,,,,,,,,,,,,,,,,,,,61.9,,,,,,63.3
REC00433,Environmental Officer,Administration,MoSPI,Bachelor,9,82.8,42.1,55.7,100.0,5,65.6,Intermediate,,,,,,,,,49.0,,,,,,,,75.2,,,,70.7,,,,,,,,,,,,,,,,,,,63.6,,,,,,67.3
REC00434,Economist,Cybersecurity,Policy,Master,11,68.1,55.9,91.8,46.6,1,68.7,Intermediate,,,,,,,,,71.9,,,,,58.2,73.2,,,,,,,,,,,,,,,,,,,,,,,,,63.7,,,,,,67.0
REC00435,Project Manager,Education,Research,Bachelor,11,51.8,42.3,69.4,85.8,4,67.1,Intermediate,,,,,,,55.9,,67.8,,,,,,,,,,,,,,,,,,64.8,,,,,,,,,63.9,73.8,,,,,,,,,
REC00436,Agriculture Officer,Agriculture,Administration,Bachelor,9,58.9,49.9,74.8,80.4,3,68.6,Intermediate,,,74.1,,,,,,55.4,,,,,,,,,,,,65.1,,,,,,,,,,,,,,,,,,,67.3,,,,,,67.2
REC00437,Agriculture Officer,Administration,DIID,Bachelor,5,68.4,52.4,77.0,53.3,4,61.4,Developing,,,54.0,,,,,,58.8,,,,,,,,,,,,56.4,,,,,,,,,,,,,,,,,,,54.8,,,,,,57.9
REC00438,Database Administrator,Artificial Intelligence,Training,Bachelor,3,123.5,73.5,81.3,60.7,1,69.7,Intermediate,,,,,,,,,,62.1,,63.7,,,,,,,,,,,,,,,,,,,,,,,,69.1,,,76.4,,,,71.5,,,
REC00439,Economist,Administration,Data & Analytics,Bachelor,9,76.4,76.1,91.6,78.1,5,78.6,Intermediate,,,,,,,,,75.4,,,,,76.8,77.6,,,,,,,,,,,,,,,,,,,,,,,,,80.7,,,,,,72.3
REC00440,Software Engineer,Artificial Intelligence,Research,Master,0,41.9,33.1,70.7,66.9,5,59.4,Developing,,,,,,,,,,,,,,,,,,,,,,,,56.8,,,,,,,,,,,,55.8,,,53.1,,,,51.3,56.2,,
REC00441,AI Engineer,Cybersecurity,Training,Bachelor,3,31.1,21.7,65.7,64.4,5,56.1,Developing,,,,,,,,,,,,,57.2,,,,,,,,,,,,,,,,,57.1,,56.5,,,,,,,44.2,,,,,55.1,,
REC00442,AI Engineer,Artificial Intelligence,IT,Bachelor,2,65.8,42.0,65.2,74.3,2,59.7,Developing,,,,,,,,,,,,,45.9,,,,,,,,,,,,,,,,,46.5,,54.3,,,,,,,50.2,,,,,56.3,,
REC00443,Agriculture Officer,Economics,DIID,Bachelor,10,77.7,51.1,75.4,66.5,5,66.3,Intermediate,,,55.5,,,,,,66.0,,,,,,,,,,,,71.5,,,,,,,,,,,,,,,,,,,75.0,,,,,,58.6
REC00444,Cybersecurity Analyst,Environment,Research,Bachelor,5,34.3,21.7,78.7,41.5,2,55.7,Developing,,,,,,,,57.2,47.5,,,,,,,,,,,,,,,,,,,,,,,,47.3,,,,,,44.1,,,44.1,,,,
REC00445,Agriculture Officer,Data Science,Statistics Division,Master,7,95.8,38.3,68.4,95.5,4,71.4,Intermediate,,,70.6,,,,,,71.9,,,,,,,,,,,,80.7,,,,,,,,,,,,,,,,,,,70.9,,,,,,63.8
REC00446,Database Administrator,Data Science,Training,Master,0,22.6,31.9,63.8,97.9,2,63.9,Developing,,,,,,,,,,60.1,,68.6,,,,,,,,,,,,,,,,,,,,,,,,63.7,,,48.9,,,,56.7,,,
REC00447,Legal Officer,Cybersecurity,MoSPI,Bachelor,14,96.1,51.1,100.0,68.1,3,80.6,Advanced,,,,,,,77.1,,,,,,,,,,,,,,,,,,,,,,74.9,,,,,76.9,,,,,,77.7,,72.4,,,,
REC00448,Environmental Officer,Finance,Statistics Division,Bachelor,6,64.1,41.8,53.5,65.1,4,52.0,Developing,,,,,,,,,44.2,,,,,,,,50.6,,,,49.6,,,,,,,,,,,,,,,,,,,48.8,,,,,,42.2
REC00449,Agriculture Officer,Environment,Training,PhD,1,65.3,56.4,88.9,91.5,1,79.3,Intermediate,,,80.8,,,,,,90.2,,,,,,,,,,,,70.2,,,,,,,,,,,,,,,,,,,86.6,,,,,,73.2
REC00450,Statistical Officer,Cybersecurity,MoSPI,Master,15,64.3,56.1,66.9,60.9,3,61.1,Developing,,,,,,,,,63.6,,64.3,,,,,,,,,,,,,,,,,,,,,,,,57.5,,,,,,,,,,69.5,68.9
REC00451,Agriculture Officer,Agriculture,Training,Bachelor,0,49.4,36.9,59.6,73.9,4,56.5,Developing,,,61.1,,,,,,53.0,,,,,,,,,,,,49.4,,,,,,,,,,,,,,,,,,,55.7,,,,,,52.2
REC00452,Policy Analyst,Public Health,Administration,Bachelor,10,34.6,27.8,65.4,70.6,1,58.5,Developing,,,,,,,,,56.0,,,,,,,,,,,,,,,,,,,,,,,,,47.1,,,,,,57.0,50.9,,,,,54.7
REC00453,Research Officer,Cybersecurity,Data & Analytics,Master,12,84.3,49.7,81.2,59.5,2,67.7,Intermediate,,,,,,,,,64.8,,71.0,,,,,,,,,,,,,,,,,,,,,,,,,,,,,68.7,55.3,,,,,67.3
REC00454,Finance Officer,Environment,Data & Analytics,PhD,7,26.4,32.5,63.3,100.0,6,65.1,Intermediate,51.0,,,,,,,,,,58.0,,,,,,,,61.7,69.7,,,,,,,,,,,,,,,,,,,,,,,,,,54.0
REC00455,Database Administrator,Cybersecurity,Research,Master,0,41.7,43.5,78.3,73.9,5,65.8,Intermediate,,,,,,,,,,65.8,,70.6,,,,,,,,,,,,,,,,,,,,,,,,45.2,,,53.7,,,,70.0,,,
REC00456,Research Officer,Public Health,DIID,Bachelor,3,32.0,21.3,67.5,78.1,4,59.8,Developing,,,,,,,,,48.5,,45.4,,,,,,,,,,,,,,,,,,,,,,,,,,,,,61.6,39.9,,,,,56.3
REC00457,Data Analyst,Statistics,IT,Bachelor,8,48.3,47.4,67.8,73.2,4,62.4,Developing,,,,,,,,,56.9,,65.6,,,,,,,,,,,,,,,,,,,,,,,,,,,,,,,,65.3,,60.8,62.8
REC00458,Environmental Officer,Artificial Intelligence,DIID,Master,3,77.9,52.2,82.1,61.7,4,66.5,Intermediate,,,,,,,,,65.3,,,,,,,,40.9,,,,64.4,,,,,,,,,,,,,,,,,,,68.7,,,,,,59.3
REC00459,Data Analyst,Agriculture,MoSPI,PhD,6,52.5,26.8,59.7,49.7,2,49.2,Beginner,,,,,,,,,34.4,,53.5,,,,,,,,,,,,,,,,,,,,,,,,,,,,,,,,43.0,,31.7,43.3
REC00460,Statistical Officer,Data Science,Data & Analytics,Bachelor,8,20.6,23.5,64.8,61.9,2,55.2,Developing,,,,,,,,,50.9,,57.4,,,,,,,,,,,,,,,,,,,,,,,,58.6,,,,,,,,,,50.7,53.0
REC00461,Economist,Artificial Intelligence,Training,Master,0,53.3,35.5,77.3,78.4,2,66.8,Intermediate,,,,,,,,,56.8,,,,,65.5,59.1,,,,,,,,,,,,,,,,,,,,,,,,,50.8,,,,,,73.4
REC00462,Cybersecurity Analyst,Artificial Intelligence,MoSPI,PhD,9,70.2,32.9,61.2,73.3,2,59.7,Developing,,,,,,,,47.4,55.6,,,,,,,,,,,,,,,,,,,,,,,,68.3,,,,,,59.3,,,62.5,,,,
REC00463,Statistical Officer,Finance,IT,Master,8,63.9,48.4,84.2,84.9,4,74.0,Intermediate,,,,,,,,,68.4,,67.5,,,,,,,,,,,,,,,,,,,,,,,,65.3,,,,,,,,,,60.7,66.6
REC00464,Database Administrator,Data Science,IT,Bachelor,13,13.8,40.2,84.1,65.1,2,67.6,Intermediate,,,,,,,,,,63.9,,73.4,,,,,,,,,,,,,,,,,,,,,,,,70.6,,,71.6,,,,63.9,,,
REC00465,Database Administrator,Data Science,IT,Bachelor,0,34.9,21.0,80.0,58.2,4,60.2,Developing,,,,,,,,,,54.2,,45.2,,,,,,,,,,,,,,,,,,,,,,,,51.6,,,46.8,,,,54.0,,,
REC00466,Education Officer,Environment,Research,Master,0,44.8,38.7,65.3,81.3,4,61.2,Developing,,,,53.4,,,52.3,,46.2,,,,,,,65.3,,,,,,,,,,,,66.3,,,,,,,,,,,,,,,,,,
REC00467,Public Health Officer,Environment,Training,Bachelor,5,71.5,52.8,71.9,72.8,3,64.5,Developing,,,,,,59.5,,,68.8,,,,,,,,,60.3,,,,,,,,,,,,,,,,,,,,48.7,,59.0,,,,,,
REC00468,Finance Officer,Environment,Statistics Division,PhD,6,71.6,42.6,70.6,78.3,3,65.3,Intermediate,46.9,,,,,,,,,,49.1,,,,,,,,61.3,70.9,,,,,,,,,,,,,,,,,,,,,,,,,,71.9
REC00469,Software Engineer,Artificial Intelligence,IT,PhD,0,43.6,24.3,79.3,64.3,2,62.4,Developing,,,,,,,,,,,,,,,,,,,,,,,,62.9,,,,,,,,,,,,52.8,,,51.1,,,,52.2,50.5,,
REC00470,Project Manager,Statistics,Statistics Division,Bachelor,3,98.1,70.1,77.8,92.6,1,74.9,Intermediate,,,,,,,62.9,,69.0,,,,,,,,,,,,,,,,,,70.4,,,,,,,,,67.5,72.1,,,,,,,,,
REC00471,Biotechnology Faculty,Environment,Data & Analytics,Bachelor,5,52.4,20.3,52.0,63.7,5,50.0,Beginner,,,,,52.7,,,,42.7,,,,,,,,,,,,,52.2,,,53.6,,,,,,39.0,,,,,,,,,,,,,,,
REC00472,Policy Analyst,Public Policy,Administration,Master,10,60.1,46.4,47.8,71.4,2,52.3,Developing,,,,,,,,,48.1,,,,,,,,,,,,,,,,,,,,,,,,,48.1,,,,,,62.4,59.3,,,,,45.7
REC00473,AI Engineer,Artificial Intelligence,Training,Bachelor,3,79.7,29.0,88.0,73.8,4,73.1,Intermediate,,,,,,,,,,,,,76.7,,,,,,,,,,,,,,,,,64.7,,70.8,,,,,,,77.6,,,,,58.7,,
REC00474,Biotechnology Faculty,Environment,Data & Analytics,Master,2,82.1,44.0,62.5,89.1,1,64.3,Developing,,,,,65.1,,,,64.2,,,,,,,,,,,,,56.9,,,46.8,,,,,,65.0,,,,,,,,,,,,,,,
REC00475,Data Scientist,Biotechnology,Administration,Bachelor,5,68.7,36.8,59.4,59.5,4,53.9,Developing,,,,,,,,,52.5,,47.1,,,,,,,,,,,,,,,,,,,54.6,,,,,,,,,53.1,,,,,,,49.0
REC00476,Agriculture Officer,Public Policy,Policy,PhD,2,59.5,53.2,90.3,72.8,2,73.5,Intermediate,,,76.2,,,,,,65.9,,,,,,,,,,,,75.0,,,,,,,,,,,,,,,,,,,67.0,,,,,,63.8
REC00477,Finance Officer,Agriculture,Data & Analytics,Bachelor,19,81.6,47.5,86.0,82.8,11,77.9,Intermediate,67.7,,,,,,,,,,86.2,,,,,,,,69.8,84.3,,,,,,,,,,,,,,,,,,,,,,,,,,72.1
REC00478,Cybersecurity Analyst,Agriculture,MoSPI,Bachelor,11,36.7,20.3,60.0,84.9,2,60.2,Developing,,,,,,,,61.7,63.4,,,,,,,,,,,,,,,,,,,,,,,,51.9,,,,,,51.6,,,54.0,,,,
REC00479,Research Officer,Biotechnology,Administration,Master,10,75.3,63.8,94.2,76.7,4,80.0,Advanced,,,,,,,,,72.2,,90.1,,,,,,,,,,,,,,,,,,,,,,,,,,,,,89.7,83.3,,,,,73.9
REC00480,AI Engineer,Cybersecurity,Administration,Master,12,40.1,36.6,92.1,77.8,1,75.5,Intermediate,,,,,,,,,,,,,66.4,,,,,,,,,,,,,,,,,70.3,,78.1,,,,,,,54.9,,,,,78.6,,
REC00481,Finance Officer,Data Science,DIID,PhD,8,74.0,80.3,84.1,92.1,8,78.0,Intermediate,73.6,,,,,,,,,,75.0,,,,,,,,75.8,69.0,,,,,,,,,,,,,,,,,,,,,,,,,,67.5
REC00482,Policy Analyst,Artificial Intelligence,Research,PhD,6,52.7,43.1,74.5,66.4,4,63.4,Developing,,,,,,,,,60.0,,,,,,,,,,,,,,,,,,,,,,,,,55.5,,,,,,51.5,70.2,,,,,65.5
REC00483,Agriculture Officer,Administration,MoSPI,Master,3,20.6,27.9,79.6,70.3,3,64.4,Developing,,,49.7,,,,,,57.5,,,,,,,,,,,,73.3,,,,,,,,,,,,,,,,,,,55.3,,,,,,64.6
REC00484,Cybersecurity Analyst,Economics,MoSPI,Master,4,69.3,30.4,81.5,56.2,2,62.9,Developing,,,,,,,,57.2,54.9,,,,,,,,,,,,,,,,,,,,,,,,46.5,,,,,,50.6,,,53.6,,,,
REC00485,Biotechnology Faculty,Public Policy,DIID,Master,9,62.6,20.5,89.9,64.5,4,70.7,Intermediate,,,,,53.7,,,,60.1,,,,,,,,,,,,,61.4,,,71.5,,,,,,77.4,,,,,,,,,,,,,,,
REC00486,Agriculture Officer,Administration,Data & Analytics,PhD,4,66.1,54.4,83.7,73.1,1,70.3,Intermediate,,,65.1,,,,,,70.3,,,,,,,,,,,,66.4,,,,,,,,,,,,,,,,,,,63.3,,,,,,56.0
REC00487,Biotechnology Faculty,Economics,Statistics Division,Master,0,44.5,16.1,75.6,66.4,7,61.3,Developing,,,,,53.7,,,,49.3,,,,,,,,,,,,,48.5,,,59.4,,,,,,65.0,,,,,,,,,,,,,,,
REC00488,Policy Analyst,Cybersecurity,Data & Analytics,Master,9,77.5,75.3,96.1,74.7,3,79.7,Intermediate,,,,,,,,,70.1,,,,,,,,,,,,,,,,,,,,,,,,,77.6,,,,,,77.1,78.6,,,,,76.2
REC00489,Education Officer,Public Policy,IT,Master,6,48.9,82.1,76.3,65.0,4,65.7,Intermediate,,,,64.7,,,71.6,,65.3,,,,,,,66.0,,,,,,,,,,,,71.5,,,,,,,,,,,,,,,,,,
REC00490,Policy Analyst,Economics,MoSPI,Bachelor,0,27.5,43.0,68.9,48.3,6,52.9,Developing,,,,,,,,,58.7,,,,,,,,,,,,,,,,,,,,,,,,,59.1,,,,,,53.4,38.0,,,,,42.8
REC00491,Environmental Officer,Education,IT,Master,2,69.8,49.4,84.7,76.9,4,71.6,Intermediate,,,,,,,,,68.6,,,,,,,,55.3,,,,57.0,,,,,,,,,,,,,,,,,,,78.1,,,,,,65.7
REC00492,Legal Officer,Agriculture,Research,Master,10,53.5,28.7,81.0,37.1,2,58.4,Developing,,,,,,,57.8,,,,,,,,,,,,,,,,,,,,,,60.1,,,,,55.4,,,,,,51.7,,54.7,,,,
REC00493,Education Officer,Environment,Policy,Master,13,101.4,74.5,75.0,67.0,3,69.2,Intermediate,,,,71.9,,,78.9,,77.2,,,,,,,59.9,,,,,,,,,,,,72.5,,,,,,,,,,,,,,,,,,
REC00494,Project Manager,Economics,DIID,Master,17,77.7,86.6,97.7,86.5,4,86.3,Advanced,,,,,,,91.7,,81.6,,,,,,,,,,,,,,,,,,88.8,,,,,,,,,87.7,84.0,,,,,,,,,
REC00495,Data Analyst,Public Policy,Administration,Master,27,101.2,52.1,70.6,74.6,1,70.4,Intermediate,,,,,,,,,77.6,,67.8,,,,,,,,,,,,,,,,,,,,,,,,,,,,,,,,78.2,,60.4,81.3
REC00496,Environmental Officer,Education,DIID,Master,10,11.6,43.9,65.1,70.0,1,57.8,Developing,,,,,,,,,60.3,,,,,,,,50.7,,,,53.2,,,,,,,,,,,,,,,,,,,48.7,,,,,,61.6
REC00497,Public Health Officer,Public Policy,Statistics Division,Bachelor,10,85.3,71.7,71.5,67.0,4,64.7,Developing,,,,,,62.4,,,54.8,,,,,,,,,58.2,,,,,,,,,,,,,,,,,,,,57.2,,68.4,,,,,,
REC00498,Biotechnology Faculty,Public Policy,Policy,Master,10,98.2,61.7,85.3,92.1,4,80.2,Advanced,,,,,79.7,,,,71.8,,,,,,,,,,,,,81.4,,,75.7,,,,,,80.1,,,,,,,,,,,,,,,
REC00499,Public Health Officer,Artificial Intelligence,Statistics Division,Master,8,56.7,41.2,54.9,75.0,5,55.4,Developing,,,,,,46.8,,,45.2,,,,,,,,,54.5,,,,,,,,,,,,,,,,,,,,51.9,,49.9,,,,,,
REC00500,Policy Analyst,Cybersecurity,Data & Analytics,Master,6,29.8,34.5,65.7,69.8,2,58.5,Developing,,,,,,,,,54.3,,,,,,,,,,,,,,,,,,,,,,,,,58.1,,,,,,67.4,46.6,,,,,59.0
REC00501,Finance Officer,Economics,Statistics Division,Master,10,78.2,41.2,98.1,84.1,6,82.2,Advanced,80.8,,,,,,,,,,74.9,,,,,,,,86.3,65.4,,,,,,,,,,,,,,,,,,,,,,,,,,71.6
REC00502,Public Health Officer,Cybersecurity,Policy,Master,2,49.0,27.2,71.0,80.1,4,63.9,Developing,,,,,,50.3,,,54.8,,,,,,,,,62.8,,,,,,,,,,,,,,,,,,,,52.8,,71.5,,,,,,
REC00503,Software Engineer,Artificial Intelligence,Administration,Bachelor,4,23.2,42.6,64.7,72.2,7,57.9,Developing,,,,,,,,,,,,,,,,,,,,,,,,46.7,,,,,,,,,,,,65.3,,,56.4,,,,48.0,57.8,,
REC00504,Statistical Officer,Data Science,Data & Analytics,Bachelor,8,40.2,42.9,61.6,90.2,2,63.5,Developing,,,,,,,,,62.6,,65.5,,,,,,,,,,,,,,,,,,,,,,,,60.1,,,,,,,,,,56.3,70.7
REC00505,Project Manager,Public Health,MoSPI,PhD,8,66.6,47.2,75.7,77.0,4,69.3,Intermediate,,,,,,,68.2,,72.9,,,,,,,,,,,,,,,,,,84.3,,,,,,,,,69.3,68.4,,,,,,,,,
REC00506,Data Scientist,Education,Policy,Bachelor,5,64.0,40.4,79.6,71.6,2,67.5,Intermediate,,,,,,,,,66.4,,61.8,,,,,,,,,,,,,,,,,,,58.6,,,,,,,,,56.1,,,,,,,68.5
REC00507,Cybersecurity Analyst,Biotechnology,Statistics Division,Bachelor,4,66.3,42.6,64.0,73.4,4,59.9,Developing,,,,,,,,59.2,47.1,,,,,,,,,,,,,,,,,,,,,,,,47.2,,,,,,60.6,,,61.4,,,,
REC00508,HR Officer,Education,Research,Master,0,65.4,53.2,62.9,65.3,2,56.9,Developing,,,,,,,58.2,,52.4,,,,,,,,,,,,,,57.1,,,40.4,,,,,,,,,,,,,,58.1,,,,,,
REC00509,Policy Analyst,Environment,Statistics Division,Master,9,68.2,29.2,67.5,86.9,1,67.3,Intermediate,,,,,,,,,62.9,,,,,,,,,,,,,,,,,,,,,,,,,74.9,,,,,,62.8,71.7,,,,,72.4
REC00510,Software Engineer,Cybersecurity,IT,Master,12,42.0,54.7,70.0,50.7,5,56.0,Developing,,,,,,,,,,,,,,,,,,,,,,,,47.0,,,,,,,,,,,,40.6,,,61.7,,,,50.6,39.1,,
REC00511,Administrative Officer,Cybersecurity,Statistics Division,Master,17,60.9,37.5,76.5,88.5,7,73.0,Intermediate,,72.2,,,,,81.0,,70.1,,,,,,,,,,,,,,,,,,,,,,,,,,,,58.8,,,77.7,,,,,,
REC00512,HR Officer,Public Policy,MoSPI,Master,16,74.9,45.5,97.7,67.8,1,79.0,Intermediate,,,,,,,78.0,,84.2,,,,,,,,,,,,,,85.8,,,72.4,,,,,,,,,,,,,,69.7,,,,,,
REC00513,Education Officer,Public Health,Policy,Master,1,38.5,22.5,63.9,77.8,3,59.1,Developing,,,,58.6,,,59.4,,55.4,,,,,,,55.2,,,,,,,,,,,,54.9,,,,,,,,,,,,,,,,,,
REC00514,Data Analyst,Biotechnology,DIID,Master,6,72.2,57.9,66.3,63.4,3,60.0,Developing,,,,,,,,,59.3,,54.7,,,,,,,,,,,,,,,,,,,,,,,,,,,,,,,,65.6,,58.9,60.3
REC00515,Policy Analyst,Agriculture,IT,Bachelor,9,65.7,47.6,97.4,91.1,2,84.0,Advanced,,,,,,,,,84.0,,,,,,,,,,,,,,,,,,,,,,,,,80.9,,,,,,85.6,71.0,,,,,84.7
REC00516,AI Engineer,Artificial Intelligence,Administration,Master,13,76.8,70.1,87.4,87.4,1,79.9,Intermediate,,,,,,,,,,,,,73.8,,,,,,,,,,,,,,,,,84.8,,70.2,,,,,,,91.5,,,,,80.9,,
REC00517,Software Engineer,Computer Science,MoSPI,PhD,8,48.5,34.1,62.1,78.9,3,60.2,Developing,,,,,,,,,,,,,,,,,,,,,,,,52.5,,,,,,,,,,,,61.9,,,62.2,,,,49.8,58.1,,
REC00518,Environmental Officer,Artificial Intelligence,Administration,Master,8,65.5,77.0,56.6,77.9,1,60.0,Developing,,,,,,,,,67.7,,,,,,,,58.1,,,,61.0,,,,,,,,,,,,,,,,,,,60.3,,,,,,60.3
REC00519,Finance Officer,Public Policy,DIID,Bachelor,6,42.3,71.4,52.6,76.5,1,56.3,Developing,53.5,,,,,,,,,,65.7,,,,,,,,69.3,52.4,,,,,,,,,,,,,,,,,,,,,,,,,,62.1
REC00520,Database Administrator,Artificial Intelligence,DIID,Bachelor,8,29.1,32.9,61.2,73.0,1,56.5,Developing,,,,,,,,,,52.3,,46.6,,,,,,,,,,,,,,,,,,,,,,,,50.5,,,52.6,,,,52.6,,,
REC00521,Project Manager,Education,IT,Master,0,45.1,33.2,73.0,76.9,1,64.3,Developing,,,,,,,69.3,,75.8,,,,,,,,,,,,,,,,,,56.2,,,,,,,,,58.1,55.4,,,,,,,,,
REC00522,Environmental Officer,Statistics,Statistics Division,Bachelor,10,71.4,39.2,79.7,77.5,3,71.1,Intermediate,,,,,,,,,73.8,,,,,,,,73.1,,,,65.3,,,,,,,,,,,,,,,,,,,77.6,,,,,,61.1
REC00523,Project Manager,Economics,MoSPI,PhD,4,55.1,47.5,95.9,76.1,2,76.7,Intermediate,,,,,,,68.6,,67.7,,,,,,,,,,,,,,,,,,77.5,,,,,,,,,70.2,63.9,,,,,,,,,
REC00524,Environmental Officer,Cybersecurity,IT,Bachelor,4,26.4,37.1,62.1,72.7,3,55.5,Developing,,,,,,,,,56.7,,,,,,,,40.0,,,,40.7,,,,,,,,,,,,,,,,,,,41.1,,,,,,46.7
REC00525,Research Officer,Public Policy,Administration,Bachelor,15,35.3,20.9,81.7,61.7,6,65.2,Intermediate,,,,,,,,,60.7,,60.9,,,,,,,,,,,,,,,,,,,,,,,,,,,,,61.2,62.7,,,,,56.4
REC00526,Research Officer,Administration,DIID,Master,7,67.8,46.1,85.8,67.9,10,69.7,Intermediate,,,,,,,,,41.4,,66.2,,,,,,,,,,,,,,,,,,,,,,,,,,,,,66.5,65.1,,,,,63.8
REC00527,Statistical Officer,Environment,Data & Analytics,Bachelor,13,89.0,43.7,66.2,88.3,2,68.8,Intermediate,,,,,,,,,61.9,,74.4,,,,,,,,,,,,,,,,,,,,,,,,77.6,,,,,,,,,,62.5,68.4
REC00528,Research Officer,Economics,DIID,Master,10,48.7,33.4,87.0,96.9,3,79.0,Intermediate,,,,,,,,,72.7,,84.9,,,,,,,,,,,,,,,,,,,,,,,,,,,,,73.9,71.4,,,,,78.5
REC00529,Administrative Officer,Public Policy,MoSPI,Bachelor,0,48.1,51.5,58.4,51.5,1,49.3,Beginner,,48.5,,,,,47.7,,50.6,,,,,,,,,,,,,,,,,,,,,,,,,,,,28.2,,,50.6,,,,,,
REC00530,Environmental Officer,Finance,MoSPI,PhD,4,69.5,64.3,75.6,94.2,1,72.3,Intermediate,,,,,,,,,71.6,,,,,,,,50.1,,,,60.6,,,,,,,,,,,,,,,,,,,71.1,,,,,,67.7
REC00531,Data Scientist,Environment,Administration,Master,13,121.2,51.9,83.5,63.9,2,72.3,Intermediate,,,,,,,,,74.8,,73.6,,,,,,,,,,,,,,,,,,,66.0,,,,,,,,,67.1,,,,,,,68.0
REC00532,Policy Analyst,Cybersecurity,Data & Analytics,Master,13,40.5,58.1,62.9,74.6,2,60.4,Developing,,,,,,,,,56.9,,,,,,,,,,,,,,,,,,,,,,,,,64.7,,,,,,56.6,51.2,,,,,57.3
REC00533,Biotechnology Faculty,Environment,Policy,Bachelor,7,86.2,72.6,69.6,95.1,3,72.6,Intermediate,,,,,75.4,,,,65.8,,,,,,,,,,,,,77.1,,,79.6,,,,,,68.2,,,,,,,,,,,,,,,
REC00534,Statistical Officer,Biotechnology,Data & Analytics,Bachelor,10,86.0,47.7,81.3,75.5,1,72.4,Intermediate,,,,,,,,,72.5,,71.6,,,,,,,,,,,,,,,,,,,,,,,,64.7,,,,,,,,,,68.7,79.0
REC00535,Project Manager,Public Policy,Administration,Master,0,5.0,30.8,87.1,73.2,3,67.9,Intermediate,,,,,,,67.4,,69.8,,,,,,,,,,,,,,,,,,58.0,,,,,,,,,61.7,56.4,,,,,,,,,
REC00536,Legal Officer,Cybersecurity,Research,Master,14,97.0,58.4,72.0,97.5,1,75.4,Intermediate,,,,,,,74.2,,,,,,,,,,,,,,,,,,,,,,75.2,,,,,70.7,,,,,,71.2,,81.0,,,,
REC00537,Software Engineer,Artificial Intelligence,MoSPI,Master,0,7.0,36.3,77.7,53.6,3,57.5,Developing,,,,,,,,,,,,,,,,,,,,,,,,49.8,,,,,,,,,,,,63.8,,,33.1,,,,55.0,63.5,,
REC00538,Administrative Officer,Education,Training,Bachelor,0,67.3,67.5,76.9,75.5,2,67.8,Intermediate,,61.1,,,,,68.9,,69.3,,,,,,,,,,,,,,,,,,,,,,,,,,,,61.1,,,62.2,,,,,,
REC00539,Policy Analyst,Administration,Statistics Division,Master,15,69.2,39.5,83.7,83.6,7,75.2,Intermediate,,,,,,,,,75.6,,,,,,,,,,,,,,,,,,,,,,,,,62.2,,,,,,71.9,70.7,,,,,77.8
REC00540,Project Manager,Data Science,Statistics Division,Master,8,21.8,33.7,82.7,50.0,3,60.3,Developing,,,,,,,53.8,,42.8,,,,,,,,,,,,,,,,,,46.2,,,,,,,,,60.4,57.6,,,,,,,,,
REC00541,AI Engineer,Artificial Intelligence,Statistics Division,Master,4,81.5,14.0,88.3,73.5,1,72.7,Intermediate,,,,,,,,,,,,,68.8,,,,,,,,,,,,,,,,,74.2,,57.2,,,,,,,75.8,,,,,61.9,,
REC00542,Economist,Economics,Training,Master,1,37.5,46.3,57.8,91.1,3,60.9,Developing,,,,,,,,,53.9,,,,,67.3,53.9,,,,,,,,,,,,,,,,,,,,,,,,,67.6,,,,,,63.8
REC00543,Finance Officer,Public Policy,DIID,Bachelor,0,42.3,20.3,59.3,74.8,4,56.0,Developing,61.9,,,,,,,,,,49.8,,,,,,,,63.5,43.8,,,,,,,,,,,,,,,,,,,,,,,,,,54.4
REC00544,Finance Officer,Data Science,IT,Master,4,68.8,56.0,59.7,83.8,3,61.4,Developing,74.3,,,,,,,,,,63.5,,,,,,,,49.5,53.5,,,,,,,,,,,,,,,,,,,,,,,,,,48.8
REC00545,Database Administrator,Cybersecurity,DIID,Master,7,15.1,45.5,67.8,46.6,5,52.3,Developing,,,,,,,,,,42.0,,48.2,,,,,,,,,,,,,,,,,,,,,,,,54.0,,,53.7,,,,53.5,,,
REC00546,Finance Officer,Statistics,MoSPI,Master,1,47.0,31.4,66.5,68.2,3,58.8,Developing,60.9,,,,,,,,,,62.9,,,,,,,,63.0,64.8,,,,,,,,,,,,,,,,,,,,,,,,,,42.0
REC00547,Research Officer,Economics,Data & Analytics,Master,0,69.7,73.7,91.9,62.3,1,72.2,Intermediate,,,,,,,,,75.6,,57.1,,,,,,,,,,,,,,,,,,,,,,,,,,,,,73.2,74.6,,,,,63.6
REC00548,Project Manager,Computer Science,Data & Analytics,Bachelor,0,31.7,18.6,83.7,68.2,1,65.7,Intermediate,,,,,,,58.0,,65.6,,,,,,,,,,,,,,,,,,47.7,,,,,,,,,71.8,61.1,,,,,,,,,
REC00549,Finance Officer,Agriculture,Statistics Division,Master,5,30.1,36.5,77.3,54.4,6,59.3,Developing,56.5,,,,,,,,,,57.7,,,,,,,,56.6,58.4,,,,,,,,,,,,,,,,,,,,,,,,,,40.1
REC00550,Policy Analyst,Public Policy,Statistics Division,Bachelor,0,20.9,28.5,79.7,34.4,4,53.3,Developing,,,,,,,,,47.8,,,,,,,,,,,,,,,,,,,,,,,,,57.1,,,,,,47.8,39.2,,,,,47.8
REC00551,Environmental Officer,Environment,IT,PhD,12,79.6,24.6,71.0,44.4,2,57.0,Developing,,,,,,,,,50.7,,,,,,,,58.1,,,,52.1,,,,,,,,,,,,,,,,,,,54.0,,,,,,63.9
REC00552,Data Analyst,Biotechnology,Policy,PhD,9,109.9,41.4,83.7,94.0,4,80.7,Advanced,,,,,,,,,92.1,,85.3,,,,,,,,,,,,,,,,,,,,,,,,,,,,,,,,80.6,,83.5,75.5
REC00553,AI Engineer,Artificial Intelligence,Data & Analytics,Bachelor,0,23.2,54.3,64.2,77.2,3,59.5,Developing,,,,,,,,,,,,,58.6,,,,,,,,,,,,,,,,,79.7,,50.5,,,,,,,61.6,,,,,46.6,,
REC00554,Economist,Artificial Intelligence,Administration,PhD,9,52.8,41.4,100.0,64.9,3,77.1,Intermediate,,,,,,,,,77.2,,,,,78.2,77.3,,,,,,,,,,,,,,,,,,,,,,,,,81.5,,,,,,66.2
REC00555,Policy Analyst,Administration,Research,Bachelor,2,5.0,22.6,77.0,82.7,1,64.8,Developing,,,,,,,,,55.3,,,,,,,,,,,,,,,,,,,,,,,,,56.4,,,,,,58.2,54.9,,,,,56.6
REC00556,AI Engineer,Cybersecurity,MoSPI,Master,5,42.3,17.0,66.9,50.5,1,52.3,Developing,,,,,,,,,,,,,44.7,,,,,,,,,,,,,,,,,36.0,,39.0,,,,,,,56.1,,,,,46.7,,
REC00557,Environmental Officer,Artificial Intelligence,Administration,Bachelor,4,85.0,53.6,80.7,65.9,2,67.9,Intermediate,,,,,,,,,67.3,,,,,,,,53.9,,,,62.7,,,,,,,,,,,,,,,,,,,69.3,,,,,,64.7
REC00558,HR Officer,Agriculture,Research,Bachelor,11,37.9,27.2,38.1,72.9,5,46.2,Beginner,,,,,,,46.0,,50.4,,,,,,,,,,,,,,42.3,,,52.9,,,,,,,,,,,,,,46.9,,,,,,
REC00559,Statistical Officer,Biotechnology,Training,PhD,4,30.5,36.1,70.9,66.4,5,59.7,Developing,,,,,,,,,52.7,,49.1,,,,,,,,,,,,,,,,,,,,,,,,59.8,,,,,,,,,,56.2,63.2
REC00560,HR Officer,Statistics,Administration,Master,6,66.3,48.2,81.0,77.4,3,71.5,Intermediate,,,,,,,75.2,,64.6,,,,,,,,,,,,,,74.4,,,78.2,,,,,,,,,,,,,,69.9,,,,,,
REC00561,Cybersecurity Analyst,Agriculture,DIID,Master,5,75.3,51.9,62.6,73.5,2,60.5,Developing,,,,,,,,57.6,65.0,,,,,,,,,,,,,,,,,,,,,,,,66.3,,,,,,55.4,,,46.3,,,,
REC00562,Biotechnology Faculty,Economics,Training,Master,14,53.4,39.3,85.2,67.7,4,70.5,Intermediate,,,,,57.6,,,,82.5,,,,,,,,,,,,,65.3,,,78.8,,,,,,54.3,,,,,,,,,,,,,,,
REC00563,Agriculture Officer,Administration,Statistics Division,Master,1,52.6,70.2,61.0,68.4,1,56.3,Developing,,,48.2,,,,,,31.9,,,,,,,,,,,,51.7,,,,,,,,,,,,,,,,,,,54.4,,,,,,62.8
REC00564,Database Administrator,Data Science,Administration,Master,13,117.1,61.5,63.5,97.4,4,71.0,Intermediate,,,,,,,,,,62.9,,66.0,,,,,,,,,,,,,,,,,,,,,,,,63.3,,,65.7,,,,69.8,,,
REC00565,AI Engineer,Computer Science,Data & Analytics,Master,9,106.4,56.7,51.8,84.9,3,60.5,Developing,,,,,,,,,,,,,47.1,,,,,,,,,,,,,,,,,64.6,,65.7,,,,,,,55.1,,,,,60.1,,
REC00566,Statistical Officer,Data Science,Statistics Division,PhD,6,128.1,71.5,92.5,72.4,2,78.9,Intermediate,,,,,,,,,63.3,,69.6,,,,,,,,,,,,,,,,,,,,,,,,80.3,,,,,,,,,,78.6,74.2
REC00567,Cybersecurity Analyst,Environment,Policy,Master,14,124.7,60.3,62.8,55.1,6,59.2,Developing,,,,,,,,66.8,47.3,,,,,,,,,,,,,,,,,,,,,,,,57.8,,,,,,52.3,,,57.9,,,,
REC00568,Data Analyst,Biotechnology,MoSPI,Bachelor,9,94.1,38.0,79.7,77.2,3,70.7,Intermediate,,,,,,,,,56.1,,59.8,,,,,,,,,,,,,,,,,,,,,,,,,,,,,,,,67.6,,70.0,55.8
REC00569,Statistical Officer,Education,Research,PhD,2,46.5,40.6,61.4,77.2,2,58.0,Developing,,,,,,,,,46.1,,55.8,,,,,,,,,,,,,,,,,,,,,,,,52.3,,,,,,,,,,49.6,54.2
REC00570,Education Officer,Data Science,Statistics Division,Master,10,53.3,7.4,69.8,83.0,3,65.7,Intermediate,,,,72.9,,,63.7,,66.1,,,,,,,76.4,,,,,,,,,,,,48.2,,,,,,,,,,,,,,,,,,
REC00571,Statistical Officer,Public Policy,Training,Master,4,56.4,15.1,68.4,84.8,2,64.0,Developing,,,,,,,,,60.7,,58.0,,,,,,,,,,,,,,,,,,,,,,,,51.7,,,,,,,,,,54.9,61.7
REC00572,Biotechnology Faculty,Artificial Intelligence,DIID,Master,3,44.9,47.4,65.8,93.0,1,65.3,Intermediate,,,,,60.5,,,,65.4,,,,,,,,,,,,,59.6,,,54.0,,,,,,55.5,,,,,,,,,,,,,,,
REC00573,Data Analyst,Agriculture,MoSPI,Master,5,120.1,36.0,69.1,52.0,4,59.4,Developing,,,,,,,,,53.1,,56.2,,,,,,,,,,,,,,,,,,,,,,,,,,,,,,,,57.7,,61.1,53.6
REC00574,Legal Officer,Agriculture,Training,Master,16,50.7,46.8,89.7,83.1,3,78.1,Intermediate,,,,,,,74.7,,,,,,,,,,,,,,,,,,,,,,70.3,,,,,77.8,,,,,,73.0,,93.9,,,,
REC00575,Policy Analyst,Economics,Data & Analytics,Master,11,69.9,36.6,100.0,63.8,1,77.4,Intermediate,,,,,,,,,77.9,,,,,,,,,,,,,,,,,,,,,,,,,83.1,,,,,,76.3,68.0,,,,,65.8
REC00576,Legal Officer,Administration,Administration,Master,5,88.4,58.3,57.4,62.8,4,55.6,Developing,,,,,,,57.0,,,,,,,,,,,,,,,,,,,,,,52.3,,,,,58.7,,,,,,48.0,,51.5,,,,
REC00577,Cybersecurity Analyst,Cybersecurity,Research,PhD,10,109.4,39.9,69.8,79.1,4,67.4,Intermediate,,,,,,,,57.0,59.8,,,,,,,,,,,,,,,,,,,,,,,,58.4,,,,,,70.1,,,59.0,,,,
REC00578,AI Engineer,Artificial Intelligence,Data & Analytics,Bachelor,8,29.5,57.0,61.1,55.7,7,53.9,Developing,,,,,,,,,,,,,60.8,,,,,,,,,,,,,,,,,60.4,,56.3,,,,,,,66.2,,,,,48.7,,
REC00579,HR Officer,Biotechnology,Data & Analytics,PhD,5,63.9,72.1,78.0,76.0,2,68.4,Intermediate,,,,,,,61.1,,54.8,,,,,,,,,,,,,,56.5,,,71.0,,,,,,,,,,,,,,59.1,,,,,,
REC00580,AI Engineer,Cybersecurity,Research,Bachelor,3,22.3,47.3,67.6,100.0,2,67.3,Intermediate,,,,,,,,,,,,,68.2,,,,,,,,,,,,,,,,,61.6,,57.8,,,,,,,65.4,,,,,57.8,,
REC00581,HR Officer,Economics,IT,Master,1,46.7,16.4,50.4,73.4,1,50.5,Developing,,,,,,,54.5,,39.6,,,,,,,,,,,,,,60.0,,,32.9,,,,,,,,,,,,,,41.7,,,,,,
REC00582,Education Officer,Statistics,Statistics Division,Master,6,50.7,59.3,72.6,73.1,1,64.4,Developing,,,,60.0,,,42.2,,58.8,,,,,,,73.4,,,,,,,,,,,,66.5,,,,,,,,,,,,,,,,,,
REC00583,Data Scientist,Agriculture,Administration,Master,7,46.3,51.2,70.6,79.5,5,64.2,Developing,,,,,,,,,48.5,,61.4,,,,,,,,,,,,,,,,,,,55.4,,,,,,,,,64.2,,,,,,,51.8
REC00584,Policy Analyst,Agriculture,Policy,Master,10,73.9,48.5,68.3,68.3,2,62.3,Developing,,,,,,,,,54.7,,,,,,,,,,,,,,,,,,,,,,,,,67.7,,,,,,64.7,57.2,,,,,48.9
REC00585,Economist,Data Science,Policy,Master,20,75.9,46.8,89.1,70.2,3,75.2,Intermediate,,,,,,,,,71.9,,,,,82.7,65.0,,,,,,,,,,,,,,,,,,,,,,,,,59.1,,,,,,73.8
REC00586,Research Officer,Public Policy,MoSPI,Bachelor,5,11.7,47.3,69.8,64.0,1,58.0,Developing,,,,,,,,,64.3,,47.4,,,,,,,,,,,,,,,,,,,,,,,,,,,,,47.7,52.4,,,,,65.8
REC00587,HR Officer,Environment,IT,Master,0,47.2,42.6,84.8,71.0,2,68.8,Intermediate,,,,,,,62.3,,59.7,,,,,,,,,,,,,,65.9,,,62.0,,,,,,,,,,,,,,73.7,,,,,,
REC00588,Legal Officer,Education,Research,Master,0,59.5,59.2,82.4,74.2,4,70.0,Intermediate,,,,,,,69.9,,,,,,,,,,,,,,,,,,,,,,55.1,,,,,69.1,,,,,,75.4,,73.4,,,,
REC00589,Education Officer,Artificial Intelligence,Research,Master,10,34.5,41.8,79.6,66.1,1,65.3,Intermediate,,,,68.8,,,63.6,,43.2,,,,,,,61.6,,,,,,,,,,,,70.7,,,,,,,,,,,,,,,,,,
REC00590,Data Analyst,Administration,Training,Master,15,75.1,37.0,86.1,77.7,2,75.1,Intermediate,,,,,,,,,69.4,,67.9,,,,,,,,,,,,,,,,,,,,,,,,,,,,,,,,77.4,,75.4,72.0
REC00591,Data Scientist,Artificial Intelligence,Training,Master,0,66.0,70.8,56.1,80.4,1,58.9,Developing,,,,,,,,,72.3,,40.2,,,,,,,,,,,,,,,,,,,61.5,,,,,,,,,58.3,,,,,,,61.7
REC00592,Environmental Officer,Education,MoSPI,Master,5,54.1,35.7,76.0,70.0,6,65.0,Intermediate,,,,,,,,,69.2,,,,,,,,48.4,,,,80.6,,,,,,,,,,,,,,,,,,,56.4,,,,,,60.3
REC00593,Administrative Officer,Education,Administration,PhD,10,95.1,54.1,76.3,76.9,3,70.6,Intermediate,,53.6,,,,,65.8,,76.2,,,,,,,,,,,,,,,,,,,,,,,,,,,,75.2,,,71.9,,,,,,
REC00594,Statistical Officer,Data Science,MoSPI,Master,4,43.4,66.6,85.0,71.7,4,70.1,Intermediate,,,,,,,,,64.8,,61.4,,,,,,,,,,,,,,,,,,,,,,,,68.8,,,,,,,,,,63.9,68.1
REC00595,Education Officer,Artificial Intelligence,DIID,Master,11,62.2,18.9,85.2,86.6,2,74.9,Intermediate,,,,64.8,,,76.2,,56.2,,,,,,,79.9,,,,,,,,,,,,66.8,,,,,,,,,,,,,,,,,,
REC00596,Public Health Officer,Artificial Intelligence,DIID,Bachelor,13,122.4,42.3,70.7,82.2,1,70.7,Intermediate,,,,,,58.1,,,88.3,,,,,,,,,67.6,,,,,,,,,,,,,,,,,,,,65.0,,65.0,,,,,,
REC00597,Cybersecurity Analyst,Environment,Administration,PhD,16,50.6,56.2,81.8,51.6,2,65.4,Intermediate,,,,,,,,66.3,68.2,,,,,,,,,,,,,,,,,,,,,,,,61.3,,,,,,73.8,,,67.7,,,,
REC00598,Administrative Officer,Public Health,Policy,Bachelor,2,93.5,7.1,80.8,89.4,2,72.1,Intermediate,,57.8,,,,,64.2,,48.5,,,,,,,,,,,,,,,,,,,,,,,,,,,,53.1,,,69.2,,,,,,
REC00599,Policy Analyst,Environment,IT,Bachelor,12,80.5,32.9,76.0,80.6,2,70.5,Intermediate,,,,,,,,,69.1,,,,,,,,,,,,,,,,,,,,,,,,,66.4,,,,,,80.4,62.7,,,,,65.7
REC00600,Agriculture Officer,Biotechnology,Policy,Master,7,71.7,20.5,81.3,85.1,1,72.4,Intermediate,,,66.0,,,,,,67.5,,,,,,,,,,,,71.4,,,,,,,,,,,,,,,,,,,58.6,,,,,,71.4
REC00601,Software Engineer,Cybersecurity,Statistics Division,Bachelor,0,5.0,25.5,74.4,49.3,1,52.8,Developing,,,,,,,,,,,,,,,,,,,,,,,,43.7,,,,,,,,,,,,49.2,,,36.9,,,,37.9,36.5,,
REC00602,Database Administrator,Cybersecurity,IT,Bachelor,10,59.0,24.9,64.0,69.5,1,59.1,Developing,,,,,,,,,,47.0,,77.9,,,,,,,,,,,,,,,,,,,,,,,,46.5,,,55.5,,,,55.6,,,
REC00603,Administrative Officer,Education,MoSPI,Master,5,45.1,20.3,71.8,67.3,3,60.1,Developing,,54.4,,,,,54.2,,44.0,,,,,,,,,,,,,,,,,,,,,,,,,,,,51.1,,,59.8,,,,,,
REC00604,Public Health Officer,Public Health,Administration,Bachelor,6,56.6,35.7,79.1,69.9,3,66.2,Intermediate,,,,,,56.7,,,63.6,,,,,,,,,65.3,,,,,,,,,,,,,,,,,,,,63.2,,48.9,,,,,,
REC00605,Software Engineer,Artificial Intelligence,Policy,PhD,9,65.6,52.6,52.9,92.1,4,60.2,Developing,,,,,,,,,,,,,,,,,,,,,,,,48.2,,,,,,,,,,,,54.5,,,66.5,,,,53.5,46.3,,
REC00606,Software Engineer,Computer Science,Policy,Master,8,56.1,35.4,81.5,54.2,1,63.2,Developing,,,,,,,,,,,,,,,,,,,,,,,,59.2,,,,,,,,,,,,59.7,,,53.9,,,,61.1,54.8,,
REC00607,Research Officer,Administration,Administration,Master,16,76.1,29.2,98.6,70.9,4,79.0,Intermediate,,,,,,,,,83.5,,73.2,,,,,,,,,,,,,,,,,,,,,,,,,,,,,66.3,74.5,,,,,64.8
REC00608,HR Officer,Artificial Intelligence,IT,Bachelor,8,70.5,51.6,64.7,54.2,1,57.3,Developing,,,,,,,67.3,,68.0,,,,,,,,,,,,,,66.9,,,47.5,,,,,,,,,,,,,,58.1,,,,,,
REC00609,Database Administrator,Computer Science,Data & Analytics,Bachelor,10,93.1,30.2,78.2,79.6,5,71.1,Intermediate,,,,,,,,,,57.2,,66.0,,,,,,,,,,,,,,,,,,,,,,,,61.7,,,71.4,,,,72.9,,,
REC00610,Data Analyst,Agriculture,Administration,Master,8,14.1,26.8,69.6,86.3,1,64.7,Developing,,,,,,,,,66.7,,68.3,,,,,,,,,,,,,,,,,,,,,,,,,,,,,,,,73.3,,41.8,68.5
REC00611,Research Officer,Administration,MoSPI,Bachelor,19,44.2,50.9,80.4,72.7,6,70.3,Intermediate,,,,,,,,,68.2,,68.3,,,,,,,,,,,,,,,,,,,,,,,,,,,,,54.4,77.0,,,,,78.2
REC00612,AI Engineer,Cybersecurity,MoSPI,Bachelor,3,28.1,22.5,57.1,86.9,1,58.5,Developing,,,,,,,,,,,,,59.9,,,,,,,,,,,,,,,,,60.8,,56.5,,,,,,,61.1,,,,,59.4,,
REC00613,Education Officer,Environment,Data & Analytics,Master,9,51.4,67.1,84.5,66.2,3,69.7,Intermediate,,,,73.1,,,64.8,,56.5,,,,,,,68.0,,,,,,,,,,,,72.6,,,,,,,,,,,,,,,,,,
REC00614,Statistical Officer,Public Policy,Statistics Division,Bachelor,0,61.9,51.5,82.9,70.4,6,68.6,Intermediate,,,,,,,,,62.9,,59.2,,,,,,,,,,,,,,,,,,,,,,,,65.9,,,,,,,,,,71.7,61.3
REC00615,Research Officer,Administration,Policy,Bachelor,5,39.3,48.8,80.0,76.6,5,68.9,Intermediate,,,,,,,,,73.2,,67.9,,,,,,,,,,,,,,,,,,,,,,,,,,,,,75.2,65.0,,,,,57.6
REC00616,Administrative Officer,Public Health,Administration,Master,0,5.0,29.7,61.1,75.2,3,54.4,Developing,,51.1,,,,,45.1,,42.2,,,,,,,,,,,,,,,,,,,,,,,,,,,,53.7,,,45.3,,,,,,
REC00617,Project Manager,Environment,Research,Master,9,14.4,43.9,79.7,59.7,3,62.1,Developing,,,,,,,60.2,,51.4,,,,,,,,,,,,,,,,,,61.8,,,,,,,,,47.0,64.5,,,,,,,,,
REC00618,Administrative Officer,Artificial Intelligence,Administration,Bachelor,14,76.0,75.9,60.7,74.7,3,61.6,Developing,,62.7,,,,,50.9,,56.8,,,,,,,,,,,,,,,,,,,,,,,,,,,,62.3,,,54.3,,,,,,
REC00619,Environmental Officer,Finance,Training,Master,4,54.7,89.4,86.7,68.7,5,71.0,Intermediate,,,,,,,,,65.9,,,,,,,,55.2,,,,59.1,,,,,,,,,,,,,,,,,,,72.8,,,,,,69.7
REC00620,AI Engineer,Computer Science,Policy,Master,6,37.9,32.1,65.6,83.2,6,62.0,Developing,,,,,,,,,,,,,49.9,,,,,,,,,,,,,,,,,47.8,,55.2,,,,,,,64.9,,,,,64.1,,
REC00621,Statistical Officer,Agriculture,MoSPI,Bachelor,13,69.2,19.6,88.2,61.9,4,70.4,Intermediate,,,,,,,,,66.9,,62.4,,,,,,,,,,,,,,,,,,,,,,,,71.3,,,,,,,,,,66.3,72.1
REC00622,Software Engineer,Data Science,Training,Bachelor,20,94.9,65.1,74.3,93.9,3,76.6,Intermediate,,,,,,,,,,,,,,,,,,,,,,,,76.2,,,,,,,,,,,,72.0,,,79.0,,,,83.3,70.7,,
REC00623,Agriculture Officer,Agriculture,Administration,Bachelor,0,23.8,36.5,65.3,67.1,1,55.8,Developing,,,51.2,,,,,,48.5,,,,,,,,,,,,46.3,,,,,,,,,,,,,,,,,,,59.2,,,,,,51.2
REC00624,Data Analyst,Administration,MoSPI,Bachelor,4,21.0,51.3,66.6,69.3,2,58.2,Developing,,,,,,,,,47.2,,55.1,,,,,,,,,,,,,,,,,,,,,,,,,,,,,,,,52.9,,55.5,61.8
REC00625,Economist,Agriculture,Research,PhD,4,8.6,45.2,63.0,76.6,4,57.3,Developing,,,,,,,,,49.5,,,,,51.3,67.5,,,,,,,,,,,,,,,,,,,,,,,,,53.4,,,,,,38.3
REC00626,Project Manager,Public Health,IT,Bachelor,6,21.0,39.8,71.5,75.9,4,62.9,Developing,,,,,,,59.5,,57.2,,,,,,,,,,,,,,,,,,52.9,,,,,,,,,59.1,73.3,,,,,,,,,
REC00627,Software Engineer,Computer Science,Data & Analytics,Bachelor,7,23.0,36.9,77.2,89.6,1,70.2,Intermediate,,,,,,,,,,,,,,,,,,,,,,,,60.5,,,,,,,,,,,,69.9,,,68.1,,,,67.6,74.7,,
REC00628,Environmental Officer,Education,Training,Master,5,53.9,43.9,88.4,43.0,3,64.1,Developing,,,,,,,,,62.1,,,,,,,,55.6,,,,65.2,,,,,,,,,,,,,,,,,,,60.8,,,,,,71.0
REC00629,Finance Officer,Agriculture,MoSPI,Bachelor,16,60.5,44.3,62.8,84.2,1,64.9,Developing,68.1,,,,,,,,,,68.9,,,,,,,,60.2,62.5,,,,,,,,,,,,,,,,,,,,,,,,,,67.5
REC00630,Database Administrator,Computer Science,IT,Bachelor,4,46.8,30.6,90.1,95.9,1,78.6,Intermediate,,,,,,,,,,66.8,,70.5,,,,,,,,,,,,,,,,,,,,,,,,70.0,,,68.8,,,,80.2,,,
REC00631,Research Officer,Data Science,MoSPI,Master,7,69.9,55.9,72.2,70.3,6,64.6,Developing,,,,,,,,,66.6,,52.5,,,,,,,,,,,,,,,,,,,,,,,,,,,,,70.8,60.3,,,,,56.3
REC00632,AI Engineer,Data Science,Training,PhD,10,55.5,41.5,59.8,81.2,2,60.9,Developing,,,,,,,,,,,,,68.2,,,,,,,,,,,,,,,,,53.5,,59.9,,,,,,,52.4,,,,,64.1,,
REC00633,Public Health Officer,Artificial Intelligence,Administration,Master,6,75.3,31.0,89.7,89.6,3,79.0,Intermediate,,,,,,76.7,,,71.1,,,,,,,,,78.7,,,,,,,,,,,,,,,,,,,,78.7,,73.9,,,,,,
REC00634,Data Analyst,Artificial Intelligence,Administration,Master,9,32.7,62.1,85.5,66.6,3,68.9,Intermediate,,,,,,,,,78.5,,67.1,,,,,,,,,,,,,,,,,,,,,,,,,,,,,,,,53.3,,60.6,62.7
REC00635,Cybersecurity Analyst,Computer Science,DIID,Bachelor,4,48.1,57.4,46.5,71.7,1,50.1,Developing,,,,,,,,43.9,41.0,,,,,,,,,,,,,,,,,,,,,,,,43.6,,,,,,50.6,,,61.3,,,,
REC00636,Cybersecurity Analyst,Data Science,DIID,Master,14,81.8,41.3,70.6,60.2,5,62.5,Developing,,,,,,,,49.4,73.7,,,,,,,,,,,,,,,,,,,,,,,,56.5,,,,,,74.1,,,57.2,,,,
REC00637,Administrative Officer,Public Policy,Research,Master,0,48.6,39.2,81.4,83.7,6,69.7,Intermediate,,70.3,,,,,53.7,,57.3,,,,,,,,,,,,,,,,,,,,,,,,,,,,54.6,,,62.8,,,,,,
REC00638,Public Health Officer,Public Policy,Data & Analytics,Bachelor,13,93.6,55.4,83.2,71.8,2,72.2,Intermediate,,,,,,58.4,,,68.2,,,,,,,,,58.9,,,,,,,,,,,,,,,,,,,,54.1,,83.0,,,,,,
REC00639,HR Officer,Public Policy,IT,Bachelor,3,73.6,36.9,60.9,61.4,5,54.1,Developing,,,,,,,38.8,,46.9,,,,,,,,,,,,,,46.9,,,45.9,,,,,,,,,,,,,,47.1,,,,,,
REC00640,Biotechnology Faculty,Biotechnology,Research,PhD,10,27.0,48.2,60.1,62.4,2,54.3,Developing,,,,,47.5,,,,51.6,,,,,,,,,,,,,53.1,,,55.1,,,,,,59.9,,,,,,,,,,,,,,,
REC00641,Data Scientist,Data Science,Data & Analytics,Bachelor,4,58.5,51.5,86.6,91.1,4,77.1,Intermediate,,,,,,,,,70.4,,74.2,,,,,,,,,,,,,,,,,,,71.5,,,,,,,,,77.1,,,,,,,74.2
REC00642,Finance Officer,Statistics,DIID,Bachelor,8,53.8,35.3,59.9,95.9,4,65.2,Intermediate,74.6,,,,,,,,,,72.1,,,,,,,,70.3,55.7,,,,,,,,,,,,,,,,,,,,,,,,,,63.3
REC00643,Cybersecurity Analyst,Economics,Research,Master,9,37.5,31.9,73.3,80.9,5,66.4,Intermediate,,,,,,,,58.5,68.1,,,,,,,,,,,,,,,,,,,,,,,,61.0,,,,,,67.7,,,64.3,,,,
REC00644,Project Manager,Biotechnology,Policy,PhD,11,77.9,25.9,84.1,66.4,3,70.0,Intermediate,,,,,,,66.3,,57.8,,,,,,,,,,,,,,,,,,74.7,,,,,,,,,67.8,72.6,,,,,,,,,
REC00645,Economist,Finance,MoSPI,Bachelor,10,33.3,55.1,77.0,60.2,3,62.7,Developing,,,,,,,,,57.7,,,,,70.5,59.4,,,,,,,,,,,,,,,,,,,,,,,,,55.7,,,,,,54.2
REC00646,Legal Officer,Agriculture,Policy,PhD,6,52.3,54.0,62.8,87.1,3,63.7,Developing,,,,,,,63.6,,,,,,,,,,,,,,,,,,,,,,52.4,,,,,65.5,,,,,,67.2,,59.4,,,,
REC00647,Software Engineer,Computer Science,IT,PhD,11,71.1,62.9,59.2,69.0,1,58.2,Developing,,,,,,,,,,,,,,,,,,,,,,,,54.5,,,,,,,,,,,,50.2,,,42.1,,,,57.2,70.6,,
REC00648,Research Officer,Artificial Intelligence,DIID,Bachelor,3,54.1,62.7,55.7,67.2,2,54.8,Developing,,,,,,,,,48.5,,61.6,,,,,,,,,,,,,,,,,,,,,,,,,,,,,63.1,57.8,,,,,56.5
REC00649,Research Officer,Environment,Statistics Division,Master,2,41.8,47.9,73.3,48.9,3,56.8,Developing,,,,,,,,,55.2,,59.7,,,,,,,,,,,,,,,,,,,,,,,,,,,,,56.3,51.0,,,,,54.2
REC00650,Public Health Officer,Biotechnology,IT,Master,5,74.0,54.9,86.9,93.4,2,79.1,Intermediate,,,,,,72.1,,,77.9,,,,,,,,,83.7,,,,,,,,,,,,,,,,,,,,79.1,,65.6,,,,,,
REC00651,Environmental Officer,Administration,MoSPI,Bachelor,14,60.2,59.1,77.2,90.4,2,73.8,Intermediate,,,,,,,,,76.1,,,,,,,,71.7,,,,80.1,,,,,,,,,,,,,,,,,,,62.5,,,,,,64.4
REC00652,HR Officer,Education,Policy,Bachelor,7,36.8,60.3,95.9,83.7,4,79.2,Intermediate,,,,,,,77.1,,70.5,,,,,,,,,,,,,,84.5,,,75.3,,,,,,,,,,,,,,63.1,,,,,,
REC00653,Administrative Officer,Artificial Intelligence,Administration,Master,11,61.2,53.3,87.4,93.8,7,80.0,Intermediate,,76.6,,,,,70.9,,73.2,,,,,,,,,,,,,,,,,,,,,,,,,,,,84.1,,,89.3,,,,,,
REC00654,Data Scientist,Biotechnology,DIID,PhD,0,39.5,46.5,48.0,72.5,3,50.1,Developing,,,,,,,,,52.6,,43.7,,,,,,,,,,,,,,,,,,,47.6,,,,,,,,,44.9,,,,,,,61.4
REC00655,Data Scientist,Administration,MoSPI,Master,0,18.4,25.4,63.5,85.7,2,60.6,Developing,,,,,,,,,60.6,,68.2,,,,,,,,,,,,,,,,,,,56.1,,,,,,,,,62.3,,,,,,,59.0
REC00656,Legal Officer,Environment,Research,PhD,1,71.8,37.8,66.9,46.2,2,53.5,Developing,,,,,,,51.1,,,,,,,,,,,,,,,,,,,,,,45.0,,,,,55.8,,,,,,52.8,,49.8,,,,
REC00657,Environmental Officer,Cybersecurity,Data & Analytics,Master,9,71.2,54.0,86.4,91.0,3,76.8,Intermediate,,,,,,,,,60.2,,,,,,,,74.0,,,,66.9,,,,,,,,,,,,,,,,,,,53.0,,,,,,67.0
REC00658,Cybersecurity Analyst,Biotechnology,Training,Master,15,78.3,31.6,62.3,61.0,4,57.2,Developing,,,,,,,,56.8,46.1,,,,,,,,,,,,,,,,,,,,,,,,48.9,,,,,,47.2,,,61.1,,,,
REC00659,Finance Officer,Finance,Research,PhD,0,17.5,44.6,90.6,61.9,4,67.2,Intermediate,51.8,,,,,,,,,,63.6,,,,,,,,57.7,63.6,,,,,,,,,,,,,,,,,,,,,,,,,,65.0
REC00660,Policy Analyst,Public Health,Administration,PhD,8,76.1,51.5,94.6,75.6,7,77.7,Intermediate,,,,,,,,,55.5,,,,,,,,,,,,,,,,,,,,,,,,,61.9,,,,,,86.2,70.5,,,,,80.5
REC00661,Finance Officer,Agriculture,DIID,Master,7,21.2,63.2,74.9,72.3,4,64.0,Developing,58.3,,,,,,,,,,58.8,,,,,,,,58.2,62.3,,,,,,,,,,,,,,,,,,,,,,,,,,58.5
REC00662,Policy Analyst,Biotechnology,Statistics Division,Bachelor,5,58.4,42.4,77.5,66.7,3,65.3,Intermediate,,,,,,,,,57.9,,,,,,,,,,,,,,,,,,,,,,,,,53.3,,,,,,74.7,62.4,,,,,68.1
REC00663,Biotechnology Faculty,Education,Research,Master,10,52.1,63.1,89.3,63.6,5,71.4,Intermediate,,,,,73.7,,,,63.2,,,,,,,,,,,,,64.6,,,71.1,,,,,,66.5,,,,,,,,,,,,,,,
REC00664,Economist,Cybersecurity,Data & Analytics,Bachelor,14,57.2,48.9,65.0,56.8,4,57.4,Developing,,,,,,,,,57.4,,,,,54.8,61.5,,,,,,,,,,,,,,,,,,,,,,,,,61.1,,,,,,47.5
REC00665,Administrative Officer,Economics,Statistics Division,Master,8,64.1,76.8,68.0,90.6,3,68.5,Intermediate,,55.1,,,,,64.5,,59.0,,,,,,,,,,,,,,,,,,,,,,,,,,,,74.0,,,66.7,,,,,,
REC00666,Administrative Officer,Economics,Policy,PhD,4,62.5,69.0,60.2,67.9,2,57.0,Developing,,54.1,,,,,52.0,,43.8,,,,,,,,,,,,,,,,,,,,,,,,,,,,65.5,,,51.0,,,,,,
REC00667,HR Officer,Environment,Policy,Bachelor,6,105.8,47.5,77.0,92.2,3,75.0,Intermediate,,,,,,,65.5,,71.1,,,,,,,,,,,,,,77.3,,,76.0,,,,,,,,,,,,,,65.3,,,,,,
REC00668,Finance Officer,Agriculture,MoSPI,Master,6,48.8,50.7,79.1,96.1,6,74.7,Intermediate,68.5,,,,,,,,,,75.3,,,,,,,,83.3,72.8,,,,,,,,,,,,,,,,,,,,,,,,,,63.9
REC00669,Software Engineer,Computer Science,Policy,Master,4,56.6,32.4,78.9,83.1,3,70.3,Intermediate,,,,,,,,,,,,,,,,,,,,,,,,68.3,,,,,,,,,,,,80.8,,,61.3,,,,78.7,51.3,,
REC00670,Biotechnology Faculty,Cybersecurity,DIID,Bachelor,0,45.9,42.6,71.1,46.5,3,54.4,Developing,,,,,49.7,,,,50.1,,,,,,,,,,,,,60.6,,,49.7,,,,,,44.9,,,,,,,,,,,,,,,
REC00671,Education Officer,Education,IT,Master,0,15.0,46.5,90.1,89.8,4,75.8,Intermediate,,,,76.5,,,81.0,,79.8,,,,,,,52.8,,,,,,,,,,,,76.6,,,,,,,,,,,,,,,,,,
REC00672,Database Administrator,Data Science,Administration,Bachelor,0,58.7,30.2,70.7,70.3,3,61.2,Developing,,,,,,,,,,60.4,,49.1,,,,,,,,,,,,,,,,,,,,,,,,45.2,,,68.2,,,,57.9,,,
REC00673,Biotechnology Faculty,Agriculture,Statistics Division,Bachelor,9,99.1,64.9,100.0,75.1,3,82.1,Advanced,,,,,74.7,,,,72.1,,,,,,,,,,,,,71.8,,,74.8,,,,,,79.5,,,,,,,,,,,,,,,
REC00674,Software Engineer,Cybersecurity,Statistics Division,Bachelor,11,54.3,44.0,95.8,73.0,2,77.7,Intermediate,,,,,,,,,,,,,,,,,,,,,,,,72.8,,,,,,,,,,,,78.6,,,80.4,,,,66.5,86.1,,
REC00675,AI Engineer,Cybersecurity,Research,Master,14,104.0,64.7,98.2,67.8,7,80.6,Advanced,,,,,,,,,,,,,83.9,,,,,,,,,,,,,,,,,79.4,,78.9,,,,,,,69.8,,,,,73.4,,
REC00676,Data Scientist,Administration,Policy,Bachelor,8,67.0,49.2,59.4,68.0,1,57.6,Developing,,,,,,,,,45.5,,58.7,,,,,,,,,,,,,,,,,,,61.0,,,,,,,,,68.1,,,,,,,56.6
REC00677,Database Administrator,Computer Science,Research,PhD,6,63.7,38.2,64.9,79.9,6,62.7,Developing,,,,,,,,,,76.6,,38.0,,,,,,,,,,,,,,,,,,,,,,,,62.0,,,60.9,,,,61.8,,,
REC00678,Agriculture Officer,Public Policy,DIID,Bachelor,10,37.9,29.8,79.4,92.1,2,72.1,Intermediate,,,66.3,,,,,,68.7,,,,,,,,,,,,58.1,,,,,,,,,,,,,,,,,,,65.4,,,,,,66.5
REC00679,Education Officer,Biotechnology,Policy,Bachelor,8,101.5,53.1,95.8,90.0,3,85.0,Advanced,,,,78.5,,,88.2,,84.9,,,,,,,83.7,,,,,,,,,,,,85.5,,,,,,,,,,,,,,,,,,
REC00680,Research Officer,Public Policy,IT,Bachelor,2,54.7,36.1,79.3,54.5,3,61.0,Developing,,,,,,,,,58.6,,54.2,,,,,,,,,,,,,,,,,,,,,,,,,,,,,50.0,56.3,,,,,50.8
REC00681,Project Manager,Artificial Intelligence,Training,Master,3,17.2,29.1,67.0,53.0,5,52.7,Developing,,,,,,,51.4,,43.1,,,,,,,,,,,,,,,,,,60.3,,,,,,,,,44.7,47.3,,,,,,,,,
REC00682,AI Engineer,Computer Science,Research,Bachelor,0,25.0,42.2,83.9,63.4,6,65.0,Developing,,,,,,,,,,,,,52.5,,,,,,,,,,,,,,,,,81.3,,67.0,,,,,,,58.0,,,,,48.2,,
REC00683,Legal Officer,Economics,Administration,PhD,0,46.2,33.1,68.2,85.9,3,64.2,Developing,,,,,,,69.2,,,,,,,,,,,,,,,,,,,,,,59.6,,,,,63.6,,,,,,57.7,,57.0,,,,
REC00684,Data Analyst,Economics,Statistics Division,Master,5,52.9,31.7,81.0,66.2,2,65.6,Intermediate,,,,,,,,,69.3,,57.8,,,,,,,,,,,,,,,,,,,,,,,,,,,,,,,,60.5,,56.9,52.8
REC00685,Research Officer,Agriculture,Administration,Master,4,43.7,23.6,68.4,59.4,3,57.5,Developing,,,,,,,,,54.1,,67.3,,,,,,,,,,,,,,,,,,,,,,,,,,,,,56.5,58.9,,,,,57.4
REC00686,Environmental Officer,Education,Policy,Master,0,83.9,46.1,62.3,65.3,4,56.9,Developing,,,,,,,,,42.7,,,,,,,,56.5,,,,56.6,,,,,,,,,,,,,,,,,,,47.4,,,,,,51.9
REC00687,Administrative Officer,Statistics,IT,Master,0,37.0,24.3,67.8,63.8,4,55.7,Developing,,49.2,,,,,48.1,,36.2,,,,,,,,,,,,,,,,,,,,,,,,,,,,42.7,,,56.1,,,,,,
REC00688,Data Scientist,Public Health,Data & Analytics,Master,5,66.7,52.6,88.5,78.9,1,75.1,Intermediate,,,,,,,,,72.0,,71.8,,,,,,,,,,,,,,,,,,,66.6,,,,,,,,,68.6,,,,,,,78.7
REC00689,HR Officer,Public Health,Training,Bachelor,6,19.5,46.7,54.1,41.4,3,44.7,Beginner,,,,,,,52.4,,54.2,,,,,,,,,,,,,,41.4,,,47.9,,,,,,,,,,,,,,44.6,,,,,,
REC00690,Software Engineer,Computer Science,Statistics Division,Bachelor,5,33.5,53.7,71.5,57.4,4,58.1,Developing,,,,,,,,,,,,,,,,,,,,,,,,50.9,,,,,,,,,,,,53.5,,,46.8,,,,64.4,56.8,,
REC00691,Biotechnology Faculty,Agriculture,IT,Master,0,62.6,6.0,88.7,78.2,3,72.0,Intermediate,,,,,67.2,,,,59.6,,,,,,,,,,,,,70.6,,,67.5,,,,,,56.3,,,,,,,,,,,,,,,
REC00692,Environmental Officer,Administration,Statistics Division,PhD,6,22.5,8.6,69.7,100.0,2,67.9,Intermediate,,,,,,,,,59.8,,,,,,,,64.8,,,,61.0,,,,,,,,,,,,,,,,,,,64.0,,,,,,68.3
REC00693,Software Engineer,Computer Science,Statistics Division,Bachelor,10,84.6,26.5,78.4,74.5,1,68.8,Intermediate,,,,,,,,,,,,,,,,,,,,,,,,67.2,,,,,,,,,,,,55.6,,,63.8,,,,59.1,65.0,,
REC00694,HR Officer,Artificial Intelligence,Statistics Division,PhD,8,53.5,39.1,82.2,71.5,3,68.4,Intermediate,,,,,,,69.8,,61.2,,,,,,,,,,,,,,69.4,,,56.3,,,,,,,,,,,,,,51.0,,,,,,
REC00695,Economist,Economics,Data & Analytics,Master,9,65.1,29.1,58.9,72.4,6,57.0,Developing,,,,,,,,,61.8,,,,,52.9,51.0,,,,,,,,,,,,,,,,,,,,,,,,,50.1,,,,,,40.0
REC00696,Software Engineer,Computer Science,Data & Analytics,Master,9,72.9,65.8,60.5,63.8,3,57.1,Developing,,,,,,,,,,,,,,,,,,,,,,,,52.6,,,,,,,,,,,,57.5,,,47.2,,,,50.7,58.4,,
REC00697,Economist,Environment,IT,Master,4,57.0,42.5,61.7,87.6,2,62.0,Developing,,,,,,,,,60.5,,,,,48.3,67.3,,,,,,,,,,,,,,,,,,,,,,,,,48.1,,,,,,52.4
REC00698,Database Administrator,Cybersecurity,Research,PhD,2,71.0,49.6,50.2,63.3,4,50.3,Developing,,,,,,,,,,42.0,,51.6,,,,,,,,,,,,,,,,,,,,,,,,44.5,,,53.0,,,,50.0,,,
REC00699,Database Administrator,Cybersecurity,Training,Master,0,35.9,57.7,85.2,70.3,2,68.3,Intermediate,,,,,,,,,,47.3,,66.6,,,,,,,,,,,,,,,,,,,,,,,,73.0,,,56.4,,,,68.9,,,
REC00700,AI Engineer,Artificial Intelligence,Policy,Bachelor,10,21.1,22.3,68.5,99.2,3,68.0,Intermediate,,,,,,,,,,,,,69.4,,,,,,,,,,,,,,,,,75.2,,58.9,,,,,,,61.0,,,,,56.8,,
REC00701,Project Manager,Cybersecurity,MoSPI,PhD,7,19.8,4.3,60.5,55.2,5,50.0,Developing,,,,,,,44.4,,46.9,,,,,,,,,,,,,,,,,,48.8,,,,,,,,,48.0,49.6,,,,,,,,,
REC00702,Cybersecurity Analyst,Statistics,DIID,Master,1,29.6,20.8,77.0,52.7,3,57.9,Developing,,,,,,,,54.2,57.3,,,,,,,,,,,,,,,,,,,,,,,,52.8,,,,,,48.1,,,58.8,,,,
REC00703,Statistical Officer,Environment,MoSPI,Bachelor,6,56.6,42.7,75.9,80.3,1,68.8,Intermediate,,,,,,,,,69.9,,60.3,,,,,,,,,,,,,,,,,,,,,,,,77.3,,,,,,,,,,69.5,64.2
REC00704,HR Officer,Administration,Training,Master,4,50.8,51.3,74.5,61.6,4,62.3,Developing,,,,,,,65.5,,65.5,,,,,,,,,,,,,,52.3,,,66.7,,,,,,,,,,,,,,60.5,,,,,,
REC00705,Project Manager,Artificial Intelligence,DIID,Master,7,46.7,28.3,91.0,81.0,5,76.2,Intermediate,,,,,,,79.0,,72.1,,,,,,,,,,,,,,,,,,78.3,,,,,,,,,73.7,76.8,,,,,,,,,
REC00706,Policy Analyst,Cybersecurity,MoSPI,Master,3,83.1,57.9,72.2,71.3,2,65.3,Intermediate,,,,,,,,,57.2,,,,,,,,,,,,,,,,,,,,,,,,,58.3,,,,,,67.4,70.4,,,,,61.6
REC00707,Project Manager,Artificial Intelligence,DIID,Master,1,59.5,48.1,75.1,74.4,5,65.6,Intermediate,,,,,,,64.9,,60.9,,,,,,,,,,,,,,,,,,58.0,,,,,,,,,61.0,62.3,,,,,,,,,
REC00708,AI Engineer,Artificial Intelligence,IT,Bachelor,0,62.4,33.7,80.2,50.4,6,59.7,Developing,,,,,,,,,,,,,46.7,,,,,,,,,,,,,,,,,61.3,,45.9,,,,,,,48.4,,,,,45.5,,
REC00709,HR Officer,Environment,DIID,Master,6,56.7,34.9,61.5,65.3,6,56.6,Developing,,,,,,,46.4,,56.2,,,,,,,,,,,,,,66.2,,,54.0,,,,,,,,,,,,,,60.9,,,,,,
REC00710,Economist,Economics,Training,Bachelor,9,64.5,26.3,77.6,74.2,1,66.6,Intermediate,,,,,,,,,55.4,,,,,56.2,61.9,,,,,,,,,,,,,,,,,,,,,,,,,50.5,,,,,,61.4
REC00711,Cybersecurity Analyst,Education,Data & Analytics,Master,5,58.9,42.8,88.6,84.9,10,75.4,Intermediate,,,,,,,,60.9,74.5,,,,,,,,,,,,,,,,,,,,,,,,68.4,,,,,,62.1,,,68.0,,,,
REC00712,Environmental Officer,Public Policy,Training,Master,8,65.4,30.9,78.4,74.3,3,68.1,Intermediate,,,,,,,,,71.4,,,,,,,,61.0,,,,61.8,,,,,,,,,,,,,,,,,,,61.7,,,,,,64.6
REC00713,HR Officer,Agriculture,IT,Master,11,98.0,55.2,77.2,77.9,3,70.9,Intermediate,,,,,,,60.3,,69.6,,,,,,,,,,,,,,68.9,,,55.9,,,,,,,,,,,,,,65.1,,,,,,
REC00714,Data Scientist,Cybersecurity,Research,Master,16,108.9,85.1,89.3,95.3,1,85.6,Advanced,,,,,,,,,82.7,,80.3,,,,,,,,,,,,,,,,,,,86.0,,,,,,,,,89.1,,,,,,,84.4
REC00715,Finance Officer,Economics,Data & Analytics,Bachelor,1,58.5,34.7,53.8,62.1,4,50.7,Developing,50.6,,,,,,,,,,60.5,,,,,,,,42.6,47.6,,,,,,,,,,,,,,,,,,,,,,,,,,43.4
REC00716,Agriculture Officer,Cybersecurity,Research,Bachelor,0,31.0,2.0,59.4,70.9,4,53.7,Developing,,,46.1,,,,,,47.2,,,,,,,,,,,,56.9,,,,,,,,,,,,,,,,,,,65.1,,,,,,43.6
REC00717,Statistical Officer,Cybersecurity,Policy,Bachelor,12,74.5,50.8,97.2,87.3,5,83.1,Advanced,,,,,,,,,80.3,,80.6,,,,,,,,,,,,,,,,,,,,,,,,79.3,,,,,,,,,,73.0,71.6
REC00718,Cybersecurity Analyst,Agriculture,Research,Master,9,59.1,32.8,89.6,87.6,1,77.2,Intermediate,,,,,,,,68.3,77.3,,,,,,,,,,,,,,,,,,,,,,,,63.1,,,,,,71.9,,,67.4,,,,
REC00719,AI Engineer,Artificial Intelligence,Training,Bachelor,5,41.5,23.3,67.0,61.6,3,56.5,Developing,,,,,,,,,,,,,56.9,,,,,,,,,,,,,,,,,40.9,,54.0,,,,,,,61.7,,,,,49.2,,
REC00720,Economist,Public Health,IT,Master,14,54.0,38.8,71.4,53.7,4,58.9,Developing,,,,,,,,,49.8,,,,,55.2,57.2,,,,,,,,,,,,,,,,,,,,,,,,,52.8,,,,,,60.4
REC00721,Cybersecurity Analyst,Cybersecurity,Research,Master,8,65.6,46.5,57.9,83.9,2,61.7,Developing,,,,,,,,79.3,52.6,,,,,,,,,,,,,,,,,,,,,,,,60.8,,,,,,59.0,,,70.2,,,,
REC00722,Agriculture Officer,Environment,DIID,Master,4,21.7,17.2,88.8,67.1,1,67.8,Intermediate,,,63.8,,,,,,64.7,,,,,,,,,,,,46.0,,,,,,,,,,,,,,,,,,,66.3,,,,,,67.3
REC00723,Administrative Officer,Public Health,Research,Master,5,19.6,30.6,75.3,53.1,5,56.6,Developing,,50.0,,,,,45.2,,42.9,,,,,,,,,,,,,,,,,,,,,,,,,,,,47.8,,,54.9,,,,,,
REC00724,Software Engineer,Data Science,Policy,Master,2,33.9,40.2,72.4,84.0,3,66.0,Intermediate,,,,,,,,,,,,,,,,,,,,,,,,67.5,,,,,,,,,,,,68.5,,,62.4,,,,65.5,59.8,,
REC00725,Policy Analyst,Biotechnology,DIID,PhD,8,71.2,78.1,71.9,97.1,4,73.9,Intermediate,,,,,,,,,60.7,,,,,,,,,,,,,,,,,,,,,,,,,72.5,,,,,,87.3,80.3,,,,,70.8
REC00726,Project Manager,Education,IT,Master,8,62.6,38.8,100.0,70.4,4,78.5,Intermediate,,,,,,,80.1,,73.1,,,,,,,,,,,,,,,,,,66.7,,,,,,,,,80.0,72.8,,,,,,,,,
REC00727,Finance Officer,Finance,Training,Bachelor,8,73.6,44.8,72.5,52.6,1,59.1,Developing,42.0,,,,,,,,,,57.1,,,,,,,,58.1,55.9,,,,,,,,,,,,,,,,,,,,,,,,,,54.0
REC00728,HR Officer,Public Health,Administration,Master,3,52.3,47.0,62.6,76.4,2,59.4,Developing,,,,,,,54.7,,53.7,,,,,,,,,,,,,,54.7,,,49.9,,,,,,,,,,,,,,61.5,,,,,,
REC00729,Database Administrator,Computer Science,DIID,Master,4,31.3,50.9,52.0,65.5,3,51.0,Developing,,,,,,,,,,49.2,,48.1,,,,,,,,,,,,,,,,,,,,,,,,59.5,,,48.7,,,,61.9,,,
REC00730,HR Officer,Environment,IT,Bachelor,9,74.7,57.2,82.0,73.8,5,71.2,Intermediate,,,,,,,77.4,,65.8,,,,,,,,,,,,,,58.6,,,62.7,,,,,,,,,,,,,,70.6,,,,,,
REC00731,Biotechnology Faculty,Agriculture,Data & Analytics,Bachelor,10,68.5,53.5,80.0,80.4,1,71.3,Intermediate,,,,,74.5,,,,56.8,,,,,,,,,,,,,68.2,,,56.7,,,,,,63.5,,,,,,,,,,,,,,,
REC00732,Policy Analyst,Finance,Administration,Master,0,36.2,19.7,68.3,74.9,1,59.4,Developing,,,,,,,,,59.9,,,,,,,,,,,,,,,,,,,,,,,,,53.4,,,,,,51.4,51.5,,,,,46.5
REC00733,Database Administrator,Artificial Intelligence,Data & Analytics,Bachelor,6,36.5,40.0,57.4,68.4,4,54.4,Developing,,,,,,,,,,60.0,,47.6,,,,,,,,,,,,,,,,,,,,,,,,54.0,,,52.2,,,,58.7,,,
REC00734,Environmental Officer,Agriculture,IT,Bachelor,8,58.2,43.8,80.3,51.4,3,63.4,Developing,,,,,,,,,56.1,,,,,,,,66.0,,,,64.6,,,,,,,,,,,,,,,,,,,78.3,,,,,,61.8
REC00735,Statistical Officer,Agriculture,Research,Master,4,69.6,16.1,80.4,83.3,2,70.4,Intermediate,,,,,,,,,60.9,,68.8,,,,,,,,,,,,,,,,,,,,,,,,66.6,,,,,,,,,,67.0,50.6
REC00736,Policy Analyst,Environment,Training,Master,6,67.9,27.8,87.3,76.9,5,73.1,Intermediate,,,,,,,,,66.2,,,,,,,,,,,,,,,,,,,,,,,,,67.9,,,,,,65.6,64.2,,,,,74.0
REC00737,Biotechnology Faculty,Administration,Data & Analytics,PhD,1,45.8,18.3,61.1,86.5,5,61.1,Developing,,,,,71.5,,,,56.9,,,,,,,,,,,,,61.0,,,65.4,,,,,,58.7,,,,,,,,,,,,,,,
REC00738,Legal Officer,Cybersecurity,DIID,Bachelor,5,45.8,38.0,59.1,66.9,1,54.0,Developing,,,,,,,53.5,,,,,,,,,,,,,,,,,,,,,,43.2,,,,,40.8,,,,,,52.6,,48.2,,,,
REC00739,Statistical Officer,Finance,Training,Bachelor,8,43.8,29.3,76.4,86.0,5,70.1,Intermediate,,,,,,,,,75.1,,80.0,,,,,,,,,,,,,,,,,,,,,,,,65.5,,,,,,,,,,74.4,57.2
REC00740,Biotechnology Faculty,Statistics,Policy,Master,4,36.0,49.8,52.7,67.4,9,51.2,Developing,,,,,46.7,,,,46.2,,,,,,,,,,,,,48.2,,,51.2,,,,,,50.4,,,,,,,,,,,,,,,
REC00741,Research Officer,Statistics,Policy,Bachelor,3,63.9,54.8,71.4,47.7,2,56.0,Developing,,,,,,,,,52.5,,54.2,,,,,,,,,,,,,,,,,,,,,,,,,,,,,37.0,60.2,,,,,43.1
REC00742,HR Officer,Cybersecurity,Data & Analytics,Master,3,40.3,36.4,50.7,88.5,4,55.5,Developing,,,,,,,50.2,,46.1,,,,,,,,,,,,,,49.8,,,49.5,,,,,,,,,,,,,,53.9,,,,,,
REC00743,Economist,Artificial Intelligence,Administration,Master,9,61.0,45.2,87.2,53.5,3,66.4,Intermediate,,,,,,,,,49.2,,,,,54.2,69.2,,,,,,,,,,,,,,,,,,,,,,,,,52.4,,,,,,72.0
REC00744,Policy Analyst,Education,MoSPI,Master,14,79.6,30.8,67.2,84.3,2,67.7,Intermediate,,,,,,,,,63.7,,,,,,,,,,,,,,,,,,,,,,,,,70.8,,,,,,62.2,69.1,,,,,80.9
REC00745,Cybersecurity Analyst,Cybersecurity,DIID,Bachelor,0,46.0,37.3,93.4,48.3,3,65.0,Intermediate,,,,,,,,52.4,52.0,,,,,,,,,,,,,,,,,,,,,,,,46.1,,,,,,54.5,,,59.7,,,,
REC00746,Finance Officer,Public Policy,MoSPI,Master,4,41.4,56.4,60.7,73.4,4,57.4,Developing,49.1,,,,,,,,,,62.6,,,,,,,,52.8,52.9,,,,,,,,,,,,,,,,,,,,,,,,,,50.4
REC00747,HR Officer,Administration,Statistics Division,Master,2,38.2,40.9,82.1,73.4,1,68.0,Intermediate,,,,,,,62.4,,56.4,,,,,,,,,,,,,,72.0,,,60.8,,,,,,,,,,,,,,71.1,,,,,,
REC00748,Data Scientist,Data Science,Research,Master,3,65.5,51.7,63.5,84.7,4,63.4,Developing,,,,,,,,,60.7,,59.3,,,,,,,,,,,,,,,,,,,60.7,,,,,,,,,57.9,,,,,,,64.2
REC00749,Project Manager,Administration,Administration,Bachelor,8,41.1,36.9,87.4,74.6,4,72.1,Intermediate,,,,,,,60.7,,65.6,,,,,,,,,,,,,,,,,,76.4,,,,,,,,,80.2,63.1,,,,,,,,,
REC00750,Legal Officer,Administration,Training,Master,15,83.3,45.4,71.4,47.8,2,59.1,Developing,,,,,,,58.6,,,,,,,,,,,,,,,,,,,,,,66.2,,,,,57.7,,,,,,45.8,,52.8,,,,
REC00751,Database Administrator,Computer Science,IT,Master,7,61.9,69.6,100.0,69.1,5,79.0,Intermediate,,,,,,,,,,82.6,,76.7,,,,,,,,,,,,,,,,,,,,,,,,68.3,,,69.4,,,,82.6,,,
REC00752,Environmental Officer,Biotechnology,Training,Bachelor,6,83.4,51.0,71.7,94.7,3,72.8,Intermediate,,,,,,,,,73.7,,,,,,,,82.4,,,,75.2,,,,,,,,,,,,,,,,,,,71.0,,,,,,70.6
REC00753,Database Administrator,Cybersecurity,Training,PhD,9,33.3,32.4,78.3,70.5,5,65.5,Intermediate,,,,,,,,,,65.2,,63.0,,,,,,,,,,,,,,,,,,,,,,,,52.2,,,58.7,,,,68.2,,,
REC00754,Finance Officer,Finance,Research,Bachelor,0,34.8,44.5,73.6,72.8,2,62.5,Developing,41.0,,,,,,,,,,62.0,,,,,,,,59.1,59.7,,,,,,,,,,,,,,,,,,,,,,,,,,62.5
REC00755,Economist,Artificial Intelligence,Data & Analytics,PhD,5,71.4,55.9,58.2,62.9,3,55.2,Developing,,,,,,,,,51.7,,,,,58.2,51.5,,,,,,,,,,,,,,,,,,,,,,,,,48.6,,,,,,59.1
REC00756,Research Officer,Public Policy,Training,Bachelor,4,79.1,39.2,79.7,98.7,2,75.2,Intermediate,,,,,,,,,65.2,,68.4,,,,,,,,,,,,,,,,,,,,,,,,,,,,,61.0,59.1,,,,,69.5
REC00757,Research Officer,Data Science,IT,Bachelor,7,73.9,50.1,56.6,83.6,7,59.7,Developing,,,,,,,,,51.2,,56.7,,,,,,,,,,,,,,,,,,,,,,,,,,,,,47.1,58.7,,,,,51.9
REC00758,Software Engineer,Data Science,Statistics Division,Bachelor,7,68.6,49.9,77.0,66.6,3,65.4,Intermediate,,,,,,,,,,,,,,,,,,,,,,,,56.3,,,,,,,,,,,,53.7,,,60.7,,,,61.1,68.3,,
REC00759,Legal Officer,Public Policy,Training,Master,16,62.1,37.0,82.6,69.6,5,69.7,Intermediate,,,,,,,68.9,,,,,,,,,,,,,,,,,,,,,,58.8,,,,,62.6,,,,,,69.4,,58.9,,,,
REC00760,Finance Officer,Environment,Policy,PhD,6,36.5,48.7,62.4,57.7,2,54.4,Developing,53.7,,,,,,,,,,51.0,,,,,,,,55.5,46.1,,,,,,,,,,,,,,,,,,,,,,,,,,70.4
REC00761,Agriculture Officer,Finance,Statistics Division,Master,0,59.9,45.3,66.8,88.6,1,65.0,Developing,,,59.8,,,,,,60.0,,,,,,,,,,,,67.0,,,,,,,,,,,,,,,,,,,57.5,,,,,,54.4
REC00762,Project Manager,Education,MoSPI,Bachelor,10,38.6,20.8,73.4,85.7,4,67.3,Intermediate,,,,,,,59.8,,61.5,,,,,,,,,,,,,,,,,,65.1,,,,,,,,,60.8,65.8,,,,,,,,,
REC00763,Economist,Agriculture,Policy,Bachelor,6,58.3,43.7,88.1,81.7,3,75.0,Intermediate,,,,,,,,,64.1,,,,,71.2,73.8,,,,,,,,,,,,,,,,,,,,,,,,,60.1,,,,,,82.2
REC00764,Data Scientist,Agriculture,Administration,Bachelor,5,51.0,66.8,82.9,52.6,3,64.3,Developing,,,,,,,,,63.6,,67.8,,,,,,,,,,,,,,,,,,,62.2,,,,,,,,,56.7,,,,,,,58.7
REC00765,Database Administrator,Cybersecurity,IT,Master,8,63.0,37.5,89.1,80.6,1,75.2,Intermediate,,,,,,,,,,76.8,,73.6,,,,,,,,,,,,,,,,,,,,,,,,50.1,,,70.6,,,,70.5,,,
REC00766,Finance Officer,Statistics,Data & Analytics,Bachelor,2,41.6,30.2,65.8,62.2,1,56.5,Developing,57.2,,,,,,,,,,52.2,,,,,,,,48.8,65.7,,,,,,,,,,,,,,,,,,,,,,,,,,59.3
REC00767,Policy Analyst,Statistics,Administration,Master,3,69.8,29.5,87.2,75.2,3,72.0,Intermediate,,,,,,,,,68.9,,,,,,,,,,,,,,,,,,,,,,,,,64.1,,,,,,57.5,67.8,,,,,67.7
REC00768,Statistical Officer,Administration,Administration,Master,14,85.1,68.5,90.2,75.8,2,79.3,Intermediate,,,,,,,,,90.6,,81.1,,,,,,,,,,,,,,,,,,,,,,,,71.4,,,,,,,,,,85.1,92.2
REC00769,Administrative Officer,Cybersecurity,Statistics Division,Master,11,43.1,38.1,74.7,46.4,3,57.6,Developing,,44.7,,,,,58.7,,60.4,,,,,,,,,,,,,,,,,,,,,,,,,,,,56.0,,,52.4,,,,,,
REC00770,Environmental Officer,Public Health,Administration,Bachelor,1,49.2,41.0,63.9,61.9,5,55.6,Developing,,,,,,,,,39.6,,,,,,,,55.5,,,,64.9,,,,,,,,,,,,,,,,,,,63.4,,,,,,45.9
REC00771,Cybersecurity Analyst,Public Health,MoSPI,Bachelor,9,81.9,78.5,68.6,84.6,4,68.1,Intermediate,,,,,,,,66.4,66.1,,,,,,,,,,,,,,,,,,,,,,,,54.3,,,,,,65.0,,,60.4,,,,
REC00772,Education Officer,Public Policy,Research,Bachelor,3,58.8,46.6,74.6,64.3,1,62.8,Developing,,,,62.4,,,56.7,,62.3,,,,,,,56.3,,,,,,,,,,,,63.1,,,,,,,,,,,,,,,,,,
REC00773,Education Officer,Administration,Policy,Bachelor,2,81.9,73.6,76.1,71.5,3,67.5,Intermediate,,,,62.8,,,58.3,,62.3,,,,,,,56.9,,,,,,,,,,,,82.2,,,,,,,,,,,,,,,,,,
REC00774,Statistical Officer,Cybersecurity,MoSPI,Master,4,48.6,17.0,66.8,86.2,5,63.6,Developing,,,,,,,,,48.0,,64.3,,,,,,,,,,,,,,,,,,,,,,,,68.2,,,,,,,,,,57.7,59.3
REC00775,Economist,Artificial Intelligence,IT,Master,2,46.7,33.0,60.7,55.6,4,51.8,Developing,,,,,,,,,49.5,,,,,55.0,47.2,,,,,,,,,,,,,,,,,,,,,,,,,42.0,,,,,,52.8
REC00776,Agriculture Officer,Cybersecurity,IT,Bachelor,7,44.0,37.7,59.9,64.0,3,54.3,Developing,,,60.3,,,,,,48.9,,,,,,,,,,,,39.1,,,,,,,,,,,,,,,,,,,44.4,,,,,,59.3
REC00777,Policy Analyst,Public Policy,Data & Analytics,Bachelor,10,106.1,56.3,100.0,78.5,3,83.6,Advanced,,,,,,,,,68.0,,,,,,,,,,,,,,,,,,,,,,,,,66.9,,,,,,73.8,92.6,,,,,86.6
REC00778,Administrative Officer,Artificial Intelligence,Policy,Master,0,75.8,35.4,62.2,69.8,2,57.2,Developing,,40.6,,,,,49.3,,58.3,,,,,,,,,,,,,,,,,,,,,,,,,,,,51.1,,,51.9,,,,,,
REC00779,Data Scientist,Public Policy,Statistics Division,Master,3,25.9,40.2,81.0,71.4,1,66.5,Intermediate,,,,,,,,,64.4,,76.4,,,,,,,,,,,,,,,,,,,63.5,,,,,,,,,61.1,,,,,,,57.5
REC00780,Statistical Officer,Environment,Policy,Master,12,113.3,69.1,97.6,73.5,4,82.1,Advanced,,,,,,,,,76.1,,67.4,,,,,,,,,,,,,,,,,,,,,,,,96.0,,,,,,,,,,68.7,79.2
REC00781,Legal Officer,Public Health,Data & Analytics,Master,6,45.1,48.3,69.1,62.9,1,59.2,Developing,,,,,,,46.1,,,,,,,,,,,,,,,,,,,,,,58.7,,,,,53.3,,,,,,45.5,,77.5,,,,
REC00782,Cybersecurity Analyst,Agriculture,Data & Analytics,Bachelor,3,33.1,58.2,56.9,63.7,2,52.6,Developing,,,,,,,,55.8,53.4,,,,,,,,,,,,,,,,,,,,,,,,46.6,,,,,,51.1,,,53.3,,,,
REC00783,Economist,Finance,DIID,PhD,3,26.1,48.8,53.7,69.3,3,51.8,Developing,,,,,,,,,36.7,,,,,47.9,53.6,,,,,,,,,,,,,,,,,,,,,,,,,54.4,,,,,,61.3
REC00784,Data Scientist,Biotechnology,Policy,Bachelor,3,39.2,36.4,73.0,64.5,3,60.8,Developing,,,,,,,,,61.3,,58.3,,,,,,,,,,,,,,,,,,,57.1,,,,,,,,,62.9,,,,,,,54.7
REC00785,Database Administrator,Cybersecurity,Policy,Master,5,57.7,63.0,80.6,79.1,2,69.8,Intermediate,,,,,,,,,,60.1,,62.1,,,,,,,,,,,,,,,,,,,,,,,,56.6,,,52.5,,,,67.1,,,
REC00786,Administrative Officer,Statistics,DIID,Master,16,75.9,77.4,62.2,78.1,4,65.5,Intermediate,,74.7,,,,,77.2,,67.2,,,,,,,,,,,,,,,,,,,,,,,,,,,,76.6,,,63.7,,,,,,
REC00787,Agriculture Officer,Statistics,Policy,Bachelor,7,40.0,61.3,67.1,63.7,1,58.5,Developing,,,55.1,,,,,,57.0,,,,,,,,,,,,53.1,,,,,,,,,,,,,,,,,,,56.3,,,,,,52.8
REC00788,Database Administrator,Computer Science,Data & Analytics,PhD,6,50.0,15.9,69.4,83.4,3,64.0,Developing,,,,,,,,,,52.9,,53.7,,,,,,,,,,,,,,,,,,,,,,,,65.0,,,58.4,,,,55.2,,,
REC00789,Cybersecurity Analyst,Public Health,Data & Analytics,Bachelor,10,56.5,31.7,90.8,72.8,3,73.1,Intermediate,,,,,,,,65.0,57.7,,,,,,,,,,,,,,,,,,,,,,,,65.9,,,,,,52.8,,,77.4,,,,
REC00790,Biotechnology Faculty,Public Policy,Statistics Division,Bachelor,3,24.7,44.8,48.3,68.7,4,47.9,Beginner,,,,,42.3,,,,55.0,,,,,,,,,,,,,45.4,,,25.8,,,,,,46.3,,,,,,,,,,,,,,,
REC00791,Data Analyst,Statistics,Administration,Master,0,35.2,46.8,66.4,60.8,2,55.4,Developing,,,,,,,,,50.6,,56.4,,,,,,,,,,,,,,,,,,,,,,,,,,,,,,,,48.3,,46.9,50.3
REC00792,Software Engineer,Artificial Intelligence,Training,Bachelor,8,79.8,25.9,83.4,81.8,3,72.8,Intermediate,,,,,,,,,,,,,,,,,,,,,,,,57.7,,,,,,,,,,,,66.0,,,52.2,,,,76.8,71.0,,
REC00793,Economist,Administration,Policy,PhD,1,43.5,64.1,74.6,67.3,1,62.5,Developing,,,,,,,,,60.4,,,,,59.6,56.7,,,,,,,,,,,,,,,,,,,,,,,,,56.6,,,,,,49.5
REC00794,Biotechnology Faculty,Agriculture,IT,PhD,14,98.2,45.4,87.7,93.5,1,82.2,Advanced,,,,,79.5,,,,74.7,,,,,,,,,,,,,84.2,,,84.7,,,,,,82.4,,,,,,,,,,,,,,,
REC00795,Statistical Officer,Public Policy,DIID,Bachelor,12,72.0,51.0,86.8,65.1,6,71.3,Intermediate,,,,,,,,,62.5,,72.2,,,,,,,,,,,,,,,,,,,,,,,,68.7,,,,,,,,,,62.9,68.8
REC00796,Project Manager,Agriculture,Data & Analytics,Bachelor,1,72.2,60.9,68.4,56.3,5,58.8,Developing,,,,,,,52.5,,63.3,,,,,,,,,,,,,,,,,,70.1,,,,,,,,,66.9,48.6,,,,,,,,,
REC00797,Economist,Biotechnology,Policy,Bachelor,3,33.8,36.8,90.6,68.3,3,70.0,Intermediate,,,,,,,,,65.9,,,,,62.2,59.8,,,,,,,,,,,,,,,,,,,,,,,,,65.9,,,,,,60.2
REC00798,HR Officer,Environment,MoSPI,PhD,2,44.5,37.5,66.9,61.7,3,56.5,Developing,,,,,,,54.5,,48.3,,,,,,,,,,,,,,49.2,,,61.5,,,,,,,,,,,,,,48.4,,,,,,
REC00799,Administrative Officer,Agriculture,Training,Master,1,77.8,45.4,75.6,100.0,3,73.7,Intermediate,,79.0,,,,,57.9,,63.8,,,,,,,,,,,,,,,,,,,,,,,,,,,,58.1,,,75.1,,,,,,
REC00800,Economist,Economics,Training,Bachelor,17,87.0,44.9,97.4,86.2,3,84.6,Advanced,,,,,,,,,85.0,,,,,66.2,81.4,,,,,,,,,,,,,,,,,,,,,,,,,92.6,,,,,,79.7
REC00801,Economist,Agriculture,DIID,Bachelor,2,64.1,67.0,63.0,84.9,5,62.8,Developing,,,,,,,,,42.3,,,,,52.2,64.1,,,,,,,,,,,,,,,,,,,,,,,,,59.1,,,,,,64.8
REC00802,Research Officer,Public Policy,Data & Analytics,Bachelor,7,35.7,48.2,74.4,73.3,4,65.0,Intermediate,,,,,,,,,65.1,,74.2,,,,,,,,,,,,,,,,,,,,,,,,,,,,,52.8,62.5,,,,,65.0
REC00803,Data Scientist,Statistics,Research,Master,5,78.7,40.5,62.2,100.0,3,68.3,Intermediate,,,,,,,,,72.7,,61.6,,,,,,,,,,,,,,,,,,,69.6,,,,,,,,,65.1,,,,,,,70.6
REC00804,Environmental Officer,Artificial Intelligence,IT,Bachelor,3,46.2,29.7,75.7,73.5,2,64.8,Developing,,,,,,,,,54.2,,,,,,,,70.6,,,,61.6,,,,,,,,,,,,,,,,,,,53.8,,,,,,66.6
REC00805,Data Scientist,Biotechnology,Statistics Division,Bachelor,1,54.9,32.0,68.9,59.6,2,57.1,Developing,,,,,,,,,57.0,,49.9,,,,,,,,,,,,,,,,,,,53.1,,,,,,,,,52.3,,,,,,,48.7
REC00806,Education Officer,Agriculture,Data & Analytics,Master,12,67.9,22.0,69.8,60.5,1,59.2,Developing,,,,46.3,,,54.4,,50.7,,,,,,,50.4,,,,,,,,,,,,54.7,,,,,,,,,,,,,,,,,,
REC00807,Administrative Officer,Public Policy,Statistics Division,Master,12,113.1,68.8,60.4,68.9,1,62.6,Developing,,63.1,,,,,72.7,,68.9,,,,,,,,,,,,,,,,,,,,,,,,,,,,58.7,,,69.0,,,,,,
REC00808,Data Scientist,Cybersecurity,IT,PhD,0,61.4,35.9,68.3,89.9,3,66.6,Intermediate,,,,,,,,,65.4,,65.2,,,,,,,,,,,,,,,,,,,67.3,,,,,,,,,62.8,,,,,,,64.1
REC00809,Cybersecurity Analyst,Data Science,DIID,PhD,8,95.4,34.1,60.6,73.1,5,60.3,Developing,,,,,,,,56.7,49.7,,,,,,,,,,,,,,,,,,,,,,,,66.2,,,,,,64.0,,,52.9,,,,
REC00810,Biotechnology Faculty,Economics,Research,Master,1,27.4,19.9,87.2,77.3,5,70.0,Intermediate,,,,,63.8,,,,58.8,,,,,,,,,,,,,65.1,,,65.0,,,,,,66.9,,,,,,,,,,,,,,,
REC00811,HR Officer,Public Health,IT,Bachelor,19,76.7,65.2,75.3,41.7,1,60.4,Developing,,,,,,,52.5,,63.7,,,,,,,,,,,,,,50.6,,,60.0,,,,,,,,,,,,,,65.4,,,,,,
REC00812,AI Engineer,Artificial Intelligence,Statistics Division,Master,8,15.0,50.0,59.4,66.5,1,54.3,Developing,,,,,,,,,,,,,59.0,,,,,,,,,,,,,,,,,39.2,,49.1,,,,,,,48.6,,,,,73.6,,
REC00813,Administrative Officer,Statistics,Statistics Division,Master,17,56.4,40.7,82.7,86.8,4,75.1,Intermediate,,72.9,,,,,74.7,,60.3,,,,,,,,,,,,,,,,,,,,,,,,,,,,72.8,,,74.6,,,,,,
REC00814,Public Health Officer,Statistics,Data & Analytics,Bachelor,5,59.8,16.9,87.1,72.5,3,71.8,Intermediate,,,,,,71.8,,,70.9,,,,,,,,,64.9,,,,,,,,,,,,,,,,,,,,75.5,,76.5,,,,,,
REC00815,Administrative Officer,Public Health,Statistics Division,Master,1,60.9,42.0,64.6,66.8,7,56.8,Developing,,60.4,,,,,48.6,,45.7,,,,,,,,,,,,,,,,,,,,,,,,,,,,43.7,,,41.7,,,,,,
REC00816,HR Officer,Education,MoSPI,Bachelor,0,39.6,42.3,98.2,49.0,3,68.5,Intermediate,,,,,,,70.9,,46.0,,,,,,,,,,,,,,61.9,,,55.4,,,,,,,,,,,,,,71.6,,,,,,
REC00817,Research Officer,Economics,Research,Bachelor,9,20.8,25.3,84.4,85.8,1,72.1,Intermediate,,,,,,,,,62.8,,71.7,,,,,,,,,,,,,,,,,,,,,,,,,,,,,76.0,70.5,,,,,52.5
REC00818,Economist,Environment,DIID,PhD,11,63.7,40.9,83.7,71.1,2,69.4,Intermediate,,,,,,,,,54.7,,,,,68.8,60.2,,,,,,,,,,,,,,,,,,,,,,,,,55.6,,,,,,53.2
REC00819,Environmental Officer,Public Health,DIID,PhD,5,26.1,35.7,65.4,76.2,6,59.8,Developing,,,,,,,,,53.1,,,,,,,,49.1,,,,73.5,,,,,,,,,,,,,,,,,,,56.5,,,,,,57.0
REC00820,Cybersecurity Analyst,Public Health,Data & Analytics,Master,11,96.9,79.9,73.7,74.6,4,69.6,Intermediate,,,,,,,,71.5,70.2,,,,,,,,,,,,,,,,,,,,,,,,56.5,,,,,,70.6,,,71.2,,,,
REC00821,Data Scientist,Public Health,Statistics Division,Master,14,73.5,62.1,93.0,100.0,4,85.5,Advanced,,,,,,,,,72.7,,81.8,,,,,,,,,,,,,,,,,,,82.2,,,,,,,,,77.9,,,,,,,91.2
REC00822,Administrative Officer,Biotechnology,Administration,PhD,7,91.4,56.4,89.9,97.7,4,82.6,Advanced,,68.4,,,,,79.5,,75.5,,,,,,,,,,,,,,,,,,,,,,,,,,,,81.2,,,76.9,,,,,,
REC00823,Software Engineer,Artificial Intelligence,IT,Master,2,32.2,35.1,62.2,63.3,1,54.1,Developing,,,,,,,,,,,,,,,,,,,,,,,,42.9,,,,,,,,,,,,44.0,,,52.5,,,,59.4,56.9,,
REC00824,Biotechnology Faculty,Economics,Administration,PhD,6,56.4,39.0,81.5,76.4,4,70.0,Intermediate,,,,,66.8,,,,64.4,,,,,,,,,,,,,72.5,,,66.5,,,,,,62.9,,,,,,,,,,,,,,,
REC00825,Administrative Officer,Artificial Intelligence,Data & Analytics,Master,3,23.8,28.9,81.0,63.1,3,62.7,Developing,,41.9,,,,,60.8,,42.8,,,,,,,,,,,,,,,,,,,,,,,,,,,,68.5,,,63.6,,,,,,
REC00826,Environmental Officer,Administration,DIID,Bachelor,6,47.0,67.4,46.2,72.2,3,51.8,Developing,,,,,,,,,58.2,,,,,,,,50.6,,,,47.5,,,,,,,,,,,,,,,,,,,56.5,,,,,,69.6
REC00827,Education Officer,Agriculture,Policy,Bachelor,4,27.0,41.8,85.1,73.0,5,69.2,Intermediate,,,,62.2,,,79.2,,60.7,,,,,,,59.8,,,,,,,,,,,,70.3,,,,,,,,,,,,,,,,,,
REC00828,Economist,Finance,Research,Master,4,72.7,39.6,51.1,71.7,5,53.6,Developing,,,,,,,,,52.3,,,,,51.4,64.0,,,,,,,,,,,,,,,,,,,,,,,,,47.5,,,,,,52.1
REC00829,Agriculture Officer,Economics,MoSPI,Master,0,42.6,32.1,65.0,76.0,4,58.4,Developing,,,41.3,,,,,,50.6,,,,,,,,,,,,62.6,,,,,,,,,,,,,,,,,,,49.2,,,,,,44.4
REC00830,Administrative Officer,Public Health,Administration,Master,7,102.7,49.6,74.1,79.4,5,70.3,Intermediate,,73.3,,,,,65.8,,65.1,,,,,,,,,,,,,,,,,,,,,,,,,,,,73.1,,,73.0,,,,,,
REC00831,Finance Officer,Finance,Research,Master,7,5.0,14.7,54.0,65.0,2,49.1,Beginner,54.9,,,,,,,,,,47.8,,,,,,,,49.6,43.2,,,,,,,,,,,,,,,,,,,,,,,,,,42.2
REC00832,Education Officer,Education,IT,Bachelor,6,51.9,31.9,74.5,77.4,5,65.7,Intermediate,,,,54.6,,,57.1,,57.1,,,,,,,69.2,,,,,,,,,,,,63.2,,,,,,,,,,,,,,,,,,
REC00833,Software Engineer,Data Science,MoSPI,Bachelor,4,35.5,16.2,71.1,86.3,6,64.2,Developing,,,,,,,,,,,,,,,,,,,,,,,,47.2,,,,,,,,,,,,60.2,,,53.0,,,,59.2,51.4,,
REC00834,Finance Officer,Agriculture,Data & Analytics,Bachelor,7,67.8,71.3,71.3,50.2,4,59.3,Developing,67.5,,,,,,,,,,57.4,,,,,,,,51.7,71.7,,,,,,,,,,,,,,,,,,,,,,,,,,53.1
REC00835,Economist,Cybersecurity,IT,Master,12,31.8,38.5,82.2,71.2,4,68.0,Intermediate,,,,,,,,,53.5,,,,,68.1,62.2,,,,,,,,,,,,,,,,,,,,,,,,,64.5,,,,,,64.9
REC00836,Public Health Officer,Biotechnology,Administration,Master,6,63.3,25.2,63.7,56.0,5,54.5,Developing,,,,,,58.0,,,41.5,,,,,,,,,58.3,,,,,,,,,,,,,,,,,,,,45.9,,53.0,,,,,,
REC00837,Statistical Officer,Administration,IT,Master,3,60.2,32.4,81.2,82.4,2,70.9,Intermediate,,,,,,,,,58.2,,78.4,,,,,,,,,,,,,,,,,,,,,,,,65.2,,,,,,,,,,66.5,63.7
REC00838,Policy Analyst,Finance,Administration,Master,7,11.7,36.0,88.6,71.7,5,70.4,Intermediate,,,,,,,,,78.0,,,,,,,,,,,,,,,,,,,,,,,,,66.4,,,,,,73.7,61.9,,,,,64.2
REC00839,Finance Officer,Economics,Statistics Division,Bachelor,2,48.6,40.7,89.3,76.2,1,72.2,Intermediate,39.5,,,,,,,,,,66.5,,,,,,,,68.2,75.1,,,,,,,,,,,,,,,,,,,,,,,,,,69.8
REC00840,Environmental Officer,Statistics,Statistics Division,Master,10,98.0,61.9,87.8,85.4,3,80.4,Advanced,,,,,,,,,71.6,,,,,,,,77.2,,,,83.7,,,,,,,,,,,,,,,,,,,92.3,,,,,,89.4
REC00841,Project Manager,Computer Science,Data & Analytics,Bachelor,10,106.4,52.6,81.8,68.7,3,71.1,Intermediate,,,,,,,70.8,,70.2,,,,,,,,,,,,,,,,,,61.1,,,,,,,,,56.5,70.0,,,,,,,,,
REC00842,Data Scientist,Public Policy,Policy,PhD,9,84.9,24.9,100.0,100.0,4,87.5,Advanced,,,,,,,,,80.0,,87.4,,,,,,,,,,,,,,,,,,,77.6,,,,,,,,,79.6,,,,,,,76.6
REC00843,Data Scientist,Cybersecurity,Training,PhD,5,50.6,25.6,87.7,61.3,7,68.0,Intermediate,,,,,,,,,68.4,,54.9,,,,,,,,,,,,,,,,,,,55.6,,,,,,,,,76.1,,,,,,,69.1
REC00844,Environmental Officer,Public Policy,Research,PhD,5,52.6,65.5,99.7,68.4,4,76.8,Intermediate,,,,,,,,,78.7,,,,,,,,57.6,,,,65.1,,,,,,,,,,,,,,,,,,,77.8,,,,,,63.0
REC00845,HR Officer,Data Science,DIID,Master,4,28.2,32.9,78.4,76.1,3,66.6,Intermediate,,,,,,,68.5,,63.6,,,,,,,,,,,,,,65.7,,,65.6,,,,,,,,,,,,,,60.6,,,,,,
REC00846,Research Officer,Education,Administration,Bachelor,1,11.0,26.0,74.3,64.1,2,59.1,Developing,,,,,,,,,62.9,,57.9,,,,,,,,,,,,,,,,,,,,,,,,,,,,,54.9,49.2,,,,,53.9
REC00847,HR Officer,Public Policy,Data & Analytics,PhD,14,66.3,63.0,61.8,79.5,4,63.6,Developing,,,,,,,68.0,,58.8,,,,,,,,,,,,,,70.5,,,72.5,,,,,,,,,,,,,,54.7,,,,,,
REC00848,Agriculture Officer,Administration,MoSPI,Bachelor,2,77.8,24.0,89.0,84.1,2,76.3,Intermediate,,,65.4,,,,,,69.6,,,,,,,,,,,,72.7,,,,,,,,,,,,,,,,,,,75.8,,,,,,82.2
REC00849,Education Officer,Statistics,IT,Master,19,69.7,59.4,70.0,98.6,2,74.8,Intermediate,,,,84.5,,,78.2,,74.2,,,,,,,77.2,,,,,,,,,,,,76.8,,,,,,,,,,,,,,,,,,
REC00850,Education Officer,Biotechnology,Policy,Master,1,63.7,44.0,84.9,82.0,2,73.1,Intermediate,,,,66.3,,,72.6,,69.9,,,,,,,77.3,,,,,,,,,,,,59.1,,,,,,,,,,,,,,,,,,
REC00851,Project Manager,Public Policy,Data & Analytics,PhD,0,37.7,38.0,54.3,73.0,1,52.7,Developing,,,,,,,44.6,,47.8,,,,,,,,,,,,,,,,,,54.0,,,,,,,,,49.6,52.7,,,,,,,,,
REC00852,Legal Officer,Environment,Research,PhD,6,68.2,53.4,97.3,83.7,3,80.8,Advanced,,,,,,,87.1,,,,,,,,,,,,,,,,,,,,,,58.0,,,,,68.8,,,,,,78.5,,73.2,,,,
REC00853,Legal Officer,Education,Data & Analytics,Bachelor,0,73.1,42.1,71.5,50.8,2,56.7,Developing,,,,,,,50.3,,,,,,,,,,,,,,,,,,,,,,68.6,,,,,43.2,,,,,,44.8,,44.8,,,,
REC00854,Database Administrator,Artificial Intelligence,Policy,Master,13,48.8,45.8,83.5,81.8,2,74.2,Intermediate,,,,,,,,,,86.4,,78.3,,,,,,,,,,,,,,,,,,,,,,,,70.8,,,72.1,,,,69.5,,,
REC00855,Finance Officer,Finance,DIID,PhD,3,60.7,45.5,68.7,85.3,2,66.0,Intermediate,68.0,,,,,,,,,,62.2,,,,,,,,58.8,68.9,,,,,,,,,,,,,,,,,,,,,,,,,,61.4
REC00856,Legal Officer,Administration,IT,Master,8,82.9,62.2,68.8,100.0,4,72.2,Intermediate,,,,,,,58.7,,,,,,,,,,,,,,,,,,,,,,63.7,,,,,74.8,,,,,,60.8,,74.7,,,,
REC00857,AI Engineer,Artificial Intelligence,Policy,Master,3,18.6,26.6,77.9,59.8,4,59.9,Developing,,,,,,,,,,,,,47.6,,,,,,,,,,,,,,,,,51.3,,55.0,,,,,,,55.4,,,,,58.3,,
REC00858,Cybersecurity Analyst,Public Policy,Administration,PhD,10,81.2,69.8,78.3,77.6,1,71.0,Intermediate,,,,,,,,77.9,57.7,,,,,,,,,,,,,,,,,,,,,,,,71.8,,,,,,67.0,,,53.7,,,,
REC00859,Data Scientist,Environment,Data & Analytics,Bachelor,8,68.7,33.1,65.0,71.2,2,60.8,Developing,,,,,,,,,64.4,,57.8,,,,,,,,,,,,,,,,,,,61.4,,,,,,,,,64.8,,,,,,,50.7
REC00860,Statistical Officer,Administration,Administration,Master,4,94.3,47.0,93.0,48.6,1,68.4,Intermediate,,,,,,,,,72.5,,59.4,,,,,,,,,,,,,,,,,,,,,,,,51.1,,,,,,,,,,52.9,51.2
REC00861,Statistical Officer,Environment,MoSPI,PhD,8,66.3,67.9,64.5,52.6,2,56.6,Developing,,,,,,,,,62.7,,50.6,,,,,,,,,,,,,,,,,,,,,,,,58.8,,,,,,,,,,55.0,64.9
REC00862,Environmental Officer,Administration,Training,Bachelor,6,65.8,51.1,59.5,82.2,1,61.0,Developing,,,,,,,,,63.3,,,,,,,,56.7,,,,63.0,,,,,,,,,,,,,,,,,,,55.7,,,,,,54.5
REC00863,Biotechnology Faculty,Agriculture,Policy,Master,6,90.6,38.6,80.1,76.9,2,70.7,Intermediate,,,,,48.9,,,,67.3,,,,,,,,,,,,,69.1,,,65.3,,,,,,71.8,,,,,,,,,,,,,,,
REC00864,Data Scientist,Finance,Training,Bachelor,0,23.5,23.2,74.3,28.0,5,48.8,Beginner,,,,,,,,,45.9,,44.6,,,,,,,,,,,,,,,,,,,49.1,,,,,,,,,42.7,,,,,,,41.1
REC00865,Biotechnology Faculty,Public Health,Training,Master,5,47.6,63.4,88.9,59.4,2,68.8,Intermediate,,,,,61.2,,,,71.2,,,,,,,,,,,,,64.8,,,63.7,,,,,,60.0,,,,,,,,,,,,,,,
REC00866,Economist,Data Science,DIID,Master,1,54.6,55.8,64.5,93.3,7,66.2,Intermediate,,,,,,,,,66.7,,,,,68.3,65.4,,,,,,,,,,,,,,,,,,,,,,,,,66.0,,,,,,63.0
REC00867,Education Officer,Public Policy,MoSPI,Master,3,35.5,44.1,55.1,80.4,2,55.3,Developing,,,,46.1,,,57.3,,44.2,,,,,,,55.0,,,,,,,,,,,,43.0,,,,,,,,,,,,,,,,,,
REC00868,HR Officer,Statistics,Training,Bachelor,6,92.2,15.4,57.2,88.3,2,62.0,Developing,,,,,,,67.3,,65.9,,,,,,,,,,,,,,55.5,,,55.2,,,,,,,,,,,,,,55.8,,,,,,
REC00869,Software Engineer,Computer Science,IT,Master,10,47.0,36.8,82.8,62.6,6,66.2,Intermediate,,,,,,,,,,,,,,,,,,,,,,,,55.5,,,,,,,,,,,,50.2,,,65.9,,,,65.7,64.5,,
REC00870,Public Health Officer,Cybersecurity,Policy,PhD,2,54.0,36.5,56.0,90.6,2,60.3,Developing,,,,,,54.6,,,58.8,,,,,,,,,65.8,,,,,,,,,,,,,,,,,,,,64.6,,53.0,,,,,,
REC00871,Software Engineer,Computer Science,IT,Master,0,53.6,21.9,84.9,68.7,5,67.3,Intermediate,,,,,,,,,,,,,,,,,,,,,,,,72.7,,,,,,,,,,,,51.9,,,54.9,,,,65.1,55.1,,
REC00872,Economist,Biotechnology,Training,Master,17,52.8,24.0,79.1,79.9,4,70.7,Intermediate,,,,,,,,,62.1,,,,,56.7,70.5,,,,,,,,,,,,,,,,,,,,,,,,,81.9,,,,,,67.4
REC00873,Education Officer,Agriculture,MoSPI,Bachelor,0,23.4,60.2,89.8,81.5,4,73.8,Intermediate,,,,79.5,,,77.5,,67.3,,,,,,,66.6,,,,,,,,,,,,57.1,,,,,,,,,,,,,,,,,,
REC00874,Policy Analyst,Data Science,Research,Master,10,54.1,32.8,86.5,86.1,4,75.7,Intermediate,,,,,,,,,70.8,,,,,,,,,,,,,,,,,,,,,,,,,81.1,,,,,,57.0,75.6,,,,,76.2
REC00875,Cybersecurity Analyst,Biotechnology,Training,PhD,8,65.4,39.0,93.7,86.5,4,79.9,Intermediate,,,,,,,,76.9,70.9,,,,,,,,,,,,,,,,,,,,,,,,79.8,,,,,,72.5,,,74.1,,,,
REC00876,Economist,Biotechnology,MoSPI,Bachelor,1,55.8,76.6,84.8,82.6,3,73.4,Intermediate,,,,,,,,,73.5,,,,,66.5,67.6,,,,,,,,,,,,,,,,,,,,,,,,,69.2,,,,,,59.8
REC00877,Cybersecurity Analyst,Computer Science,Administration,Master,0,52.2,75.9,62.2,78.2,4,59.7,Developing,,,,,,,,50.3,43.7,,,,,,,,,,,,,,,,,,,,,,,,53.0,,,,,,60.2,,,57.6,,,,
REC00878,Software Engineer,Artificial Intelligence,Policy,Master,0,37.6,47.2,64.4,55.6,4,53.3,Developing,,,,,,,,,,,,,,,,,,,,,,,,59.6,,,,,,,,,,,,52.0,,,50.5,,,,48.9,40.8,,
REC00879,Data Analyst,Artificial Intelligence,Research,Bachelor,6,72.2,79.0,76.0,74.5,2,68.7,Intermediate,,,,,,,,,59.4,,74.4,,,,,,,,,,,,,,,,,,,,,,,,,,,,,,,,62.4,,67.5,69.7
REC00880,Project Manager,Statistics,Statistics Division,Bachelor,12,73.0,16.3,77.8,68.0,3,66.7,Intermediate,,,,,,,61.6,,61.5,,,,,,,,,,,,,,,,,,72.3,,,,,,,,,57.0,68.2,,,,,,,,,
REC00881,Research Officer,Education,Policy,PhD,6,59.3,31.3,76.7,52.7,2,60.6,Developing,,,,,,,,,49.8,,65.6,,,,,,,,,,,,,,,,,,,,,,,,,,,,,68.9,50.4,,,,,59.2
REC00882,HR Officer,Public Policy,MoSPI,Bachelor,3,36.2,37.6,71.9,95.2,1,68.5,Intermediate,,,,,,,59.3,,66.4,,,,,,,,,,,,,,65.6,,,53.3,,,,,,,,,,,,,,69.5,,,,,,
REC00883,Project Manager,Biotechnology,DIID,PhD,7,96.8,62.6,79.1,100.0,5,78.9,Intermediate,,,,,,,74.4,,71.4,,,,,,,,,,,,,,,,,,83.5,,,,,,,,,85.0,73.2,,,,,,,,,
REC00884,Statistical Officer,Finance,MoSPI,Bachelor,11,85.0,74.7,84.9,70.5,2,73.3,Intermediate,,,,,,,,,78.0,,68.2,,,,,,,,,,,,,,,,,,,,,,,,82.3,,,,,,,,,,64.4,56.7
REC00885,Agriculture Officer,Biotechnology,Statistics Division,Bachelor,19,55.2,29.1,84.0,55.9,1,66.5,Intermediate,,,61.8,,,,,,61.4,,,,,,,,,,,,64.1,,,,,,,,,,,,,,,,,,,59.2,,,,,,64.6
REC00886,Data Scientist,Public Health,Research,PhD,3,67.9,44.6,62.9,58.7,1,55.4,Developing,,,,,,,,,48.7,,60.0,,,,,,,,,,,,,,,,,,,51.2,,,,,,,,,50.8,,,,,,,52.6
REC00887,Environmental Officer,Education,IT,Master,11,86.7,86.5,97.4,95.0,3,87.9,Advanced,,,,,,,,,80.1,,,,,,,,98.3,,,,88.8,,,,,,,,,,,,,,,,,,,88.5,,,,,,78.1
REC00888,Database Administrator,Data Science,MoSPI,Bachelor,0,49.5,36.6,73.8,97.3,3,70.4,Intermediate,,,,,,,,,,78.5,,61.5,,,,,,,,,,,,,,,,,,,,,,,,54.2,,,63.3,,,,65.9,,,
REC00889,Database Administrator,Cybersecurity,Research,Master,0,37.0,48.7,70.6,86.3,4,65.9,Intermediate,,,,,,,,,,68.6,,52.4,,,,,,,,,,,,,,,,,,,,,,,,63.5,,,73.7,,,,64.2,,,
REC00890,Statistical Officer,Data Science,Research,Master,4,67.3,52.4,77.8,87.4,3,72.5,Intermediate,,,,,,,,,73.7,,68.7,,,,,,,,,,,,,,,,,,,,,,,,81.6,,,,,,,,,,58.3,80.4
REC00891,Research Officer,Finance,DIID,Master,3,15.7,33.8,76.6,58.6,2,59.5,Developing,,,,,,,,,56.2,,56.8,,,,,,,,,,,,,,,,,,,,,,,,,,,,,61.5,49.8,,,,,59.8
REC00892,AI Engineer,Artificial Intelligence,Policy,Master,12,48.2,20.3,84.5,69.1,5,69.2,Intermediate,,,,,,,,,,,,,65.7,,,,,,,,,,,,,,,,,69.9,,71.8,,,,,,,58.7,,,,,60.6,,
REC00893,Public Health Officer,Cybersecurity,Training,Master,0,83.6,57.4,79.0,79.1,4,71.4,Intermediate,,,,,,70.0,,,75.4,,,,,,,,,71.2,,,,,,,,,,,,,,,,,,,,77.8,,67.7,,,,,,
REC00894,Education Officer,Biotechnology,Research,Bachelor,1,41.4,44.0,66.9,81.5,5,62.6,Developing,,,,56.7,,,68.2,,43.6,,,,,,,71.4,,,,,,,,,,,,61.6,,,,,,,,,,,,,,,,,,
REC00895,Legal Officer,Cybersecurity,Training,PhD,4,95.6,58.8,76.2,54.1,3,62.7,Developing,,,,,,,58.5,,,,,,,,,,,,,,,,,,,,,,52.6,,,,,69.6,,,,,,47.2,,61.7,,,,
REC00896,AI Engineer,Cybersecurity,Policy,PhD,1,70.9,51.4,76.3,80.1,1,68.7,Intermediate,,,,,,,,,,,,,73.8,,,,,,,,,,,,,,,,,72.1,,55.4,,,,,,,62.5,,,,,62.4,,
REC00897,HR Officer,Biotechnology,IT,PhD,16,59.5,60.5,94.9,77.5,3,79.5,Intermediate,,,,,,,75.5,,66.2,,,,,,,,,,,,,,77.1,,,82.0,,,,,,,,,,,,,,78.7,,,,,,
REC00898,Project Manager,Public Health,MoSPI,Bachelor,7,59.1,45.0,54.5,92.0,1,61.8,Developing,,,,,,,63.6,,65.7,,,,,,,,,,,,,,,,,,61.2,,,,,,,,,65.7,66.9,,,,,,,,,
REC00899,Education Officer,Data Science,DIID,Bachelor,5,64.3,68.2,91.6,73.1,6,74.6,Intermediate,,,,69.3,,,73.2,,55.8,,,,,,,70.3,,,,,,,,,,,,63.3,,,,,,,,,,,,,,,,,,
REC00900,Biotechnology Faculty,Public Policy,Research,Master,15,125.2,34.2,69.5,100.0,1,74.8,Intermediate,,,,,67.2,,,,70.5,,,,,,,,,,,,,70.0,,,64.8,,,,,,70.5,,,,,,,,,,,,,,,
REC00901,Software Engineer,Computer Science,Training,Bachelor,12,94.7,64.3,61.4,72.9,1,62.5,Developing,,,,,,,,,,,,,,,,,,,,,,,,58.3,,,,,,,,,,,,62.1,,,68.6,,,,56.6,65.5,,
REC00902,Finance Officer,Data Science,Training,Bachelor,1,48.3,45.7,67.6,86.4,1,63.8,Developing,56.4,,,,,,,,,,56.0,,,,,,,,54.2,64.3,,,,,,,,,,,,,,,,,,,,,,,,,,49.1
REC00903,Software Engineer,Computer Science,MoSPI,Bachelor,11,115.7,82.8,70.4,100.0,4,75.6,Intermediate,,,,,,,,,,,,,,,,,,,,,,,,59.5,,,,,,,,,,,,68.5,,,71.6,,,,76.5,71.0,,
REC00904,Biotechnology Faculty,Agriculture,MoSPI,Master,11,58.2,55.8,76.5,59.9,2,63.8,Developing,,,,,68.5,,,,58.0,,,,,,,,,,,,,51.1,,,66.6,,,,,,57.3,,,,,,,,,,,,,,,
REC00905,Legal Officer,Environment,DIID,Master,13,58.6,40.0,60.3,58.8,1,54.5,Developing,,,,,,,50.4,,,,,,,,,,,,,,,,,,,,,,49.9,,,,,49.8,,,,,,54.0,,45.2,,,,
REC00906,Data Analyst,Finance,DIID,Bachelor,19,118.0,53.6,100.0,76.8,4,85.7,Advanced,,,,,,,,,80.5,,82.8,,,,,,,,,,,,,,,,,,,,,,,,,,,,,,,,80.5,,78.0,98.4
REC00907,Data Scientist,Environment,Research,Master,6,74.7,48.5,78.4,84.6,3,71.8,Intermediate,,,,,,,,,67.3,,68.3,,,,,,,,,,,,,,,,,,,66.8,,,,,,,,,68.5,,,,,,,67.0
REC00908,HR Officer,Cybersecurity,MoSPI,Master,10,104.2,27.4,71.4,87.5,5,70.4,Intermediate,,,,,,,72.3,,60.6,,,,,,,,,,,,,,63.8,,,66.8,,,,,,,,,,,,,,64.5,,,,,,
REC00909,Cybersecurity Analyst,Cybersecurity,Data & Analytics,Bachelor,17,97.7,45.3,59.5,93.6,2,68.0,Intermediate,,,,,,,,85.9,66.4,,,,,,,,,,,,,,,,,,,,,,,,68.9,,,,,,64.8,,,57.7,,,,
REC00910,Research Officer,Administration,MoSPI,Bachelor,1,47.3,58.5,83.5,57.1,6,64.8,Developing,,,,,,,,,66.3,,61.9,,,,,,,,,,,,,,,,,,,,,,,,,,,,,66.7,54.0,,,,,61.1
REC00911,Economist,Artificial Intelligence,Administration,Master,4,24.1,32.5,88.7,93.0,2,76.0,Intermediate,,,,,,,,,74.0,,,,,81.4,68.3,,,,,,,,,,,,,,,,,,,,,,,,,67.1,,,,,,58.4
REC00912,Policy Analyst,Public Policy,Statistics Division,Master,2,32.5,52.4,69.9,68.2,5,59.1,Developing,,,,,,,,,47.9,,,,,,,,,,,,,,,,,,,,,,,,,59.8,,,,,,48.6,49.9,,,,,48.8
REC00913,Project Manager,Public Policy,MoSPI,PhD,4,31.2,49.9,68.8,64.4,3,58.3,Developing,,,,,,,46.8,,49.4,,,,,,,,,,,,,,,,,,54.9,,,,,,,,,67.5,51.3,,,,,,,,,
REC00914,Cybersecurity Analyst,Biotechnology,Training,PhD,0,35.1,14.1,66.5,67.9,3,56.3,Developing,,,,,,,,53.1,40.4,,,,,,,,,,,,,,,,,,,,,,,,45.6,,,,,,53.4,,,57.3,,,,
REC00915,Environmental Officer,Finance,Policy,Bachelor,7,51.8,70.6,67.8,91.7,6,67.9,Intermediate,,,,,,,,,60.1,,,,,,,,69.9,,,,58.5,,,,,,,,,,,,,,,,,,,62.4,,,,,,66.9
REC00916,Public Health Officer,Public Policy,Statistics Division,Bachelor,10,74.1,55.7,80.8,81.7,2,73.7,Intermediate,,,,,,82.0,,,55.2,,,,,,,,,78.1,,,,,,,,,,,,,,,,,,,,81.3,,71.0,,,,,,
REC00917,Statistical Officer,Cybersecurity,Administration,Bachelor,9,67.6,54.6,60.4,74.3,2,59.2,Developing,,,,,,,,,56.1,,60.2,,,,,,,,,,,,,,,,,,,,,,,,51.2,,,,,,,,,,45.1,54.6
REC00918,Economist,Data Science,Data & Analytics,PhD,3,24.9,58.0,80.8,100.0,3,75.2,Intermediate,,,,,,,,,67.1,,,,,71.3,78.7,,,,,,,,,,,,,,,,,,,,,,,,,72.4,,,,,,73.9
REC00919,Project Manager,Agriculture,IT,PhD,6,38.2,32.9,77.6,75.1,4,66.3,Intermediate,,,,,,,62.6,,67.4,,,,,,,,,,,,,,,,,,55.6,,,,,,,,,70.9,55.6,,,,,,,,,
REC00920,Legal Officer,Economics,Administration,PhD,5,93.3,68.4,74.0,59.1,4,62.9,Developing,,,,,,,56.6,,,,,,,,,,,,,,,,,,,,,,71.3,,,,,49.9,,,,,,54.5,,45.3,,,,
REC00921,Cybersecurity Analyst,Agriculture,Training,Master,4,61.6,33.9,81.5,68.0,1,66.5,Intermediate,,,,,,,,61.5,63.2,,,,,,,,,,,,,,,,,,,,,,,,56.9,,,,,,53.4,,,57.9,,,,
REC00922,Cybersecurity Analyst,Computer Science,Research,Bachelor,4,65.2,70.2,98.0,84.1,2,82.1,Advanced,,,,,,,,82.7,59.0,,,,,,,,,,,,,,,,,,,,,,,,81.6,,,,,,85.2,,,85.5,,,,
REC00923,Policy Analyst,Cybersecurity,IT,Bachelor,0,48.7,48.6,76.5,84.9,3,68.2,Intermediate,,,,,,,,,59.1,,,,,,,,,,,,,,,,,,,,,,,,,73.6,,,,,,60.6,57.6,,,,,55.1
REC00924,Environmental Officer,Finance,IT,Bachelor,10,89.2,74.3,64.7,95.7,2,70.1,Intermediate,,,,,,,,,70.1,,,,,,,,64.7,,,,62.3,,,,,,,,,,,,,,,,,,,75.9,,,,,,63.1
REC00925,Finance Officer,Finance,MoSPI,Bachelor,4,50.7,48.1,66.2,82.6,4,63.7,Developing,62.2,,,,,,,,,,62.9,,,,,,,,62.1,66.7,,,,,,,,,,,,,,,,,,,,,,,,,,57.4
REC00926,Finance Officer,Agriculture,IT,Master,13,59.9,18.9,71.8,63.0,5,61.0,Developing,57.8,,,,,,,,,,41.8,,,,,,,,56.9,64.3,,,,,,,,,,,,,,,,,,,,,,,,,,54.4
REC00927,Data Scientist,Artificial Intelligence,Data & Analytics,PhD,11,97.9,45.0,84.2,49.3,5,66.8,Intermediate,,,,,,,,,62.7,,63.1,,,,,,,,,,,,,,,,,,,64.2,,,,,,,,,62.7,,,,,,,73.6
REC00928,Software Engineer,Artificial Intelligence,IT,Master,3,81.2,21.6,54.9,96.5,3,62.1,Developing,,,,,,,,,,,,,,,,,,,,,,,,59.1,,,,,,,,,,,,58.4,,,61.6,,,,57.1,54.3,,
REC00929,Public Health Officer,Biotechnology,Policy,Master,19,74.8,24.1,75.0,100.0,2,76.3,Intermediate,,,,,,76.7,,,68.4,,,,,,,,,68.7,,,,,,,,,,,,,,,,,,,,76.3,,86.6,,,,,,
REC00930,HR Officer,Administration,DIID,Bachelor,2,41.3,66.3,74.4,75.9,3,65.1,Intermediate,,,,,,,60.4,,66.5,,,,,,,,,,,,,,63.8,,,60.7,,,,,,,,,,,,,,47.8,,,,,,
REC00931,Data Scientist,Statistics,Research,Master,11,50.9,44.0,79.7,78.0,5,69.6,Intermediate,,,,,,,,,55.9,,67.4,,,,,,,,,,,,,,,,,,,63.3,,,,,,,,,66.0,,,,,,,64.3
REC00932,Education Officer,Data Science,DIID,Master,6,88.0,50.7,71.2,61.3,2,62.0,Developing,,,,42.3,,,63.0,,61.7,,,,,,,66.9,,,,,,,,,,,,57.0,,,,,,,,,,,,,,,,,,
REC00933,Policy Analyst,Administration,Research,PhD,4,46.4,59.5,67.8,68.2,4,60.0,Developing,,,,,,,,,53.9,,,,,,,,,,,,,,,,,,,,,,,,,56.8,,,,,,50.8,61.1,,,,,59.0
REC00934,Statistical Officer,Finance,Administration,Master,12,83.7,50.8,84.5,84.8,3,76.7,Intermediate,,,,,,,,,76.3,,68.7,,,,,,,,,,,,,,,,,,,,,,,,83.7,,,,,,,,,,71.8,68.9
REC00935,Biotechnology Faculty,Cybersecurity,MoSPI,PhD,6,58.5,39.0,58.4,46.2,4,49.6,Beginner,,,,,38.2,,,,55.2,,,,,,,,,,,,,54.0,,,46.7,,,,,,54.7,,,,,,,,,,,,,,,
REC00936,Database Administrator,Artificial Intelligence,Data & Analytics,Master,0,27.6,2.0,47.2,65.6,2,44.6,Beginner,,,,,,,,,,34.6,,41.1,,,,,,,,,,,,,,,,,,,,,,,,34.7,,,46.9,,,,30.9,,,
REC00937,HR Officer,Public Health,Training,PhD,1,58.1,36.2,71.0,69.1,4,61.4,Developing,,,,,,,63.1,,54.8,,,,,,,,,,,,,,48.4,,,55.6,,,,,,,,,,,,,,64.7,,,,,,
REC00938,Data Analyst,Biotechnology,DIID,Master,3,42.4,51.8,70.1,82.8,2,65.2,Intermediate,,,,,,,,,59.0,,57.1,,,,,,,,,,,,,,,,,,,,,,,,,,,,,,,,62.5,,68.9,65.8
REC00939,Project Manager,Agriculture,Statistics Division,Bachelor,7,57.8,52.4,89.9,90.7,1,80.0,Intermediate,,,,,,,81.7,,79.1,,,,,,,,,,,,,,,,,,81.9,,,,,,,,,81.1,79.5,,,,,,,,,
REC00940,Administrative Officer,Data Science,Training,Bachelor,6,48.9,26.8,50.8,91.3,1,57.0,Developing,,45.6,,,,,59.9,,50.0,,,,,,,,,,,,,,,,,,,,,,,,,,,,56.9,,,47.6,,,,,,
REC00941,Public Health Officer,Administration,Policy,Master,4,70.6,48.0,64.8,61.8,8,57.4,Developing,,,,,,49.2,,,56.2,,,,,,,,,50.4,,,,,,,,,,,,,,,,,,,,65.3,,45.3,,,,,,
REC00942,Administrative Officer,Administration,MoSPI,Master,8,68.2,44.4,72.8,84.8,3,67.9,Intermediate,,58.8,,,,,56.1,,65.5,,,,,,,,,,,,,,,,,,,,,,,,,,,,61.1,,,55.2,,,,,,
REC00943,Finance Officer,Agriculture,Research,PhD,14,44.7,39.4,81.1,97.0,6,76.6,Intermediate,84.0,,,,,,,,,,60.5,,,,,,,,77.1,69.7,,,,,,,,,,,,,,,,,,,,,,,,,,83.1
REC00944,Legal Officer,Education,Data & Analytics,PhD,6,51.6,46.2,96.0,78.8,3,78.2,Intermediate,,,,,,,65.7,,,,,,,,,,,,,,,,,,,,,,73.0,,,,,75.2,,,,,,73.5,,82.8,,,,
REC00945,Database Administrator,Computer Science,Research,Master,10,81.2,72.5,94.0,50.9,7,72.5,Intermediate,,,,,,,,,,73.3,,66.1,,,,,,,,,,,,,,,,,,,,,,,,75.4,,,75.8,,,,71.1,,,
REC00946,Legal Officer,Public Health,MoSPI,Bachelor,11,93.8,49.5,77.6,66.4,3,66.9,Intermediate,,,,,,,64.3,,,,,,,,,,,,,,,,,,,,,,55.5,,,,,53.8,,,,,,59.3,,56.4,,,,
REC00947,Statistical Officer,Administration,Data & Analytics,Bachelor,3,37.3,54.6,66.4,71.7,5,59.6,Developing,,,,,,,,,55.1,,59.2,,,,,,,,,,,,,,,,,,,,,,,,43.6,,,,,,,,,,56.6,66.1
REC00948,Public Health Officer,Education,MoSPI,Master,11,28.4,35.4,86.4,79.0,3,71.9,Intermediate,,,,,,64.2,,,68.4,,,,,,,,,57.6,,,,,,,,,,,,,,,,,,,,65.1,,73.1,,,,,,
REC00949,Cybersecurity Analyst,Environment,Administration,Master,8,67.0,31.3,76.4,58.5,1,61.9,Developing,,,,,,,,60.1,52.3,,,,,,,,,,,,,,,,,,,,,,,,48.3,,,,,,58.9,,,51.0,,,,
REC00950,Finance Officer,Finance,Statistics Division,PhD,10,82.9,78.8,72.5,71.9,5,66.8,Intermediate,61.3,,,,,,,,,,59.6,,,,,,,,62.3,64.0,,,,,,,,,,,,,,,,,,,,,,,,,,63.5
REC00951,Legal Officer,Public Health,IT,Master,3,19.2,17.1,72.5,55.3,1,56.0,Developing,,,,,,,54.1,,,,,,,,,,,,,,,,,,,,,,57.9,,,,,53.6,,,,,,49.6,,48.2,,,,
REC00952,Public Health Officer,Artificial Intelligence,Training,Master,11,48.5,20.1,68.6,67.5,5,60.3,Developing,,,,,,72.1,,,52.5,,,,,,,,,54.3,,,,,,,,,,,,,,,,,,,,56.3,,50.9,,,,,,
REC00953,Education Officer,Education,IT,Master,13,93.6,38.8,63.8,87.3,2,67.5,Intermediate,,,,70.6,,,75.9,,71.7,,,,,,,65.9,,,,,,,,,,,,57.2,,,,,,,,,,,,,,,,,,
REC00954,Public Health Officer,Public Policy,IT,PhD,5,24.6,36.4,67.7,97.4,3,67.9,Intermediate,,,,,,63.1,,,78.5,,,,,,,,,69.9,,,,,,,,,,,,,,,,,,,,68.2,,69.6,,,,,,
REC00955,Public Health Officer,Biotechnology,Statistics Division,PhD,1,16.9,48.5,82.0,64.6,5,64.6,Developing,,,,,,63.3,,,70.5,,,,,,,,,54.0,,,,,,,,,,,,,,,,,,,,60.9,,64.5,,,,,,
REC00956,Cybersecurity Analyst,Economics,Administration,Master,8,60.2,64.1,66.7,59.1,3,58.1,Developing,,,,,,,,53.4,54.9,,,,,,,,,,,,,,,,,,,,,,,,51.4,,,,,,59.6,,,48.3,,,,
REC00957,Economist,Economics,IT,Master,3,45.7,59.0,88.2,44.2,5,63.5,Developing,,,,,,,,,61.5,,,,,56.4,59.7,,,,,,,,,,,,,,,,,,,,,,,,,58.5,,,,,,59.1
REC00958,Administrative Officer,Statistics,DIID,PhD,10,79.8,67.9,78.1,74.1,3,71.3,Intermediate,,84.2,,,,,68.6,,71.4,,,,,,,,,,,,,,,,,,,,,,,,,,,,77.1,,,73.9,,,,,,
REC00959,Public Health Officer,Cybersecurity,Policy,Master,11,78.5,41.8,67.1,72.7,4,63.5,Developing,,,,,,62.7,,,59.6,,,,,,,,,65.3,,,,,,,,,,,,,,,,,,,,55.0,,67.5,,,,,,
REC00960,Cybersecurity Analyst,Data Science,Statistics Division,Master,6,45.3,51.2,67.8,69.4,4,60.3,Developing,,,,,,,,61.8,53.4,,,,,,,,,,,,,,,,,,,,,,,,54.5,,,,,,63.7,,,47.7,,,,
REC00961,Cybersecurity Analyst,Environment,Statistics Division,Bachelor,0,25.6,44.3,84.5,86.5,1,72.3,Intermediate,,,,,,,,81.9,66.8,,,,,,,,,,,,,,,,,,,,,,,,71.5,,,,,,60.0,,,65.2,,,,
REC00962,Legal Officer,Cybersecurity,IT,Bachelor,8,5.4,18.4,69.7,60.6,5,56.5,Developing,,,,,,,60.2,,,,,,,,,,,,,,,,,,,,,,56.0,,,,,59.6,,,,,,45.3,,55.5,,,,
REC00963,Research Officer,Public Health,DIID,PhD,4,64.7,36.2,56.6,60.0,1,52.1,Developing,,,,,,,,,42.8,,52.9,,,,,,,,,,,,,,,,,,,,,,,,,,,,,42.4,56.5,,,,,50.8
REC00964,Data Scientist,Biotechnology,MoSPI,Master,0,78.9,48.8,60.8,87.6,2,62.9,Developing,,,,,,,,,49.4,,56.0,,,,,,,,,,,,,,,,,,,72.3,,,,,,,,,57.2,,,,,,,62.3
REC00965,HR Officer,Administration,Training,Master,0,45.0,23.2,50.0,71.8,1,50.3,Developing,,,,,,,49.7,,47.7,,,,,,,,,,,,,,55.4,,,42.8,,,,,,,,,,,,,,47.0,,,,,,
REC00966,Finance Officer,Agriculture,Statistics Division,Master,6,28.0,49.6,65.0,80.9,3,62.6,Developing,69.4,,,,,,,,,,74.5,,,,,,,,72.0,50.8,,,,,,,,,,,,,,,,,,,,,,,,,,64.8
REC00967,Software Engineer,Cybersecurity,MoSPI,Bachelor,0,65.2,27.9,80.5,74.5,1,68.0,Intermediate,,,,,,,,,,,,,,,,,,,,,,,,66.9,,,,,,,,,,,,60.5,,,62.7,,,,63.3,66.0,,
REC00968,Education Officer,Cybersecurity,DIID,Master,1,74.0,73.4,79.0,77.8,3,70.0,Intermediate,,,,57.6,,,73.5,,62.8,,,,,,,67.2,,,,,,,,,,,,64.9,,,,,,,,,,,,,,,,,,
REC00969,AI Engineer,Artificial Intelligence,Research,PhD,3,89.5,55.4,49.2,100.0,2,61.5,Developing,,,,,,,,,,,,,54.8,,,,,,,,,,,,,,,,,53.1,,68.8,,,,,,,61.8,,,,,49.6,,
REC00970,Education Officer,Economics,Statistics Division,Master,2,28.0,25.5,58.5,68.3,2,52.9,Developing,,,,48.3,,,53.7,,44.3,,,,,,,50.9,,,,,,,,,,,,48.4,,,,,,,,,,,,,,,,,,
REC00971,Education Officer,Administration,Statistics Division,Master,14,97.0,64.6,94.9,96.0,10,86.1,Advanced,,,,83.0,,,77.6,,78.5,,,,,,,66.6,,,,,,,,,,,,86.3,,,,,,,,,,,,,,,,,,
REC00972,Biotechnology Faculty,Artificial Intelligence,DIID,Bachelor,19,59.2,42.2,72.9,75.2,1,68.5,Intermediate,,,,,69.9,,,,75.3,,,,,,,,,,,,,63.9,,,74.1,,,,,,79.9,,,,,,,,,,,,,,,
REC00973,Cybersecurity Analyst,Data Science,DIID,Master,5,5.0,44.7,70.1,83.8,1,63.3,Developing,,,,,,,,72.4,57.3,,,,,,,,,,,,,,,,,,,,,,,,57.9,,,,,,55.5,,,52.7,,,,
REC00974,AI Engineer,Data Science,MoSPI,Bachelor,10,63.7,47.4,50.9,80.5,3,56.3,Developing,,,,,,,,,,,,,48.7,,,,,,,,,,,,,,,,,58.6,,52.4,,,,,,,48.9,,,,,58.2,,
REC00975,Administrative Officer,Agriculture,MoSPI,Master,6,46.1,40.1,85.2,69.2,4,68.5,Intermediate,,62.0,,,,,56.8,,54.3,,,,,,,,,,,,,,,,,,,,,,,,,,,,76.7,,,52.6,,,,,,
REC00976,Data Analyst,Data Science,Research,Bachelor,2,5.0,41.9,68.3,87.8,3,62.9,Developing,,,,,,,,,59.0,,61.5,,,,,,,,,,,,,,,,,,,,,,,,,,,,,,,,62.4,,50.4,57.1
REC00977,Legal Officer,Agriculture,Statistics Division,Master,8,26.4,42.5,69.5,80.4,3,63.5,Developing,,,,,,,63.3,,,,,,,,,,,,,,,,,,,,,,57.9,,,,,67.9,,,,,,57.4,,50.8,,,,
REC00978,Biotechnology Faculty,Environment,Data & Analytics,PhD,7,76.6,65.2,95.5,68.9,1,77.3,Intermediate,,,,,72.6,,,,78.7,,,,,,,,,,,,,70.5,,,66.1,,,,,,86.6,,,,,,,,,,,,,,,
REC00979,Public Health Officer,Cybersecurity,Statistics Division,Master,12,81.1,50.1,70.9,87.0,4,70.5,Intermediate,,,,,,70.9,,,79.8,,,,,,,,,66.6,,,,,,,,,,,,,,,,,,,,68.4,,66.8,,,,,,
REC00980,Environmental Officer,Agriculture,Administration,Master,1,31.3,41.7,52.5,81.9,4,54.9,Developing,,,,,,,,,59.9,,,,,,,,55.0,,,,52.6,,,,,,,,,,,,,,,,,,,60.5,,,,,,46.3
REC00981,Public Health Officer,Economics,Research,Master,8,51.1,40.3,54.0,56.6,7,50.2,Developing,,,,,,45.0,,,55.6,,,,,,,,,57.2,,,,,,,,,,,,,,,,,,,,35.4,,57.5,,,,,,
REC00982,HR Officer,Agriculture,Data & Analytics,Bachelor,0,74.8,49.2,67.9,83.3,5,66.0,Intermediate,,,,,,,76.7,,69.0,,,,,,,,,,,,,,60.1,,,66.6,,,,,,,,,,,,,,63.1,,,,,,
REC00983,Cybersecurity Analyst,Computer Science,Statistics Division,Bachelor,10,73.7,45.5,75.5,69.9,2,66.2,Intermediate,,,,,,,,67.0,69.9,,,,,,,,,,,,,,,,,,,,,,,,46.9,,,,,,59.7,,,61.8,,,,
REC00984,Education Officer,Administration,MoSPI,Master,0,35.1,26.7,54.7,51.9,4,46.5,Beginner,,,,46.6,,,39.3,,41.3,,,,,,,40.5,,,,,,,,,,,,55.6,,,,,,,,,,,,,,,,,,
REC00985,Education Officer,Administration,Policy,PhD,0,39.2,25.9,54.3,57.4,2,47.2,Beginner,,,,34.4,,,53.0,,33.9,,,,,,,32.8,,,,,,,,,,,,46.9,,,,,,,,,,,,,,,,,,
REC00986,Data Scientist,Biotechnology,MoSPI,Master,6,68.3,55.7,73.2,59.4,3,61.8,Developing,,,,,,,,,61.1,,62.2,,,,,,,,,,,,,,,,,,,60.9,,,,,,,,,60.2,,,,,,,52.4
REC00987,Database Administrator,Computer Science,DIID,Bachelor,3,13.1,55.0,70.4,66.2,1,59.0,Developing,,,,,,,,,,53.3,,43.5,,,,,,,,,,,,,,,,,,,,,,,,73.1,,,49.9,,,,60.1,,,
REC00988,Environmental Officer,Education,Research,Master,7,47.4,7.4,79.9,74.7,2,67.6,Intermediate,,,,,,,,,61.2,,,,,,,,70.0,,,,70.4,,,,,,,,,,,,,,,,,,,72.6,,,,,,54.6
REC00989,Cybersecurity Analyst,Public Health,Statistics Division,PhD,0,35.2,63.1,66.9,51.9,1,53.8,Developing,,,,,,,,47.5,50.0,,,,,,,,,,,,,,,,,,,,,,,,44.0,,,,,,59.7,,,50.1,,,,
REC00990,Agriculture Officer,Data Science,Policy,Master,9,51.1,65.0,71.1,75.2,2,65.1,Intermediate,,,60.7,,,,,,61.2,,,,,,,,,,,,61.8,,,,,,,,,,,,,,,,,,,64.2,,,,,,62.4
REC00991,Education Officer,Biotechnology,Administration,PhD,9,86.0,68.1,80.0,82.0,4,74.2,Intermediate,,,,78.1,,,67.3,,87.2,,,,,,,63.0,,,,,,,,,,,,73.7,,,,,,,,,,,,,,,,,,
REC00992,Environmental Officer,Public Policy,Policy,Bachelor,18,75.7,48.6,87.5,86.7,1,80.2,Advanced,,,,,,,,,79.2,,,,,,,,85.4,,,,75.9,,,,,,,,,,,,,,,,,,,85.8,,,,,,86.1
REC00993,Project Manager,Environment,Policy,Master,4,59.6,60.2,60.6,75.3,5,58.6,Developing,,,,,,,54.9,,52.5,,,,,,,,,,,,,,,,,,50.2,,,,,,,,,47.1,57.2,,,,,,,,,
REC00994,Administrative Officer,Statistics,Statistics Division,Master,6,48.8,35.0,83.5,80.0,3,71.3,Intermediate,,63.7,,,,,72.3,,66.3,,,,,,,,,,,,,,,,,,,,,,,,,,,,56.0,,,73.5,,,,,,
REC00995,Legal Officer,Education,DIID,Master,0,22.0,50.7,86.3,75.1,2,69.8,Intermediate,,,,,,,66.8,,,,,,,,,,,,,,,,,,,,,,65.8,,,,,76.6,,,,,,61.3,,62.6,,,,
REC00996,Agriculture Officer,Data Science,Data & Analytics,Master,13,73.4,42.2,82.4,83.5,4,75.2,Intermediate,,,75.3,,,,,,94.0,,,,,,,,,,,,73.1,,,,,,,,,,,,,,,,,,,64.0,,,,,,74.1
REC00997,Legal Officer,Education,Research,PhD,14,56.4,42.5,91.8,72.5,1,74.9,Intermediate,,,,,,,76.0,,,,,,,,,,,,,,,,,,,,,,61.7,,,,,62.2,,,,,,73.8,,67.1,,,,
REC00998,Economist,Biotechnology,Research,Master,12,54.4,48.7,63.3,70.6,4,60.6,Developing,,,,,,,,,60.7,,,,,55.0,58.9,,,,,,,,,,,,,,,,,,,,,,,,,62.9,,,,,,75.1
REC00999,Finance Officer,Data Science,Research,PhD,14,90.2,49.3,81.9,91.5,3,78.4,Intermediate,80.7,,,,,,,,,,78.1,,,,,,,,72.3,85.0,,,,,,,,,,,,,,,,,,,,,,,,,,75.0
REC01000,Finance Officer,Economics,Data & Analytics,Master,8,9.2,41.0,76.3,79.8,5,65.9,Intermediate,57.9,,,,,,,,,,56.9,,,,,,,,52.5,71.2,,,,,,,,,,,,,,,,,,,,,,,,,,68.6
REC01001,Cybersecurity Analyst,Data Science,Data & Analytics,Master,10,78.2,35.8,74.7,65.5,6,64.4,Developing,,,,,,,,58.0,58.4,,,,,,,,,,,,,,,,,,,,,,,,59.5,,,,,,56.8,,,61.8,,,,
REC01002,Finance Officer,Finance,Administration,Master,8,42.8,41.4,76.6,66.9,5,64.1,Developing,59.9,,,,,,,,,,58.9,,,,,,,,56.7,68.8,,,,,,,,,,,,,,,,,,,,,,,,,,58.0
REC01003,Legal Officer,Cybersecurity,Research,Bachelor,7,43.3,47.7,65.7,67.2,1,58.4,Developing,,,,,,,55.3,,,,,,,,,,,,,,,,,,,,,,56.4,,,,,59.1,,,,,,44.3,,54.9,,,,
REC01004,Statistical Officer,Education,Policy,PhD,4,28.1,13.0,64.4,91.4,2,63.0,Developing,,,,,,,,,62.4,,67.8,,,,,,,,,,,,,,,,,,,,,,,,51.5,,,,,,,,,,64.3,57.0
REC01005,Project Manager,Public Health,MoSPI,Master,0,55.3,59.9,82.7,95.2,1,75.9,Intermediate,,,,,,,71.4,,64.3,,,,,,,,,,,,,,,,,,68.7,,,,,,,,,72.0,89.2,,,,,,,,,
REC01006,Cybersecurity Analyst,Administration,MoSPI,Bachelor,4,73.9,79.6,88.1,62.4,5,71.1,Intermediate,,,,,,,,68.0,66.6,,,,,,,,,,,,,,,,,,,,,,,,68.8,,,,,,57.1,,,77.1,,,,
REC01007,Policy Analyst,Finance,Data & Analytics,Master,6,29.3,46.0,62.2,96.1,4,64.1,Developing,,,,,,,,,64.3,,,,,,,,,,,,,,,,,,,,,,,,,62.6,,,,,,55.6,58.8,,,,,54.4
REC01008,Public Health Officer,Biotechnology,Administration,PhD,16,71.2,41.5,79.2,83.0,1,73.2,Intermediate,,,,,,76.8,,,65.3,,,,,,,,,69.1,,,,,,,,,,,,,,,,,,,,69.5,,75.3,,,,,,
REC01009,Education Officer,Cybersecurity,Policy,PhD,0,24.2,21.5,52.5,50.9,4,44.6,Beginner,,,,34.0,,,42.7,,52.3,,,,,,,53.3,,,,,,,,,,,,40.3,,,,,,,,,,,,,,,,,,
REC01010,Research Officer,Statistics,DIID,Master,16,88.9,37.9,75.7,90.0,5,74.1,Intermediate,,,,,,,,,70.5,,68.9,,,,,,,,,,,,,,,,,,,,,,,,,,,,,73.9,72.9,,,,,70.9
REC01011,Statistical Officer,Administration,Data & Analytics,Bachelor,5,40.3,46.4,85.1,82.0,1,72.9,Intermediate,,,,,,,,,72.5,,61.4,,,,,,,,,,,,,,,,,,,,,,,,62.6,,,,,,,,,,75.0,79.8
REC01012,Database Administrator,Cybersecurity,Statistics Division,Master,3,59.9,44.6,74.6,59.3,3,61.3,Developing,,,,,,,,,,55.6,,69.0,,,,,,,,,,,,,,,,,,,,,,,,60.7,,,50.1,,,,58.6,,,
REC01013,Environmental Officer,Agriculture,Administration,Bachelor,5,39.6,56.5,70.8,84.1,1,64.8,Developing,,,,,,,,,47.5,,,,,,,,61.6,,,,66.0,,,,,,,,,,,,,,,,,,,50.0,,,,,,46.9
REC01014,Statistical Officer,Finance,MoSPI,Bachelor,4,50.1,63.3,79.3,69.8,2,66.1,Intermediate,,,,,,,,,53.2,,63.1,,,,,,,,,,,,,,,,,,,,,,,,59.5,,,,,,,,,,56.0,57.9
REC01015,Data Analyst,Computer Science,Training,Master,8,33.2,30.9,68.8,72.0,4,60.9,Developing,,,,,,,,,58.5,,60.7,,,,,,,,,,,,,,,,,,,,,,,,,,,,,,,,53.3,,62.5,55.6
REC01016,Project Manager,Artificial Intelligence,DIID,PhD,8,67.1,50.5,89.1,97.8,4,81.6,Advanced,,,,,,,78.9,,88.7,,,,,,,,,,,,,,,,,,70.6,,,,,,,,,68.3,88.4,,,,,,,,,
REC01017,HR Officer,Statistics,Policy,Master,9,68.9,29.6,65.0,80.8,3,63.6,Developing,,,,,,,59.2,,60.7,,,,,,,,,,,,,,54.4,,,73.0,,,,,,,,,,,,,,62.8,,,,,,
REC01018,HR Officer,Biotechnology,Administration,PhD,11,73.2,79.6,86.4,45.1,4,66.4,Intermediate,,,,,,,55.1,,79.7,,,,,,,,,,,,,,67.8,,,54.0,,,,,,,,,,,,,,64.6,,,,,,
REC01019,Public Health Officer,Cybersecurity,Training,Master,6,82.0,35.1,70.9,90.9,4,70.2,Intermediate,,,,,,70.6,,,59.7,,,,,,,,,67.9,,,,,,,,,,,,,,,,,,,,68.7,,77.3,,,,,,
REC01020,Administrative Officer,Artificial Intelligence,Statistics Division,Bachelor,10,81.0,39.2,78.9,82.6,2,72.7,Intermediate,,71.9,,,,,62.4,,70.7,,,,,,,,,,,,,,,,,,,,,,,,,,,,75.7,,,76.9,,,,,,
REC01021,Administrative Officer,Artificial Intelligence,MoSPI,Master,0,25.5,53.1,78.5,82.4,2,68.7,Intermediate,,72.9,,,,,73.5,,63.0,,,,,,,,,,,,,,,,,,,,,,,,,,,,80.6,,,54.2,,,,,,
REC01022,HR Officer,Public Policy,Research,PhD,4,5.0,38.2,67.1,68.1,1,57.9,Developing,,,,,,,62.2,,70.0,,,,,,,,,,,,,,58.2,,,58.6,,,,,,,,,,,,,,50.4,,,,,,
REC01023,HR Officer,Environment,DIID,Master,16,76.5,58.6,60.8,66.0,2,59.4,Developing,,,,,,,64.5,,49.1,,,,,,,,,,,,,,46.4,,,69.5,,,,,,,,,,,,,,61.5,,,,,,
REC01024,HR Officer,Education,Statistics Division,Bachelor,8,62.8,49.6,77.8,71.3,1,67.1,Intermediate,,,,,,,58.0,,49.7,,,,,,,,,,,,,,68.7,,,65.6,,,,,,,,,,,,,,66.8,,,,,,
REC01025,Statistical Officer,Cybersecurity,Administration,Master,0,50.9,38.9,61.4,54.5,3,51.4,Developing,,,,,,,,,53.8,,39.4,,,,,,,,,,,,,,,,,,,,,,,,48.6,,,,,,,,,,48.1,41.5
REC01026,Software Engineer,Data Science,Policy,Master,12,64.1,43.2,73.8,89.6,3,71.0,Intermediate,,,,,,,,,,,,,,,,,,,,,,,,67.2,,,,,,,,,,,,58.4,,,63.0,,,,76.0,68.7,,
REC01027,Biotechnology Faculty,Environment,DIID,Bachelor,5,24.3,34.8,71.8,77.8,2,63.8,Developing,,,,,66.0,,,,57.2,,,,,,,,,,,,,67.6,,,63.6,,,,,,61.2,,,,,,,,,,,,,,,
REC01028,AI Engineer,Data Science,Policy,PhD,7,26.0,24.2,54.9,84.7,3,56.4,Developing,,,,,,,,,,,,,64.9,,,,,,,,,,,,,,,,,42.8,,43.9,,,,,,,48.0,,,,,65.5,,
REC01029,Education Officer,Biotechnology,MoSPI,Bachelor,6,67.2,67.7,73.0,93.4,3,72.0,Intermediate,,,,55.5,,,74.9,,72.8,,,,,,,78.8,,,,,,,,,,,,63.9,,,,,,,,,,,,,,,,,,
REC01030,Administrative Officer,Cybersecurity,MoSPI,Bachelor,4,29.1,41.6,83.4,45.6,3,60.5,Developing,,54.5,,,,,62.4,,59.0,,,,,,,,,,,,,,,,,,,,,,,,,,,,57.1,,,58.2,,,,,,
REC01031,Environmental Officer,Statistics,DIID,Master,5,51.2,48.4,87.6,74.6,5,72.7,Intermediate,,,,,,,,,65.5,,,,,,,,74.3,,,,66.8,,,,,,,,,,,,,,,,,,,72.9,,,,,,70.7
REC01032,Policy Analyst,Administration,Data & Analytics,Bachelor,17,48.3,35.9,58.9,54.2,3,53.0,Developing,,,,,,,,,48.9,,,,,,,,,,,,,,,,,,,,,,,,,53.3,,,,,,42.2,62.9,,,,,53.0
REC01033,Finance Officer,Statistics,Research,PhD,6,56.5,65.0,75.1,70.6,3,65.7,Intermediate,67.0,,,,,,,,,,63.1,,,,,,,,64.0,62.0,,,,,,,,,,,,,,,,,,,,,,,,,,58.9
REC01034,Data Scientist,Biotechnology,Research,Bachelor,9,97.5,55.1,83.0,100.0,1,81.0,Advanced,,,,,,,,,75.5,,80.6,,,,,,,,,,,,,,,,,,,80.6,,,,,,,,,87.2,,,,,,,72.5
REC01035,Statistical Officer,Statistics,Data & Analytics,Bachelor,3,84.9,67.7,80.4,58.8,7,65.4,Intermediate,,,,,,,,,60.0,,64.3,,,,,,,,,,,,,,,,,,,,,,,,56.8,,,,,,,,,,52.1,57.5
REC01036,Biotechnology Faculty,Data Science,Training,Master,13,113.1,46.3,88.4,76.3,1,78.4,Intermediate,,,,,88.3,,,,72.7,,,,,,,,,,,,,67.6,,,83.0,,,,,,82.4,,,,,,,,,,,,,,,
REC01037,Statistical Officer,Agriculture,Data & Analytics,Bachelor,3,22.9,14.1,94.4,49.2,3,65.8,Intermediate,,,,,,,,,60.8,,69.4,,,,,,,,,,,,,,,,,,,,,,,,57.0,,,,,,,,,,56.1,64.9
REC01038,Statistical Officer,Environment,Research,Master,10,87.1,57.4,75.6,79.1,1,71.2,Intermediate,,,,,,,,,66.0,,71.8,,,,,,,,,,,,,,,,,,,,,,,,70.7,,,,,,,,,,75.2,79.4
REC01039,Biotechnology Faculty,Public Policy,Data & Analytics,PhD,10,10.2,32.2,90.2,77.0,1,72.2,Intermediate,,,,,61.9,,,,51.4,,,,,,,,,,,,,74.9,,,62.8,,,,,,78.0,,,,,,,,,,,,,,,
REC01040,Data Scientist,Public Policy,Training,Bachelor,12,65.6,44.0,71.3,65.5,4,62.8,Developing,,,,,,,,,54.4,,61.0,,,,,,,,,,,,,,,,,,,58.5,,,,,,,,,63.0,,,,,,,60.9
REC01041,Legal Officer,Environment,Training,Master,6,60.8,33.4,81.5,68.3,6,67.8,Intermediate,,,,,,,74.1,,,,,,,,,,,,,,,,,,,,,,79.3,,,,,66.8,,,,,,60.2,,46.1,,,,
REC01042,Legal Officer,Agriculture,MoSPI,Bachelor,8,49.3,47.0,86.8,67.4,4,70.4,Intermediate,,,,,,,60.5,,,,,,,,,,,,,,,,,,,,,,73.8,,,,,73.2,,,,,,55.9,,73.7,,,,
REC01043,Agriculture Officer,Economics,Statistics Division,Master,7,26.8,26.5,84.6,87.3,2,73.0,Intermediate,,,80.4,,,,,,65.2,,,,,,,,,,,,68.3,,,,,,,,,,,,,,,,,,,65.2,,,,,,67.2
REC01044,Project Manager,Education,Training,PhD,11,71.1,41.4,72.3,76.3,3,67.3,Intermediate,,,,,,,65.2,,60.7,,,,,,,,,,,,,,,,,,63.4,,,,,,,,,75.1,75.1,,,,,,,,,
REC01045,Finance Officer,Economics,Administration,PhD,5,61.9,34.9,65.6,66.8,3,59.5,Developing,71.7,,,,,,,,,,60.3,,,,,,,,59.5,55.6,,,,,,,,,,,,,,,,,,,,,,,,,,54.2
REC01046,Cybersecurity Analyst,Public Policy,Policy,Master,7,46.1,11.9,69.1,73.7,3,61.5,Developing,,,,,,,,58.1,47.7,,,,,,,,,,,,,,,,,,,,,,,,61.6,,,,,,64.5,,,63.4,,,,
REC01047,Public Health Officer,Education,MoSPI,Master,18,101.0,47.6,80.0,100.0,3,80.4,Advanced,,,,,,61.1,,,86.8,,,,,,,,,74.6,,,,,,,,,,,,,,,,,,,,75.8,,87.4,,,,,,
REC01048,Research Officer,Biotechnology,Administration,Bachelor,11,80.5,59.0,74.0,92.3,3,72.4,Intermediate,,,,,,,,,61.4,,72.5,,,,,,,,,,,,,,,,,,,,,,,,,,,,,61.6,67.6,,,,,59.1
REC01049,Data Analyst,Education,Training,Master,6,36.2,38.1,70.3,61.7,4,58.6,Developing,,,,,,,,,60.8,,40.8,,,,,,,,,,,,,,,,,,,,,,,,,,,,,,,,63.0,,51.8,57.5
REC01050,Biotechnology Faculty,Data Science,IT,Master,15,69.5,41.2,68.0,71.1,5,63.9,Developing,,,,,64.9,,,,61.7,,,,,,,,,,,,,69.5,,,62.1,,,,,,60.2,,,,,,,,,,,,,,,
REC01051,Public Health Officer,Data Science,Administration,Master,10,49.0,48.7,67.1,78.4,3,63.8,Developing,,,,,,71.3,,,60.5,,,,,,,,,48.0,,,,,,,,,,,,,,,,,,,,63.3,,69.9,,,,,,
REC01052,AI Engineer,Artificial Intelligence,DIID,Master,8,16.4,21.9,84.8,88.8,4,72.9,Intermediate,,,,,,,,,,,,,58.0,,,,,,,,,,,,,,,,,86.6,,71.8,,,,,,,66.4,,,,,60.7,,
REC01053,Environmental Officer,Public Health,Policy,PhD,7,53.3,27.1,70.9,70.4,2,62.2,Developing,,,,,,,,,57.0,,,,,,,,52.7,,,,57.8,,,,,,,,,,,,,,,,,,,66.5,,,,,,61.4
REC01054,Finance Officer,Agriculture,Research,Master,10,73.2,45.3,93.7,70.9,2,76.3,Intermediate,70.2,,,,,,,,,,77.0,,,,,,,,83.7,64.3,,,,,,,,,,,,,,,,,,,,,,,,,,66.9
REC01055,Database Administrator,Artificial Intelligence,Research,Master,1,34.7,24.2,69.8,85.5,3,64.3,Developing,,,,,,,,,,61.6,,57.7,,,,,,,,,,,,,,,,,,,,,,,,59.9,,,61.8,,,,68.2,,,
REC01056,Biotechnology Faculty,Public Policy,DIID,PhD,2,89.8,56.6,71.4,63.2,3,62.3,Developing,,,,,57.1,,,,65.4,,,,,,,,,,,,,66.4,,,53.4,,,,,,48.9,,,,,,,,,,,,,,,
REC01057,Agriculture Officer,Artificial Intelligence,MoSPI,Master,7,56.5,49.3,80.2,83.7,4,71.5,Intermediate,,,63.1,,,,,,77.2,,,,,,,,,,,,67.2,,,,,,,,,,,,,,,,,,,55.4,,,,,,65.5
REC01058,Statistical Officer,Finance,Training,PhD,7,69.4,40.7,74.3,59.8,4,62.6,Developing,,,,,,,,,63.1,,59.2,,,,,,,,,,,,,,,,,,,,,,,,69.0,,,,,,,,,,62.6,55.7
REC01059,Policy Analyst,Public Policy,Research,Bachelor,0,61.4,32.6,73.4,71.1,2,63.0,Developing,,,,,,,,,66.4,,,,,,,,,,,,,,,,,,,,,,,,,54.6,,,,,,50.9,63.8,,,,,52.9
REC01060,Data Scientist,Biotechnology,DIID,Master,3,33.8,35.1,56.9,81.5,4,56.4,Developing,,,,,,,,,44.2,,54.1,,,,,,,,,,,,,,,,,,,56.6,,,,,,,,,58.0,,,,,,,45.0
REC01061,Finance Officer,Economics,MoSPI,PhD,10,83.7,58.0,99.7,100.0,2,88.5,Advanced,91.7,,,,,,,,,,67.0,,,,,,,,87.0,83.1,,,,,,,,,,,,,,,,,,,,,,,,,,78.6
REC01062,Database Administrator,Data Science,Research,Master,5,44.0,41.9,78.0,71.6,1,66.5,Intermediate,,,,,,,,,,75.2,,54.8,,,,,,,,,,,,,,,,,,,,,,,,59.2,,,69.5,,,,71.2,,,
REC01063,HR Officer,Education,Data & Analytics,Master,8,43.7,20.8,82.5,87.7,3,72.4,Intermediate,,,,,,,56.7,,69.4,,,,,,,,,,,,,,57.9,,,77.6,,,,,,,,,,,,,,70.1,,,,,,
REC01064,Data Analyst,Cybersecurity,Administration,PhD,7,62.0,72.7,78.0,68.3,2,67.2,Intermediate,,,,,,,,,63.5,,62.8,,,,,,,,,,,,,,,,,,,,,,,,,,,,,,,,60.3,,69.6,63.8
REC01065,Economist,Data Science,MoSPI,Bachelor,3,46.0,34.9,67.8,100.0,2,68.5,Intermediate,,,,,,,,,68.9,,,,,63.9,61.6,,,,,,,,,,,,,,,,,,,,,,,,,71.8,,,,,,56.8
REC01066,AI Engineer,Artificial Intelligence,DIID,PhD,5,34.8,52.3,55.0,62.9,2,51.5,Developing,,,,,,,,,,,,,51.8,,,,,,,,,,,,,,,,,43.4,,49.4,,,,,,,58.6,,,,,50.3,,
REC01067,Public Health Officer,Public Health,Administration,PhD,7,58.4,19.0,96.4,75.0,3,76.1,Intermediate,,,,,,56.3,,,81.5,,,,,,,,,55.2,,,,,,,,,,,,,,,,,,,,65.9,,76.7,,,,,,
REC01068,Project Manager,Computer Science,IT,Master,10,76.8,39.0,77.4,73.9,2,68.2,Intermediate,,,,,,,57.6,,64.1,,,,,,,,,,,,,,,,,,62.9,,,,,,,,,67.7,58.1,,,,,,,,,
REC01069,Legal Officer,Environment,Administration,Bachelor,6,110.1,79.2,70.8,99.6,5,75.7,Intermediate,,,,,,,81.7,,,,,,,,,,,,,,,,,,,,,,78.8,,,,,80.4,,,,,,70.8,,66.1,,,,
REC01070,Environmental Officer,Finance,Training,PhD,7,53.8,41.9,69.3,82.6,3,65.0,Developing,,,,,,,,,62.4,,,,,,,,56.6,,,,62.3,,,,,,,,,,,,,,,,,,,58.9,,,,,,56.2
REC01071,Agriculture Officer,Cybersecurity,Training,PhD,11,98.1,50.2,63.1,63.5,3,60.5,Developing,,,61.9,,,,,,74.9,,,,,,,,,,,,58.6,,,,,,,,,,,,,,,,,,,65.8,,,,,,49.2
REC01072,Biotechnology Faculty,Statistics,Statistics Division,Bachelor,7,54.6,57.9,94.0,54.7,3,70.7,Intermediate,,,,,70.9,,,,76.5,,,,,,,,,,,,,67.2,,,69.0,,,,,,51.4,,,,,,,,,,,,,,,
REC01073,Agriculture Officer,Data Science,Administration,PhD,8,81.6,69.1,72.6,69.3,6,66.7,Intermediate,,,61.1,,,,,,66.0,,,,,,,,,,,,72.8,,,,,,,,,,,,,,,,,,,68.3,,,,,,78.0
REC01074,Finance Officer,Statistics,Training,PhD,8,115.7,58.8,75.0,89.6,4,74.7,Intermediate,78.1,,,,,,,,,,78.0,,,,,,,,70.3,66.3,,,,,,,,,,,,,,,,,,,,,,,,,,72.9
REC01075,Project Manager,Data Science,Policy,Master,9,56.0,19.3,88.5,77.4,1,73.7,Intermediate,,,,,,,72.7,,71.5,,,,,,,,,,,,,,,,,,74.3,,,,,,,,,74.7,55.4,,,,,,,,,
REC01076,Education Officer,Artificial Intelligence,Administration,PhD,6,49.1,52.2,94.1,87.6,5,79.0,Intermediate,,,,61.3,,,69.9,,80.4,,,,,,,75.5,,,,,,,,,,,,66.2,,,,,,,,,,,,,,,,,,
REC01077,Cybersecurity Analyst,Computer Science,Research,PhD,9,111.2,65.6,86.1,70.8,1,74.7,Intermediate,,,,,,,,73.4,71.8,,,,,,,,,,,,,,,,,,,,,,,,74.1,,,,,,61.3,,,71.0,,,,
REC01078,Software Engineer,Cybersecurity,Data & Analytics,Bachelor,9,31.9,40.9,72.0,66.7,2,62.2,Developing,,,,,,,,,,,,,,,,,,,,,,,,65.4,,,,,,,,,,,,66.6,,,59.2,,,,60.7,68.7,,
REC01079,Biotechnology Faculty,Public Health,MoSPI,Master,13,45.6,62.4,85.4,90.7,1,77.2,Intermediate,,,,,65.8,,,,62.9,,,,,,,,,,,,,88.5,,,70.2,,,,,,76.1,,,,,,,,,,,,,,,
REC01080,HR Officer,Statistics,DIID,Master,6,69.1,53.2,74.1,79.8,1,68.9,Intermediate,,,,,,,71.4,,74.0,,,,,,,,,,,,,,70.1,,,67.3,,,,,,,,,,,,,,67.4,,,,,,
REC01081,Policy Analyst,Administration,DIID,Bachelor,4,50.3,58.3,58.5,78.3,7,58.9,Developing,,,,,,,,,70.8,,,,,,,,,,,,,,,,,,,,,,,,,58.6,,,,,,52.7,51.3,,,,,61.4
REC01082,Public Health Officer,Agriculture,IT,Master,11,91.8,44.2,88.3,80.6,1,77.1,Intermediate,,,,,,65.7,,,67.8,,,,,,,,,84.9,,,,,,,,,,,,,,,,,,,,69.0,,70.5,,,,,,
REC01083,Software Engineer,Cybersecurity,MoSPI,PhD,11,68.3,21.9,81.0,84.3,4,73.3,Intermediate,,,,,,,,,,,,,,,,,,,,,,,,69.6,,,,,,,,,,,,73.5,,,72.0,,,,66.6,79.3,,
REC01084,HR Officer,Artificial Intelligence,Policy,Bachelor,3,27.1,31.9,73.8,67.2,1,61.0,Developing,,,,,,,64.5,,47.8,,,,,,,,,,,,,,50.8,,,63.1,,,,,,,,,,,,,,60.8,,,,,,
REC01085,Education Officer,Public Policy,DIID,Bachelor,9,38.8,48.7,62.5,81.9,1,61.1,Developing,,,,58.9,,,48.0,,57.9,,,,,,,57.5,,,,,,,,,,,,60.6,,,,,,,,,,,,,,,,,,
REC01086,Cybersecurity Analyst,Artificial Intelligence,Administration,Master,9,101.9,57.5,66.1,69.8,3,62.5,Developing,,,,,,,,46.8,58.4,,,,,,,,,,,,,,,,,,,,,,,,60.8,,,,,,56.0,,,52.2,,,,
REC01087,Statistical Officer,Education,IT,Master,15,27.5,20.4,81.3,71.4,1,66.8,Intermediate,,,,,,,,,53.0,,50.4,,,,,,,,,,,,,,,,,,,,,,,,59.8,,,,,,,,,,59.8,70.6
REC01088,Environmental Officer,Statistics,Administration,PhD,3,61.2,35.5,76.2,84.3,3,69.4,Intermediate,,,,,,,,,67.8,,,,,,,,60.3,,,,69.8,,,,,,,,,,,,,,,,,,,65.1,,,,,,71.9
REC01089,Public Health Officer,Public Health,Policy,Master,1,71.7,56.2,73.7,65.3,3,63.5,Developing,,,,,,69.4,,,56.8,,,,,,,,,60.2,,,,,,,,,,,,,,,,,,,,56.6,,68.9,,,,,,
REC01090,Economist,Agriculture,Statistics Division,Bachelor,0,21.8,59.5,71.3,63.1,2,58.0,Developing,,,,,,,,,53.0,,,,,58.5,42.7,,,,,,,,,,,,,,,,,,,,,,,,,64.3,,,,,,36.7
REC01091,Project Manager,Administration,IT,Bachelor,4,34.6,57.5,80.8,91.6,1,72.9,Intermediate,,,,,,,79.0,,66.8,,,,,,,,,,,,,,,,,,66.5,,,,,,,,,56.6,69.4,,,,,,,,,
REC01092,Database Administrator,Cybersecurity,Statistics Division,Bachelor,8,101.9,70.0,61.7,87.7,1,66.3,Intermediate,,,,,,,,,,66.4,,58.3,,,,,,,,,,,,,,,,,,,,,,,,61.8,,,66.4,,,,58.7,,,
REC01093,Software Engineer,Cybersecurity,DIID,Master,4,48.1,47.0,79.5,77.3,1,68.6,Intermediate,,,,,,,,,,,,,,,,,,,,,,,,75.0,,,,,,,,,,,,72.8,,,61.3,,,,50.5,63.9,,
REC01094,Software Engineer,Data Science,Administration,Master,10,95.2,59.6,63.9,63.3,4,60.4,Developing,,,,,,,,,,,,,,,,,,,,,,,,62.1,,,,,,,,,,,,53.2,,,62.6,,,,54.7,63.8,,
REC01095,Legal Officer,Agriculture,Statistics Division,Bachelor,7,19.8,61.1,46.9,51.8,1,44.2,Beginner,,,,,,,43.7,,,,,,,,,,,,,,,,,,,,,,39.5,,,,,42.4,,,,,,55.5,,48.1,,,,
REC01096,Statistical Officer,Finance,Data & Analytics,Bachelor,3,70.8,41.1,84.9,72.4,4,70.3,Intermediate,,,,,,,,,57.7,,57.5,,,,,,,,,,,,,,,,,,,,,,,,68.6,,,,,,,,,,63.5,68.2
REC01097,Agriculture Officer,Administration,Research,PhD,2,15.3,48.6,95.8,73.5,5,74.1,Intermediate,,,55.9,,,,,,80.9,,,,,,,,,,,,66.6,,,,,,,,,,,,,,,,,,,81.7,,,,,,63.2
REC01098,Public Health Officer,Administration,Data & Analytics,Bachelor,4,104.9,60.6,79.9,80.4,4,72.7,Intermediate,,,,,,64.1,,,64.9,,,,,,,,,71.5,,,,,,,,,,,,,,,,,,,,68.0,,66.4,,,,,,
REC01099,Policy Analyst,Data Science,IT,PhD,6,61.5,26.0,74.1,76.5,4,65.5,Intermediate,,,,,,,,,62.9,,,,,,,,,,,,,,,,,,,,,,,,,57.6,,,,,,51.2,55.9,,,,,71.1
REC01100,Research Officer,Education,Training,Bachelor,11,43.9,23.3,85.7,82.7,6,73.3,Intermediate,,,,,,,,,67.7,,69.8,,,,,,,,,,,,,,,,,,,,,,,,,,,,,71.2,65.3,,,,,64.4
REC01101,Project Manager,Artificial Intelligence,Research,Master,1,30.7,16.7,70.0,92.9,5,65.7,Intermediate,,,,,,,62.7,,40.3,,,,,,,,,,,,,,,,,,66.1,,,,,,,,,65.4,69.7,,,,,,,,,
REC01102,Agriculture Officer,Public Policy,Data & Analytics,Master,2,40.8,23.9,95.2,53.5,2,68.0,Intermediate,,,59.9,,,,,,58.5,,,,,,,,,,,,61.9,,,,,,,,,,,,,,,,,,,65.1,,,,,,59.6
REC01103,Statistical Officer,Data Science,MoSPI,PhD,5,43.5,12.4,91.6,81.7,3,75.2,Intermediate,,,,,,,,,77.7,,73.4,,,,,,,,,,,,,,,,,,,,,,,,66.7,,,,,,,,,,68.5,71.6
REC01104,Administrative Officer,Biotechnology,Statistics Division,Master,6,70.2,53.6,54.9,71.7,1,56.3,Developing,,59.9,,,,,54.2,,59.3,,,,,,,,,,,,,,,,,,,,,,,,,,,,55.6,,,53.2,,,,,,
REC01105,Data Scientist,Public Policy,Statistics Division,Bachelor,6,78.1,84.5,84.4,91.8,1,78.9,Intermediate,,,,,,,,,86.3,,64.1,,,,,,,,,,,,,,,,,,,80.2,,,,,,,,,79.5,,,,,,,79.2
REC01106,Public Health Officer,Environment,Administration,PhD,9,57.7,53.9,76.4,83.9,3,71.2,Intermediate,,,,,,73.8,,,81.0,,,,,,,,,60.8,,,,,,,,,,,,,,,,,,,,67.8,,78.4,,,,,,
REC01107,Policy Analyst,Economics,Training,Master,6,87.3,69.4,95.9,75.2,4,80.2,Advanced,,,,,,,,,71.4,,,,,,,,,,,,,,,,,,,,,,,,,75.7,,,,,,78.6,80.9,,,,,89.9
REC01108,HR Officer,Public Policy,Training,PhD,15,90.6,37.0,99.6,75.2,3,81.5,Advanced,,,,,,,69.8,,77.9,,,,,,,,,,,,,,80.2,,,73.0,,,,,,,,,,,,,,71.4,,,,,,
REC01109,Legal Officer,Public Health,MoSPI,Bachelor,0,62.2,53.8,76.7,59.0,3,62.5,Developing,,,,,,,51.8,,,,,,,,,,,,,,,,,,,,,,56.5,,,,,75.1,,,,,,58.7,,62.6,,,,
REC01110,Administrative Officer,Public Health,IT,Master,3,43.5,28.8,70.3,84.1,1,64.4,Developing,,49.7,,,,,62.5,,61.9,,,,,,,,,,,,,,,,,,,,,,,,,,,,52.3,,,65.9,,,,,,
REC01111,Policy Analyst,Statistics,Administration,Master,0,77.6,39.2,69.3,56.5,4,57.5,Developing,,,,,,,,,54.3,,,,,,,,,,,,,,,,,,,,,,,,,52.9,,,,,,58.6,46.2,,,,,49.0
REC01112,Administrative Officer,Economics,DIID,Master,4,65.0,20.1,42.9,77.5,2,49.6,Beginner,,51.0,,,,,52.5,,42.0,,,,,,,,,,,,,,,,,,,,,,,,,,,,47.2,,,41.8,,,,,,
REC01113,Finance Officer,Finance,MoSPI,Bachelor,4,19.9,65.0,68.5,62.9,4,58.1,Developing,62.5,,,,,,,,,,53.2,,,,,,,,61.5,49.3,,,,,,,,,,,,,,,,,,,,,,,,,,57.4
REC01114,Data Scientist,Education,Training,Bachelor,14,73.2,51.9,73.7,70.6,2,66.1,Intermediate,,,,,,,,,58.9,,55.8,,,,,,,,,,,,,,,,,,,53.4,,,,,,,,,66.6,,,,,,,67.8
REC01115,Administrative Officer,Biotechnology,Administration,Bachelor,2,22.7,47.1,67.0,55.7,4,54.4,Developing,,45.2,,,,,52.3,,54.9,,,,,,,,,,,,,,,,,,,,,,,,,,,,59.4,,,52.8,,,,,,
REC01116,Database Administrator,Data Science,Research,PhD,12,63.6,43.0,100.0,83.6,4,83.7,Advanced,,,,,,,,,,84.5,,82.1,,,,,,,,,,,,,,,,,,,,,,,,82.2,,,81.4,,,,84.5,,,
REC01117,Environmental Officer,Education,Training,Master,16,83.8,42.4,64.5,77.4,3,64.7,Developing,,,,,,,,,70.0,,,,,,,,73.7,,,,58.0,,,,,,,,,,,,,,,,,,,64.5,,,,,,54.8
REC01118,Statistical Officer,Education,Research,Master,3,36.9,13.7,68.6,89.1,4,64.3,Developing,,,,,,,,,65.6,,61.3,,,,,,,,,,,,,,,,,,,,,,,,57.7,,,,,,,,,,58.8,48.2
REC01119,Policy Analyst,Artificial Intelligence,IT,Bachelor,5,33.2,30.4,81.4,83.4,5,69.9,Intermediate,,,,,,,,,61.2,,,,,,,,,,,,,,,,,,,,,,,,,74.4,,,,,,64.3,61.1,,,,,58.4
REC01120,Data Scientist,Public Policy,MoSPI,Master,11,45.6,25.5,84.8,81.6,2,73.0,Intermediate,,,,,,,,,62.4,,68.9,,,,,,,,,,,,,,,,,,,80.7,,,,,,,,,61.6,,,,,,,74.8
REC01121,Data Scientist,Administration,Statistics Division,PhD,7,68.8,21.3,64.2,58.7,1,56.2,Developing,,,,,,,,,54.3,,54.9,,,,,,,,,,,,,,,,,,,53.3,,,,,,,,,54.5,,,,,,,56.2
REC01122,Statistical Officer,Education,Policy,Master,2,46.2,46.7,77.9,86.5,3,70.4,Intermediate,,,,,,,,,66.0,,78.4,,,,,,,,,,,,,,,,,,,,,,,,67.1,,,,,,,,,,68.8,60.3
REC01123,Legal Officer,Economics,IT,Master,10,57.1,44.1,63.9,69.2,4,59.2,Developing,,,,,,,50.9,,,,,,,,,,,,,,,,,,,,,,50.0,,,,,56.2,,,,,,56.2,,62.0,,,,
REC01124,Database Administrator,Cybersecurity,Data & Analytics,Bachelor,0,59.4,62.9,83.0,77.3,1,71.0,Intermediate,,,,,,,,,,73.1,,64.1,,,,,,,,,,,,,,,,,,,,,,,,52.1,,,70.9,,,,76.4,,,
REC01125,Agriculture Officer,Biotechnology,Administration,Bachelor,0,64.3,58.9,97.4,69.8,3,76.5,Intermediate,,,73.4,,,,,,72.8,,,,,,,,,,,,72.6,,,,,,,,,,,,,,,,,,,69.3,,,,,,75.7
REC01126,Public Health Officer,Education,Research,Master,0,61.6,77.2,58.8,65.0,4,55.3,Developing,,,,,,47.0,,,55.6,,,,,,,,,57.0,,,,,,,,,,,,,,,,,,,,47.7,,58.3,,,,,,
REC01127,AI Engineer,Cybersecurity,Data & Analytics,PhD,0,38.6,51.0,88.5,76.2,3,71.8,Intermediate,,,,,,,,,,,,,57.5,,,,,,,,,,,,,,,,,65.0,,60.2,,,,,,,75.4,,,,,72.8,,
REC01128,Economist,Artificial Intelligence,Research,Bachelor,12,19.8,31.2,66.0,75.7,2,60.7,Developing,,,,,,,,,60.8,,,,,61.4,49.6,,,,,,,,,,,,,,,,,,,,,,,,,65.1,,,,,,61.6
REC01129,Public Health Officer,Artificial Intelligence,Statistics Division,PhD,10,26.8,55.9,75.4,60.2,5,60.9,Developing,,,,,,59.8,,,41.9,,,,,,,,,44.1,,,,,,,,,,,,,,,,,,,,60.7,,63.7,,,,,,
REC01130,Software Engineer,Computer Science,Training,PhD,7,33.1,29.2,85.5,76.0,3,69.9,Intermediate,,,,,,,,,,,,,,,,,,,,,,,,61.0,,,,,,,,,,,,59.1,,,67.0,,,,58.8,66.6,,
REC01131,Project Manager,Public Policy,MoSPI,Bachelor,9,67.7,38.0,67.5,54.8,3,56.9,Developing,,,,,,,51.9,,51.4,,,,,,,,,,,,,,,,,,66.1,,,,,,,,,41.1,47.7,,,,,,,,,
REC01132,Economist,Public Health,DIID,Bachelor,4,33.5,29.6,76.2,54.7,1,59.4,Developing,,,,,,,,,46.9,,,,,59.1,58.9,,,,,,,,,,,,,,,,,,,,,,,,,53.3,,,,,,71.0
REC01133,Cybersecurity Analyst,Data Science,Research,Master,4,5.0,29.6,78.6,63.2,4,60.8,Developing,,,,,,,,45.0,52.6,,,,,,,,,,,,,,,,,,,,,,,,65.7,,,,,,54.8,,,54.1,,,,
REC01134,Legal Officer,Cybersecurity,Training,Master,7,73.8,45.3,82.3,96.8,3,77.6,Intermediate,,,,,,,82.9,,,,,,,,,,,,,,,,,,,,,,68.6,,,,,85.3,,,,,,64.0,,68.2,,,,
REC01135,Finance Officer,Economics,Data & Analytics,Master,1,62.7,63.2,56.5,77.1,6,57.3,Developing,51.2,,,,,,,,,,58.4,,,,,,,,46.6,63.2,,,,,,,,,,,,,,,,,,,,,,,,,,51.8
REC01136,Data Scientist,Artificial Intelligence,Policy,Bachelor,3,26.7,34.2,60.2,82.5,2,59.2,Developing,,,,,,,,,63.4,,50.9,,,,,,,,,,,,,,,,,,,64.4,,,,,,,,,56.4,,,,,,,65.0
REC01137,Project Manager,Economics,Administration,Master,10,90.6,63.8,78.3,87.2,7,75.7,Intermediate,,,,,,,77.7,,82.3,,,,,,,,,,,,,,,,,,81.2,,,,,,,,,81.7,72.1,,,,,,,,,
REC01138,Finance Officer,Economics,DIID,Bachelor,11,101.2,60.8,84.8,52.9,4,68.2,Intermediate,69.2,,,,,,,,,,53.5,,,,,,,,75.8,58.3,,,,,,,,,,,,,,,,,,,,,,,,,,59.9
REC01139,Cybersecurity Analyst,Statistics,Research,Bachelor,8,40.6,32.5,50.5,66.3,2,50.0,Beginner,,,,,,,,39.8,63.5,,,,,,,,,,,,,,,,,,,,,,,,52.2,,,,,,33.2,,,47.8,,,,
REC01140,Project Manager,Agriculture,MoSPI,Master,2,41.0,22.9,64.6,61.2,2,54.3,Developing,,,,,,,42.1,,48.5,,,,,,,,,,,,,,,,,,50.5,,,,,,,,,51.6,49.9,,,,,,,,,
REC01141,Finance Officer,Finance,IT,PhD,8,87.2,58.1,74.6,98.8,2,75.2,Intermediate,68.0,,,,,,,,,,68.8,,,,,,,,73.9,67.8,,,,,,,,,,,,,,,,,,,,,,,,,,76.6
REC01142,Biotechnology Faculty,Economics,Policy,PhD,11,89.0,66.9,84.5,93.4,5,79.6,Intermediate,,,,,80.3,,,,80.3,,,,,,,,,,,,,68.9,,,82.4,,,,,,64.4,,,,,,,,,,,,,,,
REC01143,Environmental Officer,Data Science,Research,Master,1,55.6,46.4,63.4,80.4,3,61.6,Developing,,,,,,,,,58.8,,,,,,,,56.2,,,,67.2,,,,,,,,,,,,,,,,,,,57.9,,,,,,67.4
REC01144,Policy Analyst,Public Health,Training,Bachelor,12,19.0,45.0,76.6,70.9,6,65.4,Intermediate,,,,,,,,,63.3,,,,,,,,,,,,,,,,,,,,,,,,,68.5,,,,,,50.7,73.3,,,,,70.4
REC01145,Cybersecurity Analyst,Public Policy,MoSPI,Master,17,97.3,45.2,81.1,77.3,1,74.5,Intermediate,,,,,,,,76.0,72.8,,,,,,,,,,,,,,,,,,,,,,,,75.1,,,,,,86.0,,,61.7,,,,
REC01146,Administrative Officer,Economics,Research,PhD,9,69.0,36.0,81.8,57.0,1,65.5,Intermediate,,69.4,,,,,52.6,,68.1,,,,,,,,,,,,,,,,,,,,,,,,,,,,56.5,,,67.6,,,,,,
REC01147,Project Manager,Public Policy,Training,Bachelor,1,80.9,52.4,72.3,61.6,1,62.1,Developing,,,,,,,51.4,,72.6,,,,,,,,,,,,,,,,,,59.8,,,,,,,,,69.5,50.4,,,,,,,,,
REC01148,Education Officer,Statistics,Administration,Master,9,15.4,5.0,75.7,65.1,1,61.2,Developing,,,,63.1,,,62.7,,58.5,,,,,,,56.5,,,,,,,,,,,,56.2,,,,,,,,,,,,,,,,,,
REC01149,HR Officer,Public Policy,Research,PhD,6,79.7,55.0,74.1,63.8,1,63.7,Developing,,,,,,,56.1,,66.1,,,,,,,,,,,,,,56.0,,,57.9,,,,,,,,,,,,,,57.6,,,,,,
REC01150,Statistical Officer,Public Health,MoSPI,Bachelor,17,98.1,50.6,80.3,83.6,4,76.1,Intermediate,,,,,,,,,87.2,,70.3,,,,,,,,,,,,,,,,,,,,,,,,63.7,,,,,,,,,,88.6,69.4
REC01151,Education Officer,Public Policy,IT,Bachelor,7,107.8,53.0,51.2,81.2,2,58.9,Developing,,,,57.7,,,60.5,,48.6,,,,,,,59.2,,,,,,,,,,,,62.8,,,,,,,,,,,,,,,,,,
REC01152,Legal Officer,Education,IT,Bachelor,13,89.3,75.9,79.8,93.2,4,78.0,Intermediate,,,,,,,88.1,,,,,,,,,,,,,,,,,,,,,,76.4,,,,,73.0,,,,,,69.5,,70.4,,,,
REC01153,Environmental Officer,Finance,Training,Master,2,77.2,49.1,73.1,81.1,5,67.1,Intermediate,,,,,,,,,61.0,,,,,,,,58.5,,,,65.5,,,,,,,,,,,,,,,,,,,53.2,,,,,,64.0
REC01154,Public Health Officer,Economics,Training,Master,9,28.6,47.8,74.2,68.3,1,64.1,Developing,,,,,,73.1,,,63.2,,,,,,,,,67.4,,,,,,,,,,,,,,,,,,,,68.2,,64.0,,,,,,
REC01155,Data Scientist,Administration,Statistics Division,Bachelor,6,62.1,60.2,65.7,82.3,3,65.4,Intermediate,,,,,,,,,62.7,,62.1,,,,,,,,,,,,,,,,,,,64.0,,,,,,,,,83.0,,,,,,,69.5
REC01156,Agriculture Officer,Agriculture,IT,Master,6,44.1,45.2,100.0,69.8,2,76.9,Intermediate,,,79.8,,,,,,62.0,,,,,,,,,,,,70.3,,,,,,,,,,,,,,,,,,,69.9,,,,,,74.2
REC01157,Public Health Officer,Public Health,Policy,Bachelor,9,74.4,16.3,81.1,77.3,4,71.0,Intermediate,,,,,,69.1,,,67.8,,,,,,,,,73.7,,,,,,,,,,,,,,,,,,,,72.1,,63.4,,,,,,
REC01158,HR Officer,Data Science,Research,PhD,12,87.0,40.0,79.1,90.5,2,75.0,Intermediate,,,,,,,75.4,,65.0,,,,,,,,,,,,,,72.8,,,76.8,,,,,,,,,,,,,,59.5,,,,,,
REC01159,Data Scientist,Education,DIID,PhD,0,53.8,38.7,77.6,91.5,6,70.4,Intermediate,,,,,,,,,63.3,,40.6,,,,,,,,,,,,,,,,,,,67.4,,,,,,,,,67.9,,,,,,,68.0
REC01160,Policy Analyst,Economics,DIID,Bachelor,5,37.8,28.7,76.6,71.7,5,63.9,Developing,,,,,,,,,55.6,,,,,,,,,,,,,,,,,,,,,,,,,55.3,,,,,,59.1,59.1,,,,,53.4
REC01161,HR Officer,Administration,Administration,Bachelor,1,76.2,64.1,50.6,54.1,2,48.9,Beginner,,,,,,,40.6,,57.7,,,,,,,,,,,,,,58.1,,,45.4,,,,,,,,,,,,,,48.8,,,,,,
REC01162,Database Administrator,Computer Science,MoSPI,PhD,11,98.7,74.9,78.8,100.0,4,79.9,Intermediate,,,,,,,,,,73.8,,81.5,,,,,,,,,,,,,,,,,,,,,,,,76.3,,,77.2,,,,87.8,,,
REC01163,Environmental Officer,Finance,Statistics Division,Bachelor,2,55.6,39.5,62.9,93.6,4,64.9,Developing,,,,,,,,,63.6,,,,,,,,66.8,,,,52.2,,,,,,,,,,,,,,,,,,,55.6,,,,,,76.3
REC01164,Agriculture Officer,Cybersecurity,DIID,Bachelor,8,39.3,19.9,84.1,55.4,1,63.8,Developing,,,61.2,,,,,,65.0,,,,,,,,,,,,52.5,,,,,,,,,,,,,,,,,,,63.0,,,,,,55.5
REC01165,AI Engineer,Data Science,Data & Analytics,PhD,10,55.0,13.5,68.8,52.9,6,55.6,Developing,,,,,,,,,,,,,47.9,,,,,,,,,,,,,,,,,55.2,,46.7,,,,,,,49.2,,,,,50.0,,
REC01166,Public Health Officer,Artificial Intelligence,Administration,Bachelor,3,50.9,23.8,61.3,69.0,2,55.9,Developing,,,,,,59.2,,,60.4,,,,,,,,,47.3,,,,,,,,,,,,,,,,,,,,44.1,,50.8,,,,,,
REC01167,Legal Officer,Administration,Statistics Division,Bachelor,3,35.6,16.6,66.3,70.3,3,58.8,Developing,,,,,,,66.9,,,,,,,,,,,,,,,,,,,,,,47.9,,,,,68.0,,,,,,49.5,,69.5,,,,
REC01168,Finance Officer,Environment,Policy,Master,0,45.7,24.3,77.0,68.7,2,62.6,Developing,46.4,,,,,,,,,,63.4,,,,,,,,49.2,54.5,,,,,,,,,,,,,,,,,,,,,,,,,,57.6
REC01169,Finance Officer,Economics,Administration,PhD,5,48.3,15.3,68.9,80.7,3,63.3,Developing,49.7,,,,,,,,,,61.3,,,,,,,,65.9,56.8,,,,,,,,,,,,,,,,,,,,,,,,,,66.4
REC01170,Finance Officer,Finance,IT,Bachelor,5,60.8,66.3,80.8,68.1,2,68.7,Intermediate,68.8,,,,,,,,,,65.6,,,,,,,,71.7,64.3,,,,,,,,,,,,,,,,,,,,,,,,,,74.7
REC01171,Biotechnology Faculty,Environment,Policy,Bachelor,11,67.8,52.5,76.3,57.7,5,63.7,Developing,,,,,71.2,,,,41.8,,,,,,,,,,,,,64.5,,,69.6,,,,,,62.8,,,,,,,,,,,,,,,
REC01172,Biotechnology Faculty,Public Policy,Statistics Division,Bachelor,1,41.1,40.2,66.4,62.1,2,56.3,Developing,,,,,61.7,,,,46.0,,,,,,,,,,,,,48.8,,,52.5,,,,,,54.5,,,,,,,,,,,,,,,
REC01173,Cybersecurity Analyst,Environment,IT,Bachelor,5,36.9,69.1,80.9,73.4,2,68.5,Intermediate,,,,,,,,70.8,69.1,,,,,,,,,,,,,,,,,,,,,,,,62.6,,,,,,57.2,,,65.8,,,,
REC01174,Software Engineer,Computer Science,IT,Master,3,43.3,55.0,88.5,87.9,1,75.9,Intermediate,,,,,,,,,,,,,,,,,,,,,,,,63.5,,,,,,,,,,,,81.1,,,71.9,,,,64.9,67.0,,
REC01175,Research Officer,Agriculture,Research,Bachelor,1,38.1,60.6,70.1,64.3,4,59.3,Developing,,,,,,,,,47.9,,56.3,,,,,,,,,,,,,,,,,,,,,,,,,,,,,45.3,66.2,,,,,63.3
REC01176,Data Analyst,Education,Data & Analytics,Bachelor,10,52.4,10.6,50.2,72.8,1,52.4,Developing,,,,,,,,,39.6,,52.8,,,,,,,,,,,,,,,,,,,,,,,,,,,,,,,,53.5,,63.2,51.2
REC01177,Administrative Officer,Agriculture,Training,Bachelor,4,51.4,45.0,50.7,100.0,1,60.5,Developing,,48.1,,,,,68.9,,51.1,,,,,,,,,,,,,,,,,,,,,,,,,,,,62.0,,,61.4,,,,,,
REC01178,Agriculture Officer,Artificial Intelligence,Training,PhD,6,74.8,40.2,82.6,75.2,1,70.9,Intermediate,,,55.5,,,,,,64.5,,,,,,,,,,,,74.0,,,,,,,,,,,,,,,,,,,70.8,,,,,,65.7
REC01179,Cybersecurity Analyst,Environment,MoSPI,Master,9,109.3,60.3,81.5,70.1,1,72.7,Intermediate,,,,,,,,76.4,73.3,,,,,,,,,,,,,,,,,,,,,,,,73.0,,,,,,70.8,,,76.5,,,,
REC01180,Cybersecurity Analyst,Education,Data & Analytics,Master,5,76.5,38.8,81.5,77.4,1,70.8,Intermediate,,,,,,,,65.8,58.0,,,,,,,,,,,,,,,,,,,,,,,,65.7,,,,,,69.2,,,70.0,,,,
REC01181,Database Administrator,Data Science,DIID,PhD,3,29.1,12.6,83.1,72.4,4,66.3,Intermediate,,,,,,,,,,62.8,,64.5,,,,,,,,,,,,,,,,,,,,,,,,49.1,,,57.8,,,,61.6,,,
REC01182,Economist,Artificial Intelligence,Administration,Master,9,87.1,67.1,73.8,50.0,1,62.2,Developing,,,,,,,,,76.0,,,,,67.1,62.3,,,,,,,,,,,,,,,,,,,,,,,,,66.1,,,,,,57.5
REC01183,Public Health Officer,Economics,Statistics Division,Master,21,99.8,50.6,72.2,59.5,4,65.7,Intermediate,,,,,,71.4,,,62.1,,,,,,,,,69.1,,,,,,,,,,,,,,,,,,,,58.1,,75.6,,,,,,
REC01184,Economist,Public Policy,Data & Analytics,Master,17,111.3,42.8,83.1,73.1,5,74.2,Intermediate,,,,,,,,,63.3,,,,,66.7,68.6,,,,,,,,,,,,,,,,,,,,,,,,,86.2,,,,,,63.0
REC01185,Biotechnology Faculty,Cybersecurity,Statistics Division,Master,6,28.4,34.9,72.2,97.8,2,69.7,Intermediate,,,,,62.8,,,,59.3,,,,,,,,,,,,,66.2,,,65.4,,,,,,75.6,,,,,,,,,,,,,,,
REC01186,HR Officer,Public Health,Policy,PhD,15,127.0,56.4,55.9,66.1,4,59.6,Developing,,,,,,,73.6,,57.2,,,,,,,,,,,,,,49.9,,,60.9,,,,,,,,,,,,,,59.0,,,,,,
REC01187,HR Officer,Public Health,Data & Analytics,Bachelor,2,56.4,25.8,90.2,85.3,3,76.1,Intermediate,,,,,,,69.3,,72.3,,,,,,,,,,,,,,72.9,,,62.9,,,,,,,,,,,,,,82.9,,,,,,
REC01188,Education Officer,Data Science,Administration,Bachelor,8,45.4,23.6,89.4,72.2,4,71.8,Intermediate,,,,78.5,,,60.3,,64.0,,,,,,,79.2,,,,,,,,,,,,47.7,,,,,,,,,,,,,,,,,,
REC01189,Software Engineer,Cybersecurity,IT,PhD,15,70.4,66.9,72.9,82.3,3,70.7,Intermediate,,,,,,,,,,,,,,,,,,,,,,,,82.0,,,,,,,,,,,,69.5,,,68.2,,,,60.4,76.5,,
REC01190,Administrative Officer,Public Health,IT,Bachelor,5,53.6,29.0,89.5,89.4,1,77.0,Intermediate,,71.6,,,,,75.8,,65.4,,,,,,,,,,,,,,,,,,,,,,,,,,,,67.7,,,76.7,,,,,,
REC01191,Research Officer,Statistics,MoSPI,Master,10,45.5,19.6,88.8,75.6,5,72.8,Intermediate,,,,,,,,,73.3,,74.0,,,,,,,,,,,,,,,,,,,,,,,,,,,,,62.1,72.1,,,,,58.9
REC01192,Administrative Officer,Environment,IT,Master,12,59.2,25.9,77.1,81.5,5,69.6,Intermediate,,59.1,,,,,61.6,,71.9,,,,,,,,,,,,,,,,,,,,,,,,,,,,60.8,,,72.9,,,,,,
REC01193,Administrative Officer,Biotechnology,Policy,Master,3,54.2,47.6,80.2,77.2,3,68.7,Intermediate,,59.4,,,,,70.9,,55.2,,,,,,,,,,,,,,,,,,,,,,,,,,,,62.5,,,61.4,,,,,,
REC01194,Education Officer,Artificial Intelligence,Administration,Master,8,52.3,46.3,54.7,100.0,3,63.6,Developing,,,,71.5,,,61.9,,71.1,,,,,,,51.4,,,,,,,,,,,,61.5,,,,,,,,,,,,,,,,,,
REC01195,Statistical Officer,Artificial Intelligence,Administration,Master,0,71.4,76.7,81.6,72.7,1,69.5,Intermediate,,,,,,,,,55.4,,62.7,,,,,,,,,,,,,,,,,,,,,,,,58.0,,,,,,,,,,60.4,80.9
REC01196,Data Scientist,Education,DIID,Master,6,58.3,38.8,47.3,54.5,2,46.1,Beginner,,,,,,,,,56.4,,55.1,,,,,,,,,,,,,,,,,,,38.9,,,,,,,,,43.9,,,,,,,35.2
REC01197,Education Officer,Public Health,DIID,Bachelor,0,53.4,37.9,72.4,64.9,3,61.2,Developing,,,,57.9,,,71.8,,58.1,,,,,,,53.4,,,,,,,,,,,,61.5,,,,,,,,,,,,,,,,,,
REC01198,Statistical Officer,Environment,MoSPI,Master,4,67.3,59.4,64.5,80.3,3,62.5,Developing,,,,,,,,,48.4,,58.8,,,,,,,,,,,,,,,,,,,,,,,,47.3,,,,,,,,,,64.2,63.3
REC01199,Public Health Officer,Statistics,Data & Analytics,Master,14,64.8,56.8,63.2,71.7,3,61.6,Developing,,,,,,70.8,,,56.2,,,,,,,,,61.8,,,,,,,,,,,,,,,,,,,,60.8,,57.9,,,,,,
REC01200,Data Analyst,Computer Science,Policy,Bachelor,5,68.1,59.2,89.9,86.5,6,77.8,Intermediate,,,,,,,,,62.7,,65.0,,,,,,,,,,,,,,,,,,,,,,,,,,,,,,,,80.0,,75.3,71.3
REC01201,Statistical Officer,Economics,Administration,Master,20,94.8,63.5,98.3,94.4,5,89.4,Advanced,,,,,,,,,88.7,,96.6,,,,,,,,,,,,,,,,,,,,,,,,97.8,,,,,,,,,,86.4,76.3
REC01202,Public Health Officer,Statistics,Statistics Division,Bachelor,7,84.2,49.6,100.0,73.9,2,80.8,Advanced,,,,,,73.9,,,69.0,,,,,,,,,87.3,,,,,,,,,,,,,,,,,,,,71.7,,82.3,,,,,,
REC01203,Policy Analyst,Agriculture,Research,PhD,8,105.7,76.0,84.7,95.6,4,81.6,Advanced,,,,,,,,,78.6,,,,,,,,,,,,,,,,,,,,,,,,,81.0,,,,,,80.7,80.1,,,,,79.2
REC01204,Economist,Biotechnology,Training,Master,6,46.6,55.8,77.7,64.0,5,64.6,Developing,,,,,,,,,52.2,,,,,59.6,65.6,,,,,,,,,,,,,,,,,,,,,,,,,70.7,,,,,,65.9
REC01205,Education Officer,Environment,MoSPI,Bachelor,15,82.0,60.4,77.8,52.6,2,64.3,Developing,,,,56.8,,,61.4,,68.7,,,,,,,59.4,,,,,,,,,,,,60.3,,,,,,,,,,,,,,,,,,
REC01206,Cybersecurity Analyst,Biotechnology,Training,PhD,4,25.9,49.6,94.1,68.3,1,71.9,Intermediate,,,,,,,,63.5,60.0,,,,,,,,,,,,,,,,,,,,,,,,66.6,,,,,,71.9,,,58.5,,,,
REC01207,Data Scientist,Education,IT,Bachelor,3,46.6,40.4,71.3,91.1,5,68.1,Intermediate,,,,,,,,,52.8,,73.5,,,,,,,,,,,,,,,,,,,70.8,,,,,,,,,68.9,,,,,,,61.5
REC01208,Project Manager,Public Policy,IT,Master,12,97.4,53.4,71.8,73.7,1,67.7,Intermediate,,,,,,,67.5,,70.5,,,,,,,,,,,,,,,,,,70.8,,,,,,,,,60.9,59.1,,,,,,,,,
REC01209,Biotechnology Faculty,Administration,Data & Analytics,Bachelor,13,69.0,61.4,99.4,77.0,3,82.6,Advanced,,,,,81.3,,,,81.3,,,,,,,,,,,,,83.2,,,93.7,,,,,,76.2,,,,,,,,,,,,,,,
REC01210,Environmental Officer,Data Science,MoSPI,Master,12,35.9,32.6,77.1,60.9,1,62.0,Developing,,,,,,,,,52.7,,,,,,,,56.4,,,,54.7,,,,,,,,,,,,,,,,,,,56.4,,,,,,54.6
REC01211,Biotechnology Faculty,Environment,Research,Master,9,89.3,59.1,100.0,86.2,4,85.7,Advanced,,,,,90.5,,,,76.0,,,,,,,,,,,,,80.1,,,86.8,,,,,,86.2,,,,,,,,,,,,,,,
REC01212,Public Health Officer,Public Health,Research,Master,16,87.9,47.0,85.8,93.6,1,80.2,Advanced,,,,,,64.0,,,78.7,,,,,,,,,76.8,,,,,,,,,,,,,,,,,,,,70.8,,82.9,,,,,,
REC01213,Legal Officer,Administration,Training,Master,16,86.5,48.5,78.1,57.8,3,66.2,Intermediate,,,,,,,70.3,,,,,,,,,,,,,,,,,,,,,,68.9,,,,,67.4,,,,,,62.5,,52.6,,,,
REC01214,Database Administrator,Computer Science,Statistics Division,Master,13,70.0,37.8,83.7,69.1,6,71.7,Intermediate,,,,,,,,,,64.1,,84.8,,,,,,,,,,,,,,,,,,,,,,,,81.3,,,81.4,,,,61.6,,,
REC01215,Software Engineer,Computer Science,Statistics Division,Bachelor,14,60.5,52.7,85.0,63.2,1,70.0,Intermediate,,,,,,,,,,,,,,,,,,,,,,,,70.1,,,,,,,,,,,,57.5,,,76.7,,,,64.8,71.1,,
REC01216,Research Officer,Statistics,MoSPI,Master,10,76.8,71.5,77.2,66.4,5,68.7,Intermediate,,,,,,,,,66.8,,85.5,,,,,,,,,,,,,,,,,,,,,,,,,,,,,62.7,72.7,,,,,75.4
REC01217,Public Health Officer,Administration,Training,Bachelor,11,65.6,52.8,79.8,69.4,4,68.6,Intermediate,,,,,,78.9,,,59.2,,,,,,,,,70.1,,,,,,,,,,,,,,,,,,,,64.8,,52.7,,,,,,
REC01218,Software Engineer,Data Science,IT,Master,2,33.2,62.2,68.1,72.7,6,61.2,Developing,,,,,,,,,,,,,,,,,,,,,,,,69.7,,,,,,,,,,,,67.3,,,54.0,,,,57.1,56.2,,
REC01219,Education Officer,Education,Administration,Master,8,116.4,66.9,100.0,77.9,7,84.4,Advanced,,,,78.8,,,85.4,,76.8,,,,,,,81.5,,,,,,,,,,,,83.0,,,,,,,,,,,,,,,,,,
REC01220,Policy Analyst,Agriculture,Data & Analytics,Bachelor,6,13.4,66.1,98.5,74.1,1,76.8,Intermediate,,,,,,,,,74.5,,,,,,,,,,,,,,,,,,,,,,,,,74.7,,,,,,67.7,73.4,,,,,74.6
REC01221,Finance Officer,Environment,IT,Master,8,30.7,67.5,70.3,78.1,3,64.9,Developing,53.9,,,,,,,,,,69.4,,,,,,,,60.8,80.7,,,,,,,,,,,,,,,,,,,,,,,,,,60.2
REC01222,Public Health Officer,Administration,IT,Master,9,75.3,71.9,86.8,86.6,5,78.6,Intermediate,,,,,,79.1,,,83.6,,,,,,,,,79.9,,,,,,,,,,,,,,,,,,,,63.8,,81.6,,,,,,
REC01223,Education Officer,Public Policy,Data & Analytics,PhD,4,75.8,31.9,83.6,73.4,1,70.9,Intermediate,,,,63.9,,,68.0,,83.5,,,,,,,55.8,,,,,,,,,,,,70.0,,,,,,,,,,,,,,,,,,
REC01224,Education Officer,Public Policy,Statistics Division,Bachelor,10,90.8,45.6,79.9,100.0,5,79.3,Intermediate,,,,84.8,,,72.8,,66.2,,,,,,,85.7,,,,,,,,,,,,88.8,,,,,,,,,,,,,,,,,,
REC01225,Economist,Statistics,Administration,PhD,8,33.9,58.0,64.9,69.8,3,60.0,Developing,,,,,,,,,70.3,,,,,57.4,64.8,,,,,,,,,,,,,,,,,,,,,,,,,58.0,,,,,,62.5
REC01226,Environmental Officer,Biotechnology,MoSPI,Master,14,50.9,18.8,94.2,55.5,3,71.2,Intermediate,,,,,,,,,68.6,,,,,,,,67.5,,,,79.9,,,,,,,,,,,,,,,,,,,73.5,,,,,,62.3
REC01227,Statistical Officer,Administration,Research,Master,0,85.8,32.9,61.3,76.7,4,59.5,Developing,,,,,,,,,59.5,,59.5,,,,,,,,,,,,,,,,,,,,,,,,58.7,,,,,,,,,,49.0,42.1
REC01228,Biotechnology Faculty,Education,MoSPI,Bachelor,7,44.7,58.2,77.2,94.4,1,73.7,Intermediate,,,,,64.6,,,,91.2,,,,,,,,,,,,,75.5,,,75.2,,,,,,62.7,,,,,,,,,,,,,,,
REC01229,Data Analyst,Agriculture,Policy,Master,21,70.5,55.0,72.7,100.0,3,76.5,Intermediate,,,,,,,,,88.7,,68.4,,,,,,,,,,,,,,,,,,,,,,,,,,,,,,,,75.8,,80.8,78.7
REC01230,Data Analyst,Education,IT,PhD,0,49.9,16.8,70.3,54.4,5,55.3,Developing,,,,,,,,,41.0,,53.8,,,,,,,,,,,,,,,,,,,,,,,,,,,,,,,,58.2,,52.4,41.2
REC01231,Administrative Officer,Administration,Statistics Division,PhD,10,85.6,39.8,73.0,84.1,2,69.8,Intermediate,,65.3,,,,,63.6,,61.7,,,,,,,,,,,,,,,,,,,,,,,,,,,,80.8,,,57.9,,,,,,
REC01232,HR Officer,Cybersecurity,Policy,PhD,0,48.7,55.2,66.6,66.2,5,58.6,Developing,,,,,,,67.3,,59.3,,,,,,,,,,,,,,61.5,,,49.9,,,,,,,,,,,,,,45.6,,,,,,
REC01233,Statistical Officer,Finance,IT,PhD,15,102.1,39.0,100.0,90.8,2,87.8,Advanced,,,,,,,,,85.4,,80.6,,,,,,,,,,,,,,,,,,,,,,,,82.6,,,,,,,,,,84.2,93.6
REC01234,Agriculture Officer,Finance,Training,Master,4,44.0,56.4,64.0,85.7,4,64.0,Developing,,,65.4,,,,,,64.2,,,,,,,,,,,,69.7,,,,,,,,,,,,,,,,,,,62.7,,,,,,67.8
REC01235,Economist,Finance,Training,Master,11,55.5,13.7,81.7,71.4,3,68.0,Intermediate,,,,,,,,,60.0,,,,,58.7,72.2,,,,,,,,,,,,,,,,,,,,,,,,,56.2,,,,,,60.7
REC01236,Biotechnology Faculty,Education,Administration,Master,10,69.6,50.2,100.0,73.0,2,80.2,Advanced,,,,,78.1,,,,82.3,,,,,,,,,,,,,79.5,,,65.9,,,,,,72.9,,,,,,,,,,,,,,,
REC01237,Research Officer,Agriculture,DIID,Bachelor,3,85.5,53.7,62.7,77.5,4,62.1,Developing,,,,,,,,,60.2,,48.9,,,,,,,,,,,,,,,,,,,,,,,,,,,,,55.7,62.6,,,,,71.6
REC01238,Economist,Biotechnology,DIID,Master,12,82.1,80.5,61.2,75.2,4,62.4,Developing,,,,,,,,,63.4,,,,,66.6,61.2,,,,,,,,,,,,,,,,,,,,,,,,,60.3,,,,,,46.3
REC01239,Administrative Officer,Data Science,Research,PhD,16,56.6,30.0,100.0,84.6,7,82.7,Advanced,,84.9,,,,,72.4,,80.8,,,,,,,,,,,,,,,,,,,,,,,,,,,,70.9,,,69.1,,,,,,
REC01240,Agriculture Officer,Data Science,Research,Bachelor,7,20.0,43.0,71.9,61.6,3,58.4,Developing,,,47.0,,,,,,56.7,,,,,,,,,,,,54.2,,,,,,,,,,,,,,,,,,,50.6,,,,,,53.2
REC01241,Agriculture Officer,Administration,MoSPI,Master,3,87.9,30.9,100.0,75.1,1,79.0,Intermediate,,,65.4,,,,,,67.8,,,,,,,,,,,,68.7,,,,,,,,,,,,,,,,,,,69.7,,,,,,68.4
REC01242,Finance Officer,Finance,IT,PhD,1,69.4,13.9,72.8,75.4,4,64.7,Developing,73.1,,,,,,,,,,70.6,,,,,,,,63.9,46.1,,,,,,,,,,,,,,,,,,,,,,,,,,63.5
REC01243,Software Engineer,Data Science,Policy,Bachelor,13,87.2,53.3,71.8,71.7,2,66.4,Intermediate,,,,,,,,,,,,,,,,,,,,,,,,62.0,,,,,,,,,,,,67.2,,,51.3,,,,62.7,71.1,,
REC01244,Agriculture Officer,Statistics,DIID,Master,4,45.3,31.9,79.5,73.4,1,66.5,Intermediate,,,54.6,,,,,,50.6,,,,,,,,,,,,69.4,,,,,,,,,,,,,,,,,,,65.4,,,,,,63.9
REC01245,AI Engineer,Data Science,Statistics Division,Bachelor,1,41.2,34.6,83.3,69.2,3,67.0,Intermediate,,,,,,,,,,,,,61.9,,,,,,,,,,,,,,,,,50.4,,63.9,,,,,,,72.0,,,,,63.4,,
REC01246,Public Health Officer,Administration,DIID,Bachelor,13,61.2,64.8,79.3,72.3,3,71.4,Intermediate,,,,,,82.0,,,73.5,,,,,,,,,75.8,,,,,,,,,,,,,,,,,,,,78.1,,80.0,,,,,,
REC01247,Economist,Public Health,DIID,Master,11,66.8,46.1,81.2,74.8,2,70.3,Intermediate,,,,,,,,,55.9,,,,,70.0,60.2,,,,,,,,,,,,,,,,,,,,,,,,,71.2,,,,,,61.8
REC01248,Statistical Officer,Environment,Administration,Master,0,41.2,36.7,63.1,58.8,2,53.3,Developing,,,,,,,,,49.3,,49.5,,,,,,,,,,,,,,,,,,,,,,,,56.3,,,,,,,,,,46.7,48.6
REC01249,Biotechnology Faculty,Agriculture,Data & Analytics,Master,2,75.0,53.2,79.4,75.6,3,70.6,Intermediate,,,,,65.8,,,,73.3,,,,,,,,,,,,,71.7,,,74.2,,,,,,82.2,,,,,,,,,,,,,,,
REC01250,Legal Officer,Education,Administration,Master,6,52.1,58.8,73.6,67.7,4,64.2,Developing,,,,,,,68.7,,,,,,,,,,,,,,,,,,,,,,63.2,,,,,58.6,,,,,,70.3,,60.3,,,,
REC01251,Policy Analyst,Agriculture,Training,Master,4,26.7,18.7,94.4,86.0,2,77.5,Intermediate,,,,,,,,,80.5,,,,,,,,,,,,,,,,,,,,,,,,,73.6,,,,,,86.7,69.8,,,,,67.3
REC01252,Environmental Officer,Environment,MoSPI,Master,17,87.4,24.8,88.9,63.8,4,73.4,Intermediate,,,,,,,,,68.7,,,,,,,,69.4,,,,79.9,,,,,,,,,,,,,,,,,,,67.7,,,,,,77.5
REC01253,Economist,Education,Statistics Division,Master,0,60.8,44.6,74.2,77.3,5,65.9,Intermediate,,,,,,,,,60.2,,,,,62.7,52.7,,,,,,,,,,,,,,,,,,,,,,,,,69.8,,,,,,66.2
REC01254,Legal Officer,Public Policy,Policy,PhD,7,73.2,62.1,59.5,42.5,3,50.4,Developing,,,,,,,51.2,,,,,,,,,,,,,,,,,,,,,,56.1,,,,,51.4,,,,,,51.1,,34.6,,,,
REC01255,Biotechnology Faculty,Administration,Training,Bachelor,4,47.0,19.6,76.6,85.8,3,68.7,Intermediate,,,,,68.0,,,,61.1,,,,,,,,,,,,,63.3,,,63.9,,,,,,66.5,,,,,,,,,,,,,,,
REC01256,Database Administrator,Data Science,Research,Bachelor,7,71.8,37.0,91.2,66.9,1,72.7,Intermediate,,,,,,,,,,61.5,,64.3,,,,,,,,,,,,,,,,,,,,,,,,64.8,,,59.6,,,,81.5,,,
REC01257,Legal Officer,Public Health,Research,Master,14,39.2,36.4,84.5,73.2,3,69.8,Intermediate,,,,,,,60.2,,,,,,,,,,,,,,,,,,,,,,56.2,,,,,62.9,,,,,,69.7,,55.2,,,,
REC01258,Research Officer,Public Policy,Administration,Master,6,49.8,37.7,66.7,89.7,2,65.9,Intermediate,,,,,,,,,64.3,,63.3,,,,,,,,,,,,,,,,,,,,,,,,,,,,,59.7,61.7,,,,,71.3
REC01259,Environmental Officer,Environment,Data & Analytics,Bachelor,12,39.5,51.4,62.8,77.0,1,61.5,Developing,,,,,,,,,57.2,,,,,,,,70.1,,,,67.7,,,,,,,,,,,,,,,,,,,56.7,,,,,,65.1
REC01260,Database Administrator,Data Science,Research,Bachelor,3,30.9,15.1,66.5,82.6,3,61.1,Developing,,,,,,,,,,53.4,,54.5,,,,,,,,,,,,,,,,,,,,,,,,65.8,,,52.5,,,,55.0,,,
REC01261,AI Engineer,Cybersecurity,Data & Analytics,Master,6,48.0,30.7,66.9,83.3,3,63.6,Developing,,,,,,,,,,,,,71.2,,,,,,,,,,,,,,,,,41.1,,67.6,,,,,,,66.6,,,,,55.8,,
REC01262,Legal Officer,Education,Data & Analytics,Bachelor,9,27.4,39.2,100.0,84.9,5,80.2,Advanced,,,,,,,63.0,,,,,,,,,,,,,,,,,,,,,,74.4,,,,,80.9,,,,,,66.1,,70.8,,,,
REC01263,Software Engineer,Computer Science,Training,Bachelor,11,60.7,53.3,87.3,84.8,4,76.7,Intermediate,,,,,,,,,,,,,,,,,,,,,,,,70.8,,,,,,,,,,,,67.3,,,73.3,,,,78.3,72.3,,
REC01264,Statistical Officer,Biotechnology,Policy,Bachelor,1,45.8,17.9,63.2,68.1,6,55.5,Developing,,,,,,,,,60.0,,64.0,,,,,,,,,,,,,,,,,,,,,,,,38.1,,,,,,,,,,39.2,45.6
REC01265,AI Engineer,Artificial Intelligence,Research,Bachelor,7,58.3,30.2,74.1,79.7,4,67.0,Intermediate,,,,,,,,,,,,,62.5,,,,,,,,,,,,,,,,,69.5,,63.8,,,,,,,58.9,,,,,62.8,,
REC01266,Public Health Officer,Artificial Intelligence,Statistics Division,Master,5,49.8,37.6,63.9,70.1,3,59.0,Developing,,,,,,58.2,,,66.8,,,,,,,,,57.1,,,,,,,,,,,,,,,,,,,,55.0,,63.4,,,,,,
REC01267,Education Officer,Public Policy,Policy,Master,3,54.3,46.4,81.3,39.9,2,58.9,Developing,,,,53.7,,,52.7,,57.7,,,,,,,59.0,,,,,,,,,,,,56.3,,,,,,,,,,,,,,,,,,
REC01268,Project Manager,Cybersecurity,Statistics Division,Bachelor,8,58.1,66.0,62.4,83.4,1,63.1,Developing,,,,,,,58.1,,74.3,,,,,,,,,,,,,,,,,,58.4,,,,,,,,,62.8,46.1,,,,,,,,,
REC01269,Data Scientist,Computer Science,Administration,Master,18,64.1,55.8,90.8,89.6,4,81.3,Advanced,,,,,,,,,78.2,,73.6,,,,,,,,,,,,,,,,,,,75.7,,,,,,,,,74.0,,,,,,,87.1
REC01270,Finance Officer,Data Science,Research,Bachelor,12,59.2,53.0,78.1,69.6,4,68.0,Intermediate,66.5,,,,,,,,,,62.3,,,,,,,,62.9,70.1,,,,,,,,,,,,,,,,,,,,,,,,,,72.2
REC01271,HR Officer,Environment,Data & Analytics,Bachelor,4,59.1,20.8,67.1,60.6,3,56.6,Developing,,,,,,,56.9,,51.8,,,,,,,,,,,,,,46.4,,,48.0,,,,,,,,,,,,,,50.2,,,,,,
REC01272,Education Officer,Agriculture,Administration,Master,14,69.7,63.3,71.3,84.1,3,70.2,Intermediate,,,,70.2,,,69.5,,70.1,,,,,,,74.2,,,,,,,,,,,,71.1,,,,,,,,,,,,,,,,,,
REC01273,Biotechnology Faculty,Administration,Research,PhD,10,63.9,34.1,76.0,65.5,2,65.0,Intermediate,,,,,65.7,,,,57.9,,,,,,,,,,,,,67.0,,,67.1,,,,,,60.9,,,,,,,,,,,,,,,
REC01274,Legal Officer,Public Health,Data & Analytics,Bachelor,0,94.9,62.5,85.2,86.1,1,75.9,Intermediate,,,,,,,64.2,,,,,,,,,,,,,,,,,,,,,,70.2,,,,,77.8,,,,,,63.6,,68.2,,,,
REC01275,Cybersecurity Analyst,Education,IT,Master,2,46.7,26.3,60.6,40.5,5,47.4,Beginner,,,,,,,,45.3,45.3,,,,,,,,,,,,,,,,,,,,,,,,41.2,,,,,,49.0,,,51.7,,,,
REC01276,Legal Officer,Administration,Administration,Bachelor,17,90.0,69.4,70.1,91.1,2,73.6,Intermediate,,,,,,,77.0,,,,,,,,,,,,,,,,,,,,,,76.1,,,,,79.0,,,,,,72.4,,79.2,,,,
REC01277,Education Officer,Statistics,IT,PhD,4,14.1,29.7,79.4,86.0,1,68.2,Intermediate,,,,65.5,,,62.2,,58.4,,,,,,,61.2,,,,,,,,,,,,57.5,,,,,,,,,,,,,,,,,,
REC01278,Administrative Officer,Artificial Intelligence,Policy,Master,4,48.1,51.6,87.5,67.1,5,69.7,Intermediate,,73.6,,,,,76.3,,57.0,,,,,,,,,,,,,,,,,,,,,,,,,,,,54.4,,,60.7,,,,,,
REC01279,Cybersecurity Analyst,Data Science,Administration,PhD,0,20.9,18.9,50.0,73.2,2,48.3,Beginner,,,,,,,,32.4,43.0,,,,,,,,,,,,,,,,,,,,,,,,40.5,,,,,,44.9,,,43.2,,,,
REC01280,Public Health Officer,Artificial Intelligence,Policy,Master,5,49.8,51.6,76.6,72.5,7,66.5,Intermediate,,,,,,64.8,,,50.2,,,,,,,,,75.8,,,,,,,,,,,,,,,,,,,,57.5,,77.7,,,,,,
REC01281,Research Officer,Artificial Intelligence,Policy,PhD,9,33.3,32.7,86.0,73.4,3,70.1,Intermediate,,,,,,,,,70.0,,66.8,,,,,,,,,,,,,,,,,,,,,,,,,,,,,64.5,66.2,,,,,55.3
REC01282,Data Scientist,Artificial Intelligence,Training,Master,7,81.8,60.0,85.9,67.5,4,71.9,Intermediate,,,,,,,,,69.2,,66.1,,,,,,,,,,,,,,,,,,,75.9,,,,,,,,,55.1,,,,,,,79.2
REC01283,Finance Officer,Public Policy,MoSPI,Master,3,18.5,35.6,51.2,100.0,6,58.9,Developing,57.8,,,,,,,,,,55.3,,,,,,,,61.4,59.8,,,,,,,,,,,,,,,,,,,,,,,,,,59.2
REC01284,Cybersecurity Analyst,Education,IT,PhD,2,61.2,58.6,65.8,59.4,5,57.3,Developing,,,,,,,,55.7,53.7,,,,,,,,,,,,,,,,,,,,,,,,49.4,,,,,,59.6,,,63.3,,,,
REC01285,AI Engineer,Data Science,Statistics Division,Bachelor,0,39.4,28.8,49.7,57.4,4,45.4,Beginner,,,,,,,,,,,,,43.4,,,,,,,,,,,,,,,,,45.1,,38.5,,,,,,,38.3,,,,,42.0,,
REC01286,Economist,Data Science,DIID,Master,11,92.7,65.6,84.8,100.0,7,82.6,Advanced,,,,,,,,,82.1,,,,,82.4,78.4,,,,,,,,,,,,,,,,,,,,,,,,,87.2,,,,,,80.3
REC01287,Data Scientist,Environment,IT,Bachelor,7,92.8,73.4,63.9,100.0,1,70.2,Intermediate,,,,,,,,,65.2,,67.7,,,,,,,,,,,,,,,,,,,72.0,,,,,,,,,55.1,,,,,,,62.6
REC01288,Statistical Officer,Biotechnology,Research,Bachelor,0,56.3,45.5,69.3,81.8,3,64.5,Developing,,,,,,,,,53.9,,68.0,,,,,,,,,,,,,,,,,,,,,,,,57.1,,,,,,,,,,66.1,63.1
REC01289,Legal Officer,Public Health,MoSPI,Bachelor,10,49.1,37.2,66.4,53.7,1,55.6,Developing,,,,,,,45.9,,,,,,,,,,,,,,,,,,,,,,58.9,,,,,55.2,,,,,,55.0,,51.5,,,,
REC01290,Data Analyst,Cybersecurity,IT,Master,10,77.2,28.7,68.9,78.9,1,65.0,Intermediate,,,,,,,,,51.0,,55.0,,,,,,,,,,,,,,,,,,,,,,,,,,,,,,,,69.1,,59.9,64.2
REC01291,Cybersecurity Analyst,Environment,Policy,Master,7,53.5,33.5,78.5,56.5,1,62.0,Developing,,,,,,,,63.8,51.3,,,,,,,,,,,,,,,,,,,,,,,,65.6,,,,,,45.1,,,55.7,,,,
REC01292,Project Manager,Administration,DIID,Bachelor,10,72.8,7.7,77.1,60.7,4,63.2,Developing,,,,,,,66.3,,56.3,,,,,,,,,,,,,,,,,,52.1,,,,,,,,,52.4,63.9,,,,,,,,,
REC01293,Statistical Officer,Finance,DIID,Bachelor,0,65.5,62.3,83.3,82.5,1,72.9,Intermediate,,,,,,,,,59.6,,55.6,,,,,,,,,,,,,,,,,,,,,,,,77.2,,,,,,,,,,80.3,70.1
REC01294,Administrative Officer,Administration,Administration,PhD,9,86.7,62.3,80.2,63.5,4,68.5,Intermediate,,60.9,,,,,70.3,,68.9,,,,,,,,,,,,,,,,,,,,,,,,,,,,68.5,,,65.1,,,,,,
REC01295,Database Administrator,Artificial Intelligence,Statistics Division,Bachelor,10,35.5,31.6,37.7,67.9,5,44.5,Beginner,,,,,,,,,,51.1,,47.8,,,,,,,,,,,,,,,,,,,,,,,,42.0,,,44.8,,,,46.6,,,
REC01296,Database Administrator,Artificial Intelligence,Statistics Division,Bachelor,11,63.0,56.6,64.7,83.1,4,66.1,Intermediate,,,,,,,,,,65.6,,71.0,,,,,,,,,,,,,,,,,,,,,,,,65.7,,,76.8,,,,76.4,,,
REC01297,Finance Officer,Environment,Administration,Master,3,50.9,36.0,78.9,54.4,7,61.3,Developing,50.0,,,,,,,,,,59.8,,,,,,,,66.5,57.6,,,,,,,,,,,,,,,,,,,,,,,,,,54.3
REC01298,Education Officer,Artificial Intelligence,Data & Analytics,Bachelor,3,57.1,38.7,80.4,78.4,5,69.9,Intermediate,,,,60.2,,,64.2,,74.6,,,,,,,70.8,,,,,,,,,,,,72.0,,,,,,,,,,,,,,,,,,
REC01299,Economist,Environment,Research,Master,3,61.6,54.2,71.7,77.5,5,64.9,Developing,,,,,,,,,65.3,,,,,47.8,54.4,,,,,,,,,,,,,,,,,,,,,,,,,67.4,,,,,,60.1
REC01300,Education Officer,Environment,Administration,Bachelor,8,78.2,37.9,89.3,74.2,2,74.8,Intermediate,,,,68.2,,,75.5,,61.9,,,,,,,82.2,,,,,,,,,,,,68.7,,,,,,,,,,,,,,,,,,
REC01301,HR Officer,Education,Administration,Master,8,83.6,37.1,89.7,69.9,1,73.7,Intermediate,,,,,,,71.6,,66.3,,,,,,,,,,,,,,61.0,,,67.1,,,,,,,,,,,,,,74.3,,,,,,
REC01302,Data Analyst,Computer Science,MoSPI,Master,15,65.9,49.5,74.9,87.3,6,71.9,Intermediate,,,,,,,,,69.2,,57.9,,,,,,,,,,,,,,,,,,,,,,,,,,,,,,,,74.3,,70.8,73.1
REC01303,Agriculture Officer,Data Science,Policy,Bachelor,0,59.2,51.3,60.1,74.9,3,58.0,Developing,,,56.1,,,,,,58.4,,,,,,,,,,,,64.6,,,,,,,,,,,,,,,,,,,38.3,,,,,,59.1
REC01304,Policy Analyst,Biotechnology,Administration,PhD,5,53.7,49.0,65.9,95.4,4,67.5,Intermediate,,,,,,,,,72.2,,,,,,,,,,,,,,,,,,,,,,,,,69.0,,,,,,53.3,71.7,,,,,62.3
REC01305,Administrative Officer,Economics,Training,PhD,17,51.2,25.7,60.9,79.0,3,61.6,Developing,,73.3,,,,,57.1,,52.6,,,,,,,,,,,,,,,,,,,,,,,,,,,,71.9,,,63.2,,,,,,
REC01306,Legal Officer,Administration,IT,Bachelor,2,23.4,45.0,72.0,68.9,2,60.8,Developing,,,,,,,57.9,,,,,,,,,,,,,,,,,,,,,,55.1,,,,,58.6,,,,,,55.4,,66.9,,,,
REC01307,Agriculture Officer,Cybersecurity,Training,Bachelor,6,18.6,18.8,77.4,74.2,4,64.1,Developing,,,58.0,,,,,,53.5,,,,,,,,,,,,58.6,,,,,,,,,,,,,,,,,,,66.0,,,,,,55.4
REC01308,AI Engineer,Computer Science,Research,Bachelor,8,71.8,45.6,79.6,84.0,1,72.1,Intermediate,,,,,,,,,,,,,71.2,,,,,,,,,,,,,,,,,58.0,,71.3,,,,,,,65.4,,,,,66.8,,
REC01309,Administrative Officer,Artificial Intelligence,IT,PhD,3,35.7,27.6,54.3,76.0,3,53.2,Developing,,54.4,,,,,57.5,,36.6,,,,,,,,,,,,,,,,,,,,,,,,,,,,35.3,,,52.7,,,,,,
REC01310,Policy Analyst,Biotechnology,IT,Bachelor,22,61.6,35.3,76.2,79.3,2,70.1,Intermediate,,,,,,,,,64.8,,,,,,,,,,,,,,,,,,,,,,,,,68.3,,,,,,62.5,66.6,,,,,63.3
REC01311,Project Manager,Computer Science,Training,Bachelor,10,26.4,15.9,87.9,78.0,2,71.7,Intermediate,,,,,,,66.3,,76.6,,,,,,,,,,,,,,,,,,65.5,,,,,,,,,56.4,64.2,,,,,,,,,
REC01312,Research Officer,Data Science,Administration,PhD,7,60.2,43.2,94.2,100.0,3,83.7,Advanced,,,,,,,,,86.2,,72.1,,,,,,,,,,,,,,,,,,,,,,,,,,,,,71.1,84.8,,,,,76.2
REC01313,Research Officer,Agriculture,DIID,Master,6,34.0,48.8,72.4,91.8,1,70.0,Intermediate,,,,,,,,,85.3,,73.6,,,,,,,,,,,,,,,,,,,,,,,,,,,,,64.2,68.3,,,,,75.7
REC01314,Legal Officer,Public Policy,IT,Bachelor,5,107.6,45.3,88.0,84.1,4,78.7,Intermediate,,,,,,,73.8,,,,,,,,,,,,,,,,,,,,,,84.4,,,,,83.4,,,,,,76.7,,68.6,,,,
REC01315,Cybersecurity Analyst,Economics,IT,Bachelor,1,44.7,56.5,52.3,79.3,4,54.5,Developing,,,,,,,,63.0,58.7,,,,,,,,,,,,,,,,,,,,,,,,35.8,,,,,,47.2,,,48.0,,,,
REC01316,Education Officer,Cybersecurity,Administration,Bachelor,8,71.9,76.6,78.4,92.2,4,76.1,Intermediate,,,,86.8,,,82.9,,81.1,,,,,,,75.2,,,,,,,,,,,,65.0,,,,,,,,,,,,,,,,,,
REC01317,Legal Officer,Public Health,MoSPI,Master,3,29.7,78.7,61.3,56.6,3,52.6,Developing,,,,,,,44.9,,,,,,,,,,,,,,,,,,,,,,58.5,,,,,39.4,,,,,,46.7,,53.3,,,,
REC01318,Legal Officer,Education,Policy,Master,9,84.9,64.7,72.7,69.4,2,66.6,Intermediate,,,,,,,60.4,,,,,,,,,,,,,,,,,,,,,,59.1,,,,,77.8,,,,,,70.8,,66.1,,,,
REC01319,Policy Analyst,Statistics,Data & Analytics,Master,5,88.6,36.5,87.0,69.8,5,72.6,Intermediate,,,,,,,,,80.3,,,,,,,,,,,,,,,,,,,,,,,,,75.6,,,,,,71.2,57.2,,,,,67.7
REC01320,Economist,Statistics,MoSPI,Master,10,76.0,45.2,72.7,70.2,1,65.2,Intermediate,,,,,,,,,63.2,,,,,71.7,63.0,,,,,,,,,,,,,,,,,,,,,,,,,57.3,,,,,,52.3
REC01321,Education Officer,Biotechnology,Statistics Division,PhD,14,102.6,44.2,71.8,80.2,1,70.4,Intermediate,,,,74.8,,,72.9,,77.2,,,,,,,70.4,,,,,,,,,,,,62.0,,,,,,,,,,,,,,,,,,
REC01322,Cybersecurity Analyst,Public Health,Statistics Division,Bachelor,14,39.4,42.4,100.0,81.0,3,81.6,Advanced,,,,,,,,72.4,88.8,,,,,,,,,,,,,,,,,,,,,,,,76.8,,,,,,72.9,,,83.5,,,,
REC01323,Software Engineer,Cybersecurity,DIID,PhD,1,36.2,23.9,66.9,56.4,1,54.0,Developing,,,,,,,,,,,,,,,,,,,,,,,,53.2,,,,,,,,,,,,51.8,,,66.5,,,,40.9,38.3,,
REC01324,Legal Officer,Economics,MoSPI,Master,8,38.6,23.9,67.0,78.8,1,62.1,Developing,,,,,,,61.3,,,,,,,,,,,,,,,,,,,,,,49.4,,,,,58.8,,,,,,68.9,,60.4,,,,
REC01325,Data Scientist,Data Science,Administration,PhD,14,90.0,40.5,72.5,79.9,3,69.1,Intermediate,,,,,,,,,69.9,,66.7,,,,,,,,,,,,,,,,,,,56.8,,,,,,,,,69.9,,,,,,,61.6
REC01326,Research Officer,Artificial Intelligence,Training,Master,10,40.3,42.1,68.4,81.3,1,64.8,Developing,,,,,,,,,60.9,,68.6,,,,,,,,,,,,,,,,,,,,,,,,,,,,,67.7,66.8,,,,,57.0
REC01327,Database Administrator,Data Science,Administration,Master,11,72.9,34.5,51.6,64.0,2,52.7,Developing,,,,,,,,,,56.2,,46.6,,,,,,,,,,,,,,,,,,,,,,,,48.9,,,64.0,,,,53.4,,,
REC01328,Policy Analyst,Biotechnology,Policy,Bachelor,7,20.9,54.5,56.5,84.7,6,58.5,Developing,,,,,,,,,56.8,,,,,,,,,,,,,,,,,,,,,,,,,61.2,,,,,,56.6,47.9,,,,,71.1
REC01329,Project Manager,Education,DIID,PhD,4,26.3,57.9,74.4,79.6,1,65.6,Intermediate,,,,,,,60.6,,59.9,,,,,,,,,,,,,,,,,,72.2,,,,,,,,,53.1,59.6,,,,,,,,,
REC01330,Administrative Officer,Data Science,Administration,Master,5,57.6,44.6,87.6,85.9,1,75.6,Intermediate,,76.8,,,,,63.6,,83.0,,,,,,,,,,,,,,,,,,,,,,,,,,,,51.6,,,72.4,,,,,,
REC01331,Environmental Officer,Education,MoSPI,Bachelor,7,45.7,32.8,80.3,61.9,3,64.3,Developing,,,,,,,,,59.2,,,,,,,,61.7,,,,64.1,,,,,,,,,,,,,,,,,,,52.7,,,,,,62.6
REC01332,Project Manager,Economics,Statistics Division,Master,15,64.9,55.8,51.2,61.0,2,51.7,Developing,,,,,,,35.8,,48.2,,,,,,,,,,,,,,,,,,53.2,,,,,,,,,45.7,62.9,,,,,,,,,
REC01333,Research Officer,Public Health,Policy,Master,1,51.1,64.8,83.0,67.1,2,66.9,Intermediate,,,,,,,,,56.2,,65.7,,,,,,,,,,,,,,,,,,,,,,,,,,,,,53.2,65.4,,,,,51.5
REC01334,Public Health Officer,Public Policy,IT,Master,11,73.1,50.7,83.8,70.4,4,71.1,Intermediate,,,,,,68.8,,,67.7,,,,,,,,,72.8,,,,,,,,,,,,,,,,,,,,58.1,,62.4,,,,,,
REC01335,HR Officer,Environment,Administration,Master,9,79.2,35.1,91.4,77.5,2,76.8,Intermediate,,,,,,,71.0,,76.5,,,,,,,,,,,,,,69.2,,,66.5,,,,,,,,,,,,,,78.4,,,,,,
REC01336,Agriculture Officer,Biotechnology,Data & Analytics,Master,6,26.8,30.8,55.4,81.4,2,55.8,Developing,,,55.9,,,,,,45.7,,,,,,,,,,,,57.4,,,,,,,,,,,,,,,,,,,46.9,,,,,,55.5
REC01337,Administrative Officer,Education,Training,Bachelor,0,68.4,48.7,75.5,67.7,4,63.3,Developing,,46.8,,,,,63.1,,51.4,,,,,,,,,,,,,,,,,,,,,,,,,,,,42.0,,,67.4,,,,,,
REC01338,Policy Analyst,Environment,Administration,Bachelor,1,60.6,33.2,69.5,84.7,5,65.3,Intermediate,,,,,,,,,56.0,,,,,,,,,,,,,,,,,,,,,,,,,68.0,,,,,,62.5,68.9,,,,,51.4
REC01339,Project Manager,Public Health,IT,Bachelor,9,103.1,65.3,79.3,65.3,1,69.2,Intermediate,,,,,,,69.1,,69.9,,,,,,,,,,,,,,,,,,60.8,,,,,,,,,63.0,65.8,,,,,,,,,
REC01340,Data Scientist,Cybersecurity,Policy,Master,2,90.9,80.5,56.2,75.4,2,58.6,Developing,,,,,,,,,55.5,,59.4,,,,,,,,,,,,,,,,,,,42.9,,,,,,,,,57.7,,,,,,,56.9
REC01341,Biotechnology Faculty,Biotechnology,Policy,Bachelor,19,96.9,52.9,96.4,87.5,1,85.5,Advanced,,,,,81.9,,,,76.0,,,,,,,,,,,,,86.2,,,87.4,,,,,,80.6,,,,,,,,,,,,,,,
REC01342,Agriculture Officer,Agriculture,Research,Master,5,58.6,40.0,73.9,75.5,2,66.0,Intermediate,,,65.0,,,,,,60.3,,,,,,,,,,,,69.7,,,,,,,,,,,,,,,,,,,61.3,,,,,,65.4
REC01343,Biotechnology Faculty,Education,DIID,PhD,0,53.1,19.6,83.0,84.4,2,70.8,Intermediate,,,,,63.5,,,,67.5,,,,,,,,,,,,,52.8,,,63.9,,,,,,70.4,,,,,,,,,,,,,,,
REC01344,Education Officer,Cybersecurity,Administration,Master,7,81.2,57.6,72.1,86.3,3,69.9,Intermediate,,,,71.0,,,65.2,,56.7,,,,,,,68.0,,,,,,,,,,,,73.5,,,,,,,,,,,,,,,,,,
REC01345,Environmental Officer,Environment,Research,Master,5,31.5,34.5,88.3,85.0,2,73.8,Intermediate,,,,,,,,,66.6,,,,,,,,64.7,,,,66.4,,,,,,,,,,,,,,,,,,,66.7,,,,,,65.9
REC01346,Administrative Officer,Biotechnology,Statistics Division,Master,4,45.3,33.2,69.0,89.2,1,66.6,Intermediate,,71.8,,,,,57.7,,61.8,,,,,,,,,,,,,,,,,,,,,,,,,,,,63.7,,,74.2,,,,,,
REC01347,Biotechnology Faculty,Education,MoSPI,Bachelor,4,52.1,25.3,51.9,68.6,3,51.0,Developing,,,,,52.7,,,,42.1,,,,,,,,,,,,,44.9,,,56.4,,,,,,39.7,,,,,,,,,,,,,,,
REC01348,AI Engineer,Computer Science,Research,Bachelor,6,40.7,44.0,76.9,95.1,1,72.0,Intermediate,,,,,,,,,,,,,60.9,,,,,,,,,,,,,,,,,63.9,,70.2,,,,,,,61.5,,,,,77.3,,
REC01349,Environmental Officer,Statistics,Research,PhD,5,62.8,59.2,59.9,59.5,1,54.6,Developing,,,,,,,,,53.9,,,,,,,,50.7,,,,57.8,,,,,,,,,,,,,,,,,,,47.5,,,,,,51.6
REC01350,Finance Officer,Public Policy,Training,Master,8,58.3,32.9,76.5,74.2,3,66.9,Intermediate,55.2,,,,,,,,,,64.7,,,,,,,,79.9,61.4,,,,,,,,,,,,,,,,,,,,,,,,,,56.1
REC01351,Software Engineer,Artificial Intelligence,Data & Analytics,Master,11,62.6,46.3,96.7,86.8,1,82.3,Advanced,,,,,,,,,,,,,,,,,,,,,,,,77.4,,,,,,,,,,,,69.3,,,78.1,,,,80.4,89.9,,
REC01352,Economist,Education,Research,Bachelor,13,80.1,76.1,77.1,55.2,4,64.5,Developing,,,,,,,,,53.7,,,,,59.9,63.8,,,,,,,,,,,,,,,,,,,,,,,,,64.9,,,,,,55.9
REC01353,Economist,Public Policy,Data & Analytics,Bachelor,0,55.3,50.3,59.4,79.1,2,58.5,Developing,,,,,,,,,49.3,,,,,49.2,63.4,,,,,,,,,,,,,,,,,,,,,,,,,58.6,,,,,,53.9
REC01354,Education Officer,Administration,Data & Analytics,PhD,9,51.2,35.0,81.3,77.3,2,70.2,Intermediate,,,,68.8,,,73.6,,63.0,,,,,,,69.9,,,,,,,,,,,,61.9,,,,,,,,,,,,,,,,,,
REC01355,Data Scientist,Biotechnology,Training,Master,13,67.0,50.4,100.0,78.6,4,81.7,Advanced,,,,,,,,,75.6,,59.2,,,,,,,,,,,,,,,,,,,73.1,,,,,,,,,86.1,,,,,,,82.2
REC01356,Project Manager,Education,Research,Bachelor,6,51.8,61.2,67.7,69.8,5,62.1,Developing,,,,,,,74.1,,60.0,,,,,,,,,,,,,,,,,,56.2,,,,,,,,,69.9,60.4,,,,,,,,,
REC01357,Biotechnology Faculty,Environment,Data & Analytics,Master,0,21.5,34.0,73.9,50.0,4,55.2,Developing,,,,,64.5,,,,36.1,,,,,,,,,,,,,43.1,,,49.8,,,,,,60.9,,,,,,,,,,,,,,,
REC01358,Cybersecurity Analyst,Artificial Intelligence,DIID,PhD,7,32.6,36.0,75.9,72.4,4,64.3,Developing,,,,,,,,63.0,52.4,,,,,,,,,,,,,,,,,,,,,,,,62.6,,,,,,69.3,,,48.2,,,,
REC01359,Legal Officer,Economics,Statistics Division,Master,2,35.5,30.3,64.7,52.4,5,51.8,Developing,,,,,,,33.0,,,,,,,,,,,,,,,,,,,,,,54.1,,,,,44.2,,,,,,50.0,,53.2,,,,
REC01360,Administrative Officer,Agriculture,Research,Bachelor,2,87.4,50.3,74.8,72.5,3,65.7,Intermediate,,57.5,,,,,58.0,,62.5,,,,,,,,,,,,,,,,,,,,,,,,,,,,58.7,,,47.8,,,,,,
REC01361,Cybersecurity Analyst,Public Policy,Administration,Master,8,62.2,49.5,53.0,63.1,2,52.7,Developing,,,,,,,,57.8,45.0,,,,,,,,,,,,,,,,,,,,,,,,49.8,,,,,,59.0,,,58.1,,,,
REC01362,Database Administrator,Data Science,Statistics Division,Master,9,54.1,25.6,95.0,53.0,5,69.2,Intermediate,,,,,,,,,,63.2,,59.3,,,,,,,,,,,,,,,,,,,,,,,,55.5,,,59.4,,,,65.9,,,
REC01363,Public Health Officer,Environment,Research,Bachelor,15,82.3,66.4,72.3,74.6,2,68.2,Intermediate,,,,,,70.9,,,70.6,,,,,,,,,60.0,,,,,,,,,,,,,,,,,,,,57.8,,68.6,,,,,,
REC01364,Administrative Officer,Artificial Intelligence,Statistics Division,Bachelor,10,66.6,46.2,80.6,60.5,7,65.1,Intermediate,,51.6,,,,,52.2,,67.2,,,,,,,,,,,,,,,,,,,,,,,,,,,,55.3,,,53.1,,,,,,
REC01365,Data Scientist,Economics,Statistics Division,PhD,4,54.3,54.5,64.4,86.0,1,64.0,Developing,,,,,,,,,62.3,,59.9,,,,,,,,,,,,,,,,,,,74.5,,,,,,,,,56.4,,,,,,,56.2
REC01366,Environmental Officer,Artificial Intelligence,IT,PhD,3,65.4,22.3,55.8,86.9,3,59.0,Developing,,,,,,,,,48.1,,,,,,,,62.8,,,,45.3,,,,,,,,,,,,,,,,,,,57.8,,,,,,63.5
REC01367,Public Health Officer,Artificial Intelligence,Policy,PhD,3,26.1,37.0,92.3,64.7,3,69.6,Intermediate,,,,,,71.8,,,51.6,,,,,,,,,54.7,,,,,,,,,,,,,,,,,,,,62.9,,75.0,,,,,,
REC01368,Economist,Agriculture,Policy,Master,1,76.6,50.3,79.2,85.9,2,71.8,Intermediate,,,,,,,,,70.1,,,,,65.8,73.7,,,,,,,,,,,,,,,,,,,,,,,,,62.8,,,,,,57.1
REC01369,Legal Officer,Public Policy,Policy,PhD,8,80.4,47.3,84.8,80.3,1,74.9,Intermediate,,,,,,,73.6,,,,,,,,,,,,,,,,,,,,,,75.6,,,,,69.8,,,,,,79.1,,68.2,,,,
REC01370,Biotechnology Faculty,Biotechnology,Research,Bachelor,3,66.6,34.2,68.8,88.4,1,66.9,Intermediate,,,,,59.1,,,,66.6,,,,,,,,,,,,,67.7,,,67.7,,,,,,59.4,,,,,,,,,,,,,,,
REC01371,Software Engineer,Computer Science,Research,Master,16,46.0,63.9,89.3,47.7,4,67.3,Intermediate,,,,,,,,,,,,,,,,,,,,,,,,69.1,,,,,,,,,,,,69.2,,,56.3,,,,63.5,62.3,,
REC01372,Economist,Environment,Data & Analytics,Master,3,37.0,32.9,74.8,61.6,2,60.0,Developing,,,,,,,,,56.8,,,,,59.0,51.4,,,,,,,,,,,,,,,,,,,,,,,,,49.1,,,,,,54.7
REC01373,Administrative Officer,Statistics,Administration,Master,5,59.8,46.1,93.9,79.0,1,76.6,Intermediate,,69.7,,,,,60.9,,70.3,,,,,,,,,,,,,,,,,,,,,,,,,,,,65.9,,,73.0,,,,,,
REC01374,Statistical Officer,Biotechnology,Policy,Bachelor,5,82.2,50.0,59.8,100.0,1,66.7,Intermediate,,,,,,,,,57.5,,61.3,,,,,,,,,,,,,,,,,,,,,,,,52.9,,,,,,,,,,71.9,65.8
REC01375,Policy Analyst,Economics,Statistics Division,PhD,2,59.4,20.9,78.6,60.5,2,62.3,Developing,,,,,,,,,59.1,,,,,,,,,,,,,,,,,,,,,,,,,48.3,,,,,,66.2,54.7,,,,,53.3
REC01376,Public Health Officer,Education,Training,Bachelor,0,32.9,41.4,62.4,73.1,3,57.3,Developing,,,,,,47.7,,,61.9,,,,,,,,,58.3,,,,,,,,,,,,,,,,,,,,52.0,,63.6,,,,,,
REC01377,Research Officer,Finance,Statistics Division,Master,14,129.1,56.8,70.0,95.6,3,75.3,Intermediate,,,,,,,,,74.7,,76.3,,,,,,,,,,,,,,,,,,,,,,,,,,,,,53.6,91.7,,,,,73.8
REC01378,Finance Officer,Finance,Research,Bachelor,3,77.5,66.3,75.6,94.0,3,73.9,Intermediate,73.8,,,,,,,,,,76.2,,,,,,,,74.6,68.5,,,,,,,,,,,,,,,,,,,,,,,,,,70.6
REC01379,Database Administrator,Computer Science,Administration,Bachelor,5,104.2,83.5,58.5,83.9,2,63.8,Developing,,,,,,,,,,61.5,,68.3,,,,,,,,,,,,,,,,,,,,,,,,61.1,,,62.9,,,,53.0,,,
REC01380,Public Health Officer,Biotechnology,Administration,Master,4,45.5,43.1,60.7,66.5,4,55.6,Developing,,,,,,51.8,,,52.1,,,,,,,,,54.7,,,,,,,,,,,,,,,,,,,,54.5,,56.3,,,,,,
REC01381,Finance Officer,Economics,DIID,Bachelor,6,43.5,20.7,84.6,67.5,2,67.3,Intermediate,61.9,,,,,,,,,,71.1,,,,,,,,64.6,65.3,,,,,,,,,,,,,,,,,,,,,,,,,,44.5
REC01382,AI Engineer,Cybersecurity,MoSPI,Master,17,55.3,45.0,89.2,82.6,5,78.5,Intermediate,,,,,,,,,,,,,92.0,,,,,,,,,,,,,,,,,79.3,,73.1,,,,,,,83.1,,,,,75.4,,
REC01383,Project Manager,Environment,Policy,Master,15,68.3,46.0,89.1,38.9,3,65.4,Intermediate,,,,,,,63.4,,72.0,,,,,,,,,,,,,,,,,,61.7,,,,,,,,,65.5,58.4,,,,,,,,,
REC01384,Statistical Officer,Biotechnology,Research,Bachelor,7,55.9,45.6,72.0,81.6,2,67.2,Intermediate,,,,,,,,,76.5,,73.2,,,,,,,,,,,,,,,,,,,,,,,,63.8,,,,,,,,,,56.6,62.5
REC01385,Software Engineer,Cybersecurity,Research,Master,8,57.3,38.1,71.6,98.9,3,71.6,Intermediate,,,,,,,,,,,,,,,,,,,,,,,,65.1,,,,,,,,,,,,72.0,,,61.3,,,,71.9,68.8,,
REC01386,Finance Officer,Public Policy,IT,Bachelor,5,40.3,52.5,100.0,88.6,3,82.2,Advanced,79.3,,,,,,,,,,84.3,,,,,,,,73.1,66.9,,,,,,,,,,,,,,,,,,,,,,,,,,75.8
REC01387,Data Analyst,Biotechnology,Statistics Division,PhD,4,64.2,20.2,53.7,67.7,4,52.1,Developing,,,,,,,,,58.5,,48.1,,,,,,,,,,,,,,,,,,,,,,,,,,,,,,,,55.3,,28.2,47.7
REC01388,Economist,Finance,Administration,Bachelor,8,62.6,36.7,82.5,79.7,3,72.2,Intermediate,,,,,,,,,69.7,,,,,69.7,76.2,,,,,,,,,,,,,,,,,,,,,,,,,68.2,,,,,,65.4
REC01389,Project Manager,Public Health,Research,Master,10,25.2,46.6,88.6,74.1,6,72.2,Intermediate,,,,,,,62.9,,83.1,,,,,,,,,,,,,,,,,,78.0,,,,,,,,,59.3,61.1,,,,,,,,,
REC01390,Cybersecurity Analyst,Public Health,Data & Analytics,Master,8,68.8,30.7,87.3,67.0,4,71.0,Intermediate,,,,,,,,72.5,68.3,,,,,,,,,,,,,,,,,,,,,,,,74.5,,,,,,67.0,,,58.5,,,,
REC01391,Data Scientist,Cybersecurity,Data & Analytics,PhD,13,109.8,58.6,71.8,87.8,2,72.2,Intermediate,,,,,,,,,64.2,,62.4,,,,,,,,,,,,,,,,,,,62.3,,,,,,,,,75.1,,,,,,,69.5
REC01392,Biotechnology Faculty,Administration,Policy,Bachelor,3,48.4,63.0,69.8,72.8,4,62.6,Developing,,,,,56.0,,,,54.8,,,,,,,,,,,,,61.8,,,66.5,,,,,,57.5,,,,,,,,,,,,,,,
REC01393,Economist,Agriculture,Research,Master,10,46.9,9.5,85.4,61.5,2,66.2,Intermediate,,,,,,,,,65.6,,,,,57.5,61.4,,,,,,,,,,,,,,,,,,,,,,,,,49.9,,,,,,61.6
REC01394,Database Administrator,Cybersecurity,Data & Analytics,Bachelor,0,37.0,30.9,71.6,71.1,3,60.7,Developing,,,,,,,,,,54.8,,60.0,,,,,,,,,,,,,,,,,,,,,,,,63.9,,,59.3,,,,40.1,,,
REC01395,HR Officer,Statistics,Data & Analytics,Master,11,69.8,32.6,74.8,76.9,1,68.1,Intermediate,,,,,,,66.1,,70.7,,,,,,,,,,,,,,57.9,,,62.7,,,,,,,,,,,,,,74.3,,,,,,
REC01396,Statistical Officer,Cybersecurity,Training,Master,2,49.1,32.0,80.5,64.2,6,64.9,Developing,,,,,,,,,51.1,,64.3,,,,,,,,,,,,,,,,,,,,,,,,67.4,,,,,,,,,,60.6,69.1
REC01397,Data Scientist,Agriculture,IT,Bachelor,0,37.0,50.0,53.9,66.5,1,50.5,Developing,,,,,,,,,38.4,,43.1,,,,,,,,,,,,,,,,,,,52.0,,,,,,,,,40.9,,,,,,,50.5
REC01398,Education Officer,Cybersecurity,Data & Analytics,Master,7,56.2,36.6,79.3,78.7,3,69.6,Intermediate,,,,67.3,,,75.1,,68.5,,,,,,,62.6,,,,,,,,,,,,59.6,,,,,,,,,,,,,,,,,,
REC01399,Environmental Officer,Environment,IT,Master,6,65.0,66.3,60.6,72.1,3,59.1,Developing,,,,,,,,,49.3,,,,,,,,56.4,,,,70.0,,,,,,,,,,,,,,,,,,,59.1,,,,,,51.3
REC01400,Biotechnology Faculty,Environment,Research,Bachelor,0,56.5,49.9,62.9,45.6,2,50.0,Beginner,,,,,38.8,,,,44.9,,,,,,,,,,,,,47.1,,,41.0,,,,,,45.0,,,,,,,,,,,,,,,
REC01401,Public Health Officer,Biotechnology,DIID,Bachelor,10,33.1,31.6,69.1,74.5,3,61.5,Developing,,,,,,57.0,,,57.6,,,,,,,,,48.0,,,,,,,,,,,,,,,,,,,,63.5,,52.9,,,,,,
REC01402,Software Engineer,Cybersecurity,Research,Bachelor,3,44.1,48.1,58.9,85.0,6,60.1,Developing,,,,,,,,,,,,,,,,,,,,,,,,54.2,,,,,,,,,,,,64.1,,,52.8,,,,56.7,67.0,,
REC01403,Data Analyst,Computer Science,Training,PhD,7,42.1,45.1,75.6,57.5,2,60.5,Developing,,,,,,,,,66.7,,46.4,,,,,,,,,,,,,,,,,,,,,,,,,,,,,,,,61.7,,56.3,44.3
REC01404,Economist,Agriculture,IT,Bachelor,1,58.2,21.8,59.5,78.0,2,57.7,Developing,,,,,,,,,49.0,,,,,52.6,54.9,,,,,,,,,,,,,,,,,,,,,,,,,55.7,,,,,,61.3
REC01405,Project Manager,Agriculture,Statistics Division,PhD,10,46.7,28.4,69.0,83.1,1,66.1,Intermediate,,,,,,,63.4,,74.7,,,,,,,,,,,,,,,,,,54.8,,,,,,,,,77.6,72.4,,,,,,,,,
REC01406,Finance Officer,Economics,Statistics Division,PhD,5,45.7,20.3,57.8,100.0,6,63.4,Developing,59.5,,,,,,,,,,63.8,,,,,,,,74.1,60.0,,,,,,,,,,,,,,,,,,,,,,,,,,50.8
REC01407,Biotechnology Faculty,Education,MoSPI,PhD,3,69.9,27.2,72.2,82.4,3,66.7,Intermediate,,,,,73.4,,,,56.7,,,,,,,,,,,,,52.3,,,65.0,,,,,,66.8,,,,,,,,,,,,,,,
REC01408,Data Analyst,Finance,Statistics Division,PhD,8,61.6,42.4,64.0,81.5,1,64.6,Developing,,,,,,,,,66.9,,67.3,,,,,,,,,,,,,,,,,,,,,,,,,,,,,,,,63.5,,79.9,77.5
REC01409,Statistical Officer,Environment,Administration,Bachelor,3,6.0,45.0,81.1,52.8,1,60.0,Developing,,,,,,,,,63.6,,54.9,,,,,,,,,,,,,,,,,,,,,,,,64.8,,,,,,,,,,48.8,54.8
REC01410,Economist,Data Science,Training,Master,0,71.8,41.7,68.0,79.0,3,63.3,Developing,,,,,,,,,61.5,,,,,48.7,51.0,,,,,,,,,,,,,,,,,,,,,,,,,64.4,,,,,,65.4
REC01411,Finance Officer,Public Policy,Research,Master,6,39.2,59.0,63.4,69.6,5,58.7,Developing,65.6,,,,,,,,,,57.7,,,,,,,,49.9,56.2,,,,,,,,,,,,,,,,,,,,,,,,,,66.3
REC01412,Data Scientist,Economics,Research,PhD,10,69.3,51.6,88.8,95.7,4,81.8,Advanced,,,,,,,,,83.7,,88.7,,,,,,,,,,,,,,,,,,,82.8,,,,,,,,,78.0,,,,,,,79.9
REC01413,Legal Officer,Public Policy,Training,PhD,15,73.7,71.8,59.7,78.8,1,63.1,Developing,,,,,,,61.2,,,,,,,,,,,,,,,,,,,,,,65.1,,,,,70.5,,,,,,57.9,,67.9,,,,
REC01414,Database Administrator,Artificial Intelligence,Research,PhD,16,118.4,65.2,92.4,90.3,4,85.2,Advanced,,,,,,,,,,74.5,,74.4,,,,,,,,,,,,,,,,,,,,,,,,80.1,,,87.1,,,,92.0,,,
REC01415,Administrative Officer,Environment,Policy,Bachelor,11,53.1,43.7,92.5,84.6,4,78.6,Intermediate,,79.5,,,,,58.5,,78.2,,,,,,,,,,,,,,,,,,,,,,,,,,,,66.7,,,86.9,,,,,,
REC01416,Research Officer,Administration,Administration,Master,15,55.7,34.5,83.1,100.0,2,79.0,Intermediate,,,,,,,,,66.5,,80.8,,,,,,,,,,,,,,,,,,,,,,,,,,,,,72.6,72.9,,,,,88.6
REC01417,Education Officer,Environment,Administration,Master,8,34.4,49.1,68.2,77.3,2,63.0,Developing,,,,64.3,,,64.0,,58.0,,,,,,,65.8,,,,,,,,,,,,57.8,,,,,,,,,,,,,,,,,,
REC01418,Administrative Officer,Economics,DIID,Bachelor,18,77.9,42.6,73.4,65.3,5,65.6,Intermediate,,60.8,,,,,55.6,,74.2,,,,,,,,,,,,,,,,,,,,,,,,,,,,51.1,,,77.5,,,,,,
REC01419,Cybersecurity Analyst,Data Science,Policy,Master,8,48.0,57.5,87.8,79.2,5,74.3,Intermediate,,,,,,,,67.5,72.6,,,,,,,,,,,,,,,,,,,,,,,,66.4,,,,,,68.4,,,73.5,,,,
REC01420,Software Engineer,Cybersecurity,Training,Bachelor,6,87.5,46.9,72.5,74.7,2,66.2,Intermediate,,,,,,,,,,,,,,,,,,,,,,,,60.3,,,,,,,,,,,,62.4,,,47.9,,,,70.5,62.0,,
REC01421,Public Health Officer,Public Health,DIID,Master,1,66.6,65.6,76.8,86.3,4,70.9,Intermediate,,,,,,60.9,,,66.3,,,,,,,,,68.2,,,,,,,,,,,,,,,,,,,,72.0,,67.1,,,,,,
REC01422,Software Engineer,Artificial Intelligence,Training,Master,12,80.7,54.3,83.9,62.1,3,69.8,Intermediate,,,,,,,,,,,,,,,,,,,,,,,,67.1,,,,,,,,,,,,67.0,,,72.6,,,,73.0,56.5,,
REC01423,Policy Analyst,Education,Policy,Master,8,57.5,40.3,69.3,53.3,4,57.3,Developing,,,,,,,,,57.1,,,,,,,,,,,,,,,,,,,,,,,,,53.4,,,,,,59.0,54.9,,,,,50.2
REC01424,AI Engineer,Cybersecurity,MoSPI,Master,4,95.8,30.0,83.5,89.0,3,75.9,Intermediate,,,,,,,,,,,,,71.4,,,,,,,,,,,,,,,,,65.8,,68.9,,,,,,,70.9,,,,,75.0,,
REC01425,Database Administrator,Artificial Intelligence,Research,Bachelor,3,72.5,16.8,80.9,74.5,2,68.6,Intermediate,,,,,,,,,,75.0,,71.5,,,,,,,,,,,,,,,,,,,,,,,,52.9,,,55.7,,,,64.7,,,
REC01426,Statistical Officer,Biotechnology,Data & Analytics,Master,0,58.1,34.9,57.6,59.7,5,52.1,Developing,,,,,,,,,54.5,,50.5,,,,,,,,,,,,,,,,,,,,,,,,52.3,,,,,,,,,,60.2,43.0
REC01427,Economist,Administration,Data & Analytics,Bachelor,0,47.1,56.3,65.0,89.8,3,64.5,Developing,,,,,,,,,64.1,,,,,60.5,47.2,,,,,,,,,,,,,,,,,,,,,,,,,68.7,,,,,,70.8
REC01428,HR Officer,Data Science,IT,Bachelor,7,41.2,17.4,83.3,64.8,5,66.7,Intermediate,,,,,,,63.9,,67.8,,,,,,,,,,,,,,53.1,,,76.0,,,,,,,,,,,,,,70.6,,,,,,
REC01429,Database Administrator,Data Science,MoSPI,Bachelor,11,41.7,58.4,80.0,99.0,4,76.6,Intermediate,,,,,,,,,,61.6,,75.6,,,,,,,,,,,,,,,,,,,,,,,,82.0,,,77.1,,,,75.5,,,
REC01430,HR Officer,Public Policy,Training,Master,9,26.3,23.7,64.2,67.2,3,57.5,Developing,,,,,,,49.4,,59.8,,,,,,,,,,,,,,61.8,,,63.6,,,,,,,,,,,,,,62.4,,,,,,
REC01431,Biotechnology Faculty,Statistics,Training,Bachelor,13,125.7,56.0,83.8,96.2,3,82.2,Advanced,,,,,66.7,,,,88.7,,,,,,,,,,,,,87.2,,,77.0,,,,,,78.1,,,,,,,,,,,,,,,
REC01432,Finance Officer,Agriculture,Administration,Master,1,43.8,14.9,94.7,63.4,3,70.2,Intermediate,62.2,,,,,,,,,,63.4,,,,,,,,56.8,62.9,,,,,,,,,,,,,,,,,,,,,,,,,,64.5
REC01433,Software Engineer,Artificial Intelligence,Statistics Division,PhD,13,80.7,44.6,66.7,70.8,7,63.6,Developing,,,,,,,,,,,,,,,,,,,,,,,,64.1,,,,,,,,,,,,60.3,,,74.7,,,,68.0,55.4,,
REC01434,HR Officer,Cybersecurity,DIID,Bachelor,9,74.9,44.9,75.2,90.4,4,73.0,Intermediate,,,,,,,78.4,,64.8,,,,,,,,,,,,,,72.1,,,82.1,,,,,,,,,,,,,,69.6,,,,,,
REC01435,Research Officer,Public Policy,Data & Analytics,Bachelor,2,45.7,47.3,56.7,100.0,3,63.3,Developing,,,,,,,,,60.4,,61.4,,,,,,,,,,,,,,,,,,,,,,,,,,,,,60.5,65.7,,,,,61.0
REC01436,Policy Analyst,Artificial Intelligence,MoSPI,PhD,9,77.1,46.2,100.0,90.1,2,85.6,Advanced,,,,,,,,,86.2,,,,,,,,,,,,,,,,,,,,,,,,,94.0,,,,,,79.5,79.9,,,,,74.5
REC01437,AI Engineer,Cybersecurity,MoSPI,Bachelor,11,35.3,28.8,90.3,96.8,2,79.6,Intermediate,,,,,,,,,,,,,79.0,,,,,,,,,,,,,,,,,74.2,,66.6,,,,,,,84.7,,,,,66.9,,
REC01438,Finance Officer,Agriculture,DIID,Master,6,98.7,53.0,81.9,58.5,1,66.0,Intermediate,54.8,,,,,,,,,,47.1,,,,,,,,64.3,56.6,,,,,,,,,,,,,,,,,,,,,,,,,,47.3
REC01439,Cybersecurity Analyst,Cybersecurity,IT,Bachelor,10,41.1,43.1,75.3,63.0,1,63.2,Developing,,,,,,,,57.5,61.4,,,,,,,,,,,,,,,,,,,,,,,,59.9,,,,,,71.4,,,63.5,,,,
REC01440,Legal Officer,Education,Policy,Master,5,69.3,40.0,69.0,69.6,3,62.6,Developing,,,,,,,60.3,,,,,,,,,,,,,,,,,,,,,,77.0,,,,,54.3,,,,,,65.6,,56.4,,,,
REC01441,Environmental Officer,Education,MoSPI,Bachelor,15,82.0,49.8,97.4,88.3,2,85.4,Advanced,,,,,,,,,80.1,,,,,,,,86.0,,,,93.6,,,,,,,,,,,,,,,,,,,88.1,,,,,,79.9
REC01442,Economist,Public Health,DIID,PhD,10,61.1,24.8,76.8,66.0,1,64.9,Developing,,,,,,,,,60.9,,,,,57.0,61.2,,,,,,,,,,,,,,,,,,,,,,,,,73.0,,,,,,60.2
REC01443,Biotechnology Faculty,Education,Policy,Master,17,96.2,86.2,76.9,72.7,2,70.9,Intermediate,,,,,66.3,,,,58.0,,,,,,,,,,,,,65.7,,,72.6,,,,,,58.3,,,,,,,,,,,,,,,
REC01444,Policy Analyst,Cybersecurity,Training,Bachelor,6,75.2,43.4,79.9,90.9,3,75.0,Intermediate,,,,,,,,,70.0,,,,,,,,,,,,,,,,,,,,,,,,,72.5,,,,,,84.4,73.1,,,,,71.8
REC01445,Database Administrator,Data Science,Statistics Division,Bachelor,5,63.6,59.1,49.3,72.6,3,52.1,Developing,,,,,,,,,,50.5,,42.4,,,,,,,,,,,,,,,,,,,,,,,,53.0,,,46.6,,,,36.6,,,
REC01446,Environmental Officer,Statistics,Statistics Division,PhD,1,51.8,6.8,76.6,74.3,1,64.7,Developing,,,,,,,,,59.4,,,,,,,,56.7,,,,62.8,,,,,,,,,,,,,,,,,,,59.9,,,,,,63.8
REC01447,Statistical Officer,Administration,Administration,Master,12,116.2,58.9,72.5,64.9,3,66.7,Intermediate,,,,,,,,,65.1,,65.7,,,,,,,,,,,,,,,,,,,,,,,,59.4,,,,,,,,,,69.8,64.4
REC01448,Public Health Officer,Biotechnology,Policy,Master,1,84.4,32.3,61.5,66.4,1,56.5,Developing,,,,,,52.5,,,50.3,,,,,,,,,57.6,,,,,,,,,,,,,,,,,,,,43.9,,47.5,,,,,,
REC01449,Public Health Officer,Public Health,Training,Master,10,64.1,47.5,82.4,87.0,1,74.7,Intermediate,,,,,,68.2,,,76.0,,,,,,,,,69.1,,,,,,,,,,,,,,,,,,,,61.5,,81.6,,,,,,
REC01450,HR Officer,Biotechnology,Administration,Master,6,71.5,17.9,87.9,65.9,1,70.3,Intermediate,,,,,,,54.7,,61.9,,,,,,,,,,,,,,74.6,,,61.3,,,,,,,,,,,,,,77.2,,,,,,
REC01451,Environmental Officer,Economics,Data & Analytics,Master,9,82.1,35.2,62.0,85.9,2,64.2,Developing,,,,,,,,,46.7,,,,,,,,69.7,,,,49.7,,,,,,,,,,,,,,,,,,,70.1,,,,,,71.1
REC01452,Policy Analyst,Artificial Intelligence,Statistics Division,Bachelor,8,80.2,44.9,73.2,88.8,3,71.4,Intermediate,,,,,,,,,70.5,,,,,,,,,,,,,,,,,,,,,,,,,83.5,,,,,,67.5,71.9,,,,,61.6
REC01453,Project Manager,Education,IT,Master,8,72.8,54.6,70.0,98.5,1,71.6,Intermediate,,,,,,,71.7,,64.0,,,,,,,,,,,,,,,,,,68.3,,,,,,,,,64.1,63.4,,,,,,,,,
REC01454,Administrative Officer,Data Science,Data & Analytics,Master,7,45.7,25.0,80.6,65.1,2,64.7,Developing,,54.1,,,,,57.6,,57.0,,,,,,,,,,,,,,,,,,,,,,,,,,,,62.2,,,56.1,,,,,,
REC01455,Data Analyst,Education,MoSPI,Master,13,58.5,59.4,98.3,78.9,3,81.2,Advanced,,,,,,,,,76.8,,83.8,,,,,,,,,,,,,,,,,,,,,,,,,,,,,,,,81.0,,79.6,65.3
REC01456,Administrative Officer,Environment,DIID,PhD,6,42.1,44.2,85.4,77.4,3,70.7,Intermediate,,64.5,,,,,59.6,,68.7,,,,,,,,,,,,,,,,,,,,,,,,,,,,68.9,,,48.4,,,,,,
REC01457,Research Officer,Education,MoSPI,Bachelor,5,27.5,22.3,90.0,67.1,3,69.4,Intermediate,,,,,,,,,72.4,,62.7,,,,,,,,,,,,,,,,,,,,,,,,,,,,,66.3,62.9,,,,,62.7
REC01458,Public Health Officer,Education,DIID,Master,9,76.0,62.6,71.8,61.5,3,64.0,Developing,,,,,,62.5,,,84.1,,,,,,,,,67.0,,,,,,,,,,,,,,,,,,,,58.7,,71.5,,,,,,
REC01459,Data Scientist,Finance,Statistics Division,Bachelor,9,65.1,33.2,76.8,90.2,1,72.0,Intermediate,,,,,,,,,76.0,,64.1,,,,,,,,,,,,,,,,,,,74.6,,,,,,,,,66.6,,,,,,,56.5
REC01460,Data Analyst,Public Policy,Policy,Master,7,60.9,39.4,76.6,73.6,7,67.3,Intermediate,,,,,,,,,66.9,,61.6,,,,,,,,,,,,,,,,,,,,,,,,,,,,,,,,55.9,,72.6,72.7
REC01461,Agriculture Officer,Cybersecurity,DIID,Master,9,70.1,64.5,75.3,72.6,2,68.3,Intermediate,,,76.1,,,,,,67.4,,,,,,,,,,,,75.0,,,,,,,,,,,,,,,,,,,69.3,,,,,,60.5
REC01462,HR Officer,Artificial Intelligence,Administration,PhD,16,64.8,54.8,84.3,74.3,2,73.0,Intermediate,,,,,,,67.5,,64.4,,,,,,,,,,,,,,76.3,,,73.0,,,,,,,,,,,,,,62.4,,,,,,
REC01463,Cybersecurity Analyst,Environment,IT,Bachelor,7,35.8,46.4,67.0,52.3,1,55.3,Developing,,,,,,,,54.9,53.8,,,,,,,,,,,,,,,,,,,,,,,,55.8,,,,,,58.8,,,60.0,,,,
REC01464,Project Manager,Agriculture,Training,Master,8,39.3,50.1,90.6,81.0,3,76.1,Intermediate,,,,,,,82.5,,91.8,,,,,,,,,,,,,,,,,,63.7,,,,,,,,,66.2,67.4,,,,,,,,,
REC01465,Finance Officer,Statistics,MoSPI,Bachelor,3,14.2,56.3,73.1,79.4,1,64.8,Developing,80.5,,,,,,,,,,52.5,,,,,,,,63.6,60.2,,,,,,,,,,,,,,,,,,,,,,,,,,67.2
REC01466,Administrative Officer,Agriculture,Data & Analytics,Master,6,48.6,63.0,65.7,60.7,9,58.4,Developing,,60.6,,,,,62.6,,57.8,,,,,,,,,,,,,,,,,,,,,,,,,,,,70.5,,,54.8,,,,,,
REC01467,Project Manager,Artificial Intelligence,Research,Master,8,64.3,14.5,87.7,71.6,4,70.9,Intermediate,,,,,,,61.8,,73.4,,,,,,,,,,,,,,,,,,63.2,,,,,,,,,55.2,58.9,,,,,,,,,
REC01468,Project Manager,Agriculture,Training,Bachelor,9,70.6,52.1,80.7,70.7,2,68.3,Intermediate,,,,,,,52.7,,60.2,,,,,,,,,,,,,,,,,,70.1,,,,,,,,,63.3,47.8,,,,,,,,,
REC01469,Legal Officer,Agriculture,Statistics Division,Bachelor,5,18.9,28.4,49.4,80.4,4,52.1,Developing,,,,,,,41.5,,,,,,,,,,,,,,,,,,,,,,50.7,,,,,46.9,,,,,,55.4,,61.2,,,,
REC01470,AI Engineer,Artificial Intelligence,Statistics Division,Master,3,47.1,19.6,72.6,59.5,3,58.9,Developing,,,,,,,,,,,,,58.7,,,,,,,,,,,,,,,,,46.7,,60.6,,,,,,,52.5,,,,,60.8,,
REC01471,Biotechnology Faculty,Cybersecurity,IT,Master,1,53.3,38.4,52.8,90.6,1,57.9,Developing,,,,,62.5,,,,59.3,,,,,,,,,,,,,42.0,,,54.2,,,,,,48.9,,,,,,,,,,,,,,,
REC01472,Data Scientist,Public Health,Data & Analytics,Bachelor,5,53.0,85.4,79.2,79.1,3,70.3,Intermediate,,,,,,,,,52.1,,57.9,,,,,,,,,,,,,,,,,,,71.7,,,,,,,,,77.4,,,,,,,66.3
REC01473,Education Officer,Data Science,Data & Analytics,Master,7,64.3,24.3,63.1,71.2,4,58.7,Developing,,,,61.3,,,50.4,,49.4,,,,,,,55.4,,,,,,,,,,,,58.4,,,,,,,,,,,,,,,,,,
REC01474,Cybersecurity Analyst,Economics,Statistics Division,Bachelor,6,85.7,40.8,68.6,53.5,4,57.9,Developing,,,,,,,,44.1,60.0,,,,,,,,,,,,,,,,,,,,,,,,55.4,,,,,,54.2,,,57.9,,,,
REC01475,Administrative Officer,Artificial Intelligence,Administration,Master,0,65.9,58.6,66.2,52.1,3,55.1,Developing,,60.8,,,,,42.1,,61.3,,,,,,,,,,,,,,,,,,,,,,,,,,,,52.4,,,46.8,,,,,,
REC01476,Economist,Agriculture,MoSPI,Bachelor,3,28.7,54.6,96.0,64.8,4,71.5,Intermediate,,,,,,,,,77.4,,,,,67.5,54.1,,,,,,,,,,,,,,,,,,,,,,,,,48.4,,,,,,55.8
REC01477,Database Administrator,Data Science,IT,Bachelor,5,29.9,78.9,77.7,74.3,2,67.9,Intermediate,,,,,,,,,,66.7,,66.4,,,,,,,,,,,,,,,,,,,,,,,,76.8,,,66.8,,,,72.0,,,
REC01478,HR Officer,Artificial Intelligence,MoSPI,PhD,3,60.8,29.0,55.4,80.3,4,58.1,Developing,,,,,,,62.5,,74.0,,,,,,,,,,,,,,56.5,,,54.0,,,,,,,,,,,,,,64.2,,,,,,
REC01479,Education Officer,Artificial Intelligence,DIID,Master,13,70.6,28.6,85.1,85.9,4,76.1,Intermediate,,,,73.5,,,75.5,,75.9,,,,,,,71.4,,,,,,,,,,,,66.9,,,,,,,,,,,,,,,,,,
REC01480,HR Officer,Statistics,DIID,Bachelor,4,19.9,5.3,72.3,75.1,2,60.8,Developing,,,,,,,55.2,,60.8,,,,,,,,,,,,,,42.4,,,57.1,,,,,,,,,,,,,,52.7,,,,,,
REC01481,Research Officer,Statistics,IT,Bachelor,12,19.7,34.4,90.0,77.8,2,73.2,Intermediate,,,,,,,,,65.9,,74.8,,,,,,,,,,,,,,,,,,,,,,,,,,,,,66.4,68.7,,,,,61.2
REC01482,Economist,Economics,DIID,Master,3,45.6,63.3,80.2,58.8,4,63.5,Developing,,,,,,,,,65.2,,,,,56.9,61.1,,,,,,,,,,,,,,,,,,,,,,,,,49.9,,,,,,59.4
REC01483,AI Engineer,Cybersecurity,Statistics Division,Master,15,108.6,39.2,100.0,74.0,3,82.3,Advanced,,,,,,,,,,,,,73.3,,,,,,,,,,,,,,,,,81.7,,60.8,,,,,,,78.0,,,,,78.0,,
REC01484,Research Officer,Cybersecurity,IT,PhD,0,50.9,70.7,76.5,71.5,4,65.6,Intermediate,,,,,,,,,57.2,,71.0,,,,,,,,,,,,,,,,,,,,,,,,,,,,,57.9,61.4,,,,,62.0
REC01485,Research Officer,Public Policy,DIID,PhD,4,36.3,26.2,71.3,83.8,2,64.7,Developing,,,,,,,,,50.6,,58.9,,,,,,,,,,,,,,,,,,,,,,,,,,,,,52.9,66.4,,,,,67.6
REC01486,HR Officer,Biotechnology,Training,Master,7,43.5,28.6,68.4,69.3,2,61.0,Developing,,,,,,,54.4,,64.1,,,,,,,,,,,,,,64.7,,,72.0,,,,,,,,,,,,,,57.2,,,,,,
REC01487,Economist,Biotechnology,Research,Master,19,81.9,49.9,92.7,94.7,2,85.3,Advanced,,,,,,,,,76.8,,,,,91.1,95.5,,,,,,,,,,,,,,,,,,,,,,,,,76.8,,,,,,84.6
REC01488,Project Manager,Public Policy,IT,Bachelor,7,19.7,34.5,78.8,87.1,7,70.3,Intermediate,,,,,,,75.2,,67.7,,,,,,,,,,,,,,,,,,76.8,,,,,,,,,61.7,68.1,,,,,,,,,
REC01489,Administrative Officer,Public Policy,Research,Bachelor,0,21.9,38.0,76.7,49.5,1,56.5,Developing,,48.5,,,,,47.8,,59.1,,,,,,,,,,,,,,,,,,,,,,,,,,,,52.0,,,49.0,,,,,,
REC01490,Data Scientist,Agriculture,MoSPI,Master,12,58.7,33.5,92.3,63.8,2,72.7,Intermediate,,,,,,,,,75.8,,62.5,,,,,,,,,,,,,,,,,,,65.1,,,,,,,,,74.3,,,,,,,67.7
REC01491,Data Analyst,Cybersecurity,MoSPI,Bachelor,6,90.9,23.4,78.4,92.2,1,74.9,Intermediate,,,,,,,,,74.4,,73.7,,,,,,,,,,,,,,,,,,,,,,,,,,,,,,,,72.3,,76.4,76.6
REC01492,Public Health Officer,Environment,Research,Master,2,53.0,14.2,73.6,58.4,1,57.8,Developing,,,,,,46.6,,,55.7,,,,,,,,,42.6,,,,,,,,,,,,,,,,,,,,45.6,,48.9,,,,,,
REC01493,Public Health Officer,Education,Statistics Division,Master,8,64.1,49.2,81.0,58.6,2,66.0,Intermediate,,,,,,68.1,,,67.3,,,,,,,,,60.5,,,,,,,,,,,,,,,,,,,,68.1,,64.5,,,,,,
REC01494,Education Officer,Biotechnology,Statistics Division,Bachelor,0,40.4,28.0,70.6,75.9,3,61.8,Developing,,,,55.6,,,55.9,,56.7,,,,,,,49.5,,,,,,,,,,,,68.1,,,,,,,,,,,,,,,,,,
REC01495,Statistical Officer,Agriculture,Statistics Division,Master,6,53.2,24.2,81.3,57.1,1,62.9,Developing,,,,,,,,,59.5,,53.1,,,,,,,,,,,,,,,,,,,,,,,,58.9,,,,,,,,,,54.4,52.4
REC01496,Agriculture Officer,Data Science,IT,Master,3,50.5,27.4,67.6,61.0,2,56.4,Developing,,,43.1,,,,,,47.1,,,,,,,,,,,,52.4,,,,,,,,,,,,,,,,,,,48.3,,,,,,57.4
REC01497,Economist,Data Science,Research,Master,1,31.9,56.8,80.6,74.6,5,68.0,Intermediate,,,,,,,,,69.6,,,,,67.2,66.3,,,,,,,,,,,,,,,,,,,,,,,,,68.9,,,,,,66.9
REC01498,Biotechnology Faculty,Cybersecurity,Research,Bachelor,16,77.9,46.5,81.0,74.0,1,72.0,Intermediate,,,,,76.2,,,,68.6,,,,,,,,,,,,,58.2,,,69.9,,,,,,78.2,,,,,,,,,,,,,,,
REC01499,Biotechnology Faculty,Public Policy,Policy,Master,0,46.7,48.4,72.8,54.0,1,58.0,Developing,,,,,46.4,,,,54.6,,,,,,,,,,,,,71.7,,,58.3,,,,,,51.3,,,,,,,,,,,,,,,
REC01500,Public Health Officer,Economics,Research,Bachelor,10,41.7,54.8,65.7,70.3,2,59.5,Developing,,,,,,50.0,,,41.6,,,,,,,,,45.2,,,,,,,,,,,,,,,,,,,,67.6,,58.4,,,,,,
REC01501,Biotechnology Faculty,Public Policy,Administration,Master,6,54.2,48.6,79.8,77.3,3,69.5,Intermediate,,,,,61.8,,,,65.1,,,,,,,,,,,,,62.8,,,76.3,,,,,,65.9,,,,,,,,,,,,,,,
REC01502,Agriculture Officer,Artificial Intelligence,Data & Analytics,PhD,5,57.4,17.3,90.6,58.7,5,68.3,Intermediate,,,63.6,,,,,,62.9,,,,,,,,,,,,52.5,,,,,,,,,,,,,,,,,,,59.3,,,,,,70.9
REC01503,Legal Officer,Agriculture,Training,Master,15,82.9,59.6,68.9,85.0,4,70.2,Intermediate,,,,,,,73.0,,,,,,,,,,,,,,,,,,,,,,79.1,,,,,74.9,,,,,,64.2,,76.0,,,,
REC01504,Cybersecurity Analyst,Data Science,Research,Master,7,43.2,35.7,62.0,74.9,3,58.4,Developing,,,,,,,,57.5,54.2,,,,,,,,,,,,,,,,,,,,,,,,44.8,,,,,,57.3,,,57.5,,,,
REC01505,Agriculture Officer,Agriculture,Research,Master,10,69.8,41.6,54.9,59.9,4,53.2,Developing,,,53.5,,,,,,53.0,,,,,,,,,,,,63.5,,,,,,,,,,,,,,,,,,,46.8,,,,,,56.5
REC01506,Data Scientist,Environment,DIID,Master,8,38.1,29.2,85.2,91.8,1,75.6,Intermediate,,,,,,,,,58.2,,74.8,,,,,,,,,,,,,,,,,,,76.2,,,,,,,,,81.7,,,,,,,72.3
REC01507,Cybersecurity Analyst,Artificial Intelligence,Administration,PhD,0,58.3,49.2,68.7,87.1,1,66.3,Intermediate,,,,,,,,63.7,58.7,,,,,,,,,,,,,,,,,,,,,,,,67.3,,,,,,65.4,,,70.4,,,,
REC01508,Education Officer,Cybersecurity,DIID,Bachelor,7,18.7,38.0,76.8,92.6,4,70.3,Intermediate,,,,63.7,,,79.7,,62.6,,,,,,,60.8,,,,,,,,,,,,65.5,,,,,,,,,,,,,,,,,,
REC01509,Research Officer,Biotechnology,Policy,Bachelor,0,56.6,35.2,78.6,64.1,4,63.8,Developing,,,,,,,,,51.5,,50.9,,,,,,,,,,,,,,,,,,,,,,,,,,,,,70.5,55.5,,,,,73.2
REC01510,HR Officer,Statistics,Statistics Division,Master,6,25.5,52.3,66.3,56.0,2,54.7,Developing,,,,,,,59.4,,55.7,,,,,,,,,,,,,,51.1,,,50.3,,,,,,,,,,,,,,40.7,,,,,,
REC01511,Biotechnology Faculty,Administration,MoSPI,Master,0,46.7,44.6,55.5,75.1,1,54.4,Developing,,,,,55.8,,,,44.1,,,,,,,,,,,,,47.1,,,46.8,,,,,,52.7,,,,,,,,,,,,,,,
REC01512,Biotechnology Faculty,Data Science,IT,Master,10,22.3,44.4,93.2,46.9,4,66.6,Intermediate,,,,,55.1,,,,74.1,,,,,,,,,,,,,56.0,,,59.6,,,,,,78.3,,,,,,,,,,,,,,,
REC01513,Data Analyst,Agriculture,Policy,Bachelor,9,80.1,54.7,89.5,95.1,1,81.8,Advanced,,,,,,,,,95.5,,74.1,,,,,,,,,,,,,,,,,,,,,,,,,,,,,,,,67.3,,81.2,75.4
REC01514,Environmental Officer,Administration,Research,Bachelor,10,96.2,39.9,94.4,77.3,1,79.4,Intermediate,,,,,,,,,84.5,,,,,,,,75.5,,,,70.7,,,,,,,,,,,,,,,,,,,64.1,,,,,,76.2
REC01515,Economist,Administration,Data & Analytics,Master,1,74.4,58.6,70.0,75.5,1,64.4,Developing,,,,,,,,,63.1,,,,,62.4,57.4,,,,,,,,,,,,,,,,,,,,,,,,,69.6,,,,,,52.7
REC01516,Data Analyst,Environment,Policy,Bachelor,9,61.6,51.1,75.1,69.9,5,65.8,Intermediate,,,,,,,,,60.6,,76.9,,,,,,,,,,,,,,,,,,,,,,,,,,,,,,,,49.1,,60.0,67.4
REC01517,Administrative Officer,Statistics,DIID,Master,0,58.7,27.3,66.8,80.2,2,62.2,Developing,,53.7,,,,,67.7,,51.1,,,,,,,,,,,,,,,,,,,,,,,,,,,,50.3,,,70.5,,,,,,
REC01518,Project Manager,Cybersecurity,Training,Master,13,96.6,65.6,89.4,68.3,6,75.9,Intermediate,,,,,,,86.3,,65.8,,,,,,,,,,,,,,,,,,68.5,,,,,,,,,82.1,68.1,,,,,,,,,
REC01519,Economist,Administration,Policy,Bachelor,8,84.9,75.6,78.0,69.8,8,70.0,Intermediate,,,,,,,,,65.2,,,,,77.8,71.1,,,,,,,,,,,,,,,,,,,,,,,,,85.2,,,,,,61.5
REC01520,AI Engineer,Data Science,Training,PhD,7,79.9,47.7,62.4,50.1,10,54.5,Developing,,,,,,,,,,,,,49.0,,,,,,,,,,,,,,,,,55.5,,56.8,,,,,,,55.2,,,,,61.5,,
REC01521,Software Engineer,Artificial Intelligence,MoSPI,Bachelor,8,58.2,58.3,78.0,96.8,2,75.9,Intermediate,,,,,,,,,,,,,,,,,,,,,,,,81.1,,,,,,,,,,,,89.6,,,75.2,,,,84.5,55.3,,
REC01522,Software Engineer,Computer Science,MoSPI,Bachelor,0,63.1,50.8,58.4,35.5,4,45.7,Beginner,,,,,,,,,,,,,,,,,,,,,,,,37.3,,,,,,,,,,,,42.3,,,49.5,,,,48.8,38.6,,
REC01523,Public Health Officer,Environment,DIID,Bachelor,11,43.2,55.4,54.2,71.8,2,55.4,Developing,,,,,,48.3,,,60.7,,,,,,,,,57.4,,,,,,,,,,,,,,,,,,,,61.2,,52.8,,,,,,
REC01524,Cybersecurity Analyst,Biotechnology,Research,Bachelor,7,86.7,45.8,74.2,88.0,2,71.1,Intermediate,,,,,,,,69.1,65.8,,,,,,,,,,,,,,,,,,,,,,,,69.2,,,,,,64.5,,,60.2,,,,
REC01525,Software Engineer,Artificial Intelligence,Administration,Bachelor,6,80.8,82.0,49.7,79.7,1,57.4,Developing,,,,,,,,,,,,,,,,,,,,,,,,61.2,,,,,,,,,,,,62.2,,,60.6,,,,54.8,50.6,,
REC01526,Administrative Officer,Public Health,Policy,PhD,5,43.4,36.0,91.2,76.0,5,74.4,Intermediate,,78.8,,,,,72.4,,68.0,,,,,,,,,,,,,,,,,,,,,,,,,,,,69.6,,,75.1,,,,,,
REC01527,Policy Analyst,Artificial Intelligence,DIID,Master,14,63.7,32.7,71.1,82.5,3,67.1,Intermediate,,,,,,,,,61.8,,,,,,,,,,,,,,,,,,,,,,,,,56.8,,,,,,67.5,62.4,,,,,58.0
REC01528,AI Engineer,Cybersecurity,Research,Master,9,21.0,38.4,61.4,79.1,1,58.9,Developing,,,,,,,,,,,,,58.4,,,,,,,,,,,,,,,,,55.2,,57.5,,,,,,,53.9,,,,,60.5,,
REC01529,AI Engineer,Data Science,DIID,Master,13,46.4,50.4,78.2,85.3,2,71.5,Intermediate,,,,,,,,,,,,,73.5,,,,,,,,,,,,,,,,,59.7,,62.1,,,,,,,69.8,,,,,71.1,,
REC01530,HR Officer,Data Science,MoSPI,Bachelor,3,77.0,40.9,69.3,75.2,3,63.8,Developing,,,,,,,69.5,,59.4,,,,,,,,,,,,,,58.0,,,50.0,,,,,,,,,,,,,,63.2,,,,,,
REC01531,Research Officer,Agriculture,Administration,Master,12,63.1,51.5,77.6,75.8,3,69.4,Intermediate,,,,,,,,,71.5,,73.4,,,,,,,,,,,,,,,,,,,,,,,,,,,,,68.0,59.3,,,,,61.6
REC01532,Education Officer,Artificial Intelligence,Policy,Master,4,57.6,31.0,53.9,79.8,9,56.1,Developing,,,,48.5,,,53.0,,42.3,,,,,,,66.5,,,,,,,,,,,,59.0,,,,,,,,,,,,,,,,,,
REC01533,Software Engineer,Data Science,Data & Analytics,Master,2,56.8,46.9,75.9,63.0,3,62.8,Developing,,,,,,,,,,,,,,,,,,,,,,,,62.8,,,,,,,,,,,,70.4,,,52.4,,,,57.8,56.4,,
REC01534,Statistical Officer,Cybersecurity,Research,Master,4,51.6,22.4,77.6,48.2,3,58.0,Developing,,,,,,,,,48.7,,52.5,,,,,,,,,,,,,,,,,,,,,,,,56.7,,,,,,,,,,45.8,51.9
REC01535,Database Administrator,Cybersecurity,DIID,Master,7,55.6,48.7,74.9,77.9,8,67.1,Intermediate,,,,,,,,,,69.7,,56.5,,,,,,,,,,,,,,,,,,,,,,,,47.4,,,64.7,,,,74.1,,,
REC01536,Administrative Officer,Economics,Administration,Bachelor,13,83.4,42.6,77.9,59.1,4,65.1,Intermediate,,53.9,,,,,54.8,,73.1,,,,,,,,,,,,,,,,,,,,,,,,,,,,50.8,,,64.0,,,,,,
REC01537,Data Scientist,Artificial Intelligence,Data & Analytics,Master,0,46.8,34.5,100.0,82.4,2,79.4,Intermediate,,,,,,,,,65.8,,76.3,,,,,,,,,,,,,,,,,,,70.1,,,,,,,,,81.6,,,,,,,69.9
REC01538,Administrative Officer,Agriculture,DIID,Master,5,58.3,61.4,59.7,56.8,1,53.7,Developing,,51.4,,,,,54.8,,58.6,,,,,,,,,,,,,,,,,,,,,,,,,,,,49.0,,,48.9,,,,,,
REC01539,Biotechnology Faculty,Education,Administration,Bachelor,12,62.6,46.8,82.6,99.8,2,78.8,Intermediate,,,,,71.9,,,,82.9,,,,,,,,,,,,,72.6,,,63.3,,,,,,84.4,,,,,,,,,,,,,,,
REC01540,Statistical Officer,Education,DIID,Bachelor,13,57.8,21.8,74.1,73.1,3,65.8,Intermediate,,,,,,,,,57.6,,67.6,,,,,,,,,,,,,,,,,,,,,,,,54.2,,,,,,,,,,55.5,81.0
REC01541,Agriculture Officer,Statistics,IT,Bachelor,12,79.7,46.1,80.8,68.4,2,68.9,Intermediate,,,60.1,,,,,,54.9,,,,,,,,,,,,64.4,,,,,,,,,,,,,,,,,,,58.6,,,,,,72.1
REC01542,Education Officer,Administration,DIID,Master,0,56.2,65.5,66.6,74.5,2,61.9,Developing,,,,62.7,,,60.8,,58.4,,,,,,,62.0,,,,,,,,,,,,60.8,,,,,,,,,,,,,,,,,,
REC01543,Environmental Officer,Environment,DIID,PhD,3,57.4,37.1,48.7,62.6,4,47.9,Beginner,,,,,,,,,44.8,,,,,,,,28.9,,,,46.6,,,,,,,,,,,,,,,,,,,49.9,,,,,,48.2
REC01544,Data Scientist,Finance,Policy,Master,7,69.2,89.6,78.2,67.7,3,67.4,Intermediate,,,,,,,,,61.3,,62.3,,,,,,,,,,,,,,,,,,,61.5,,,,,,,,,67.8,,,,,,,53.1
REC01545,Database Administrator,Artificial Intelligence,MoSPI,Bachelor,7,61.9,39.8,61.4,61.3,4,55.0,Developing,,,,,,,,,,54.4,,48.7,,,,,,,,,,,,,,,,,,,,,,,,47.4,,,48.4,,,,50.1,,,
REC01546,Software Engineer,Artificial Intelligence,Training,PhD,12,101.8,38.9,71.4,90.2,4,71.9,Intermediate,,,,,,,,,,,,,,,,,,,,,,,,63.2,,,,,,,,,,,,69.8,,,68.7,,,,69.9,71.5,,
REC01547,Administrative Officer,Statistics,Data & Analytics,Master,4,49.5,33.4,60.0,48.3,5,49.4,Beginner,,37.4,,,,,54.7,,45.1,,,,,,,,,,,,,,,,,,,,,,,,,,,,50.4,,,41.7,,,,,,
REC01548,Data Scientist,Computer Science,IT,Master,15,69.6,41.4,81.8,95.6,4,77.3,Intermediate,,,,,,,,,67.2,,68.8,,,,,,,,,,,,,,,,,,,72.4,,,,,,,,,67.6,,,,,,,79.4
REC01549,Economist,Education,MoSPI,PhD,0,68.6,55.5,68.8,55.2,3,57.1,Developing,,,,,,,,,63.5,,,,,42.8,52.7,,,,,,,,,,,,,,,,,,,,,,,,,50.5,,,,,,55.1
REC01550,Administrative Officer,Public Policy,Administration,Master,7,65.0,58.7,77.7,69.5,3,67.3,Intermediate,,59.3,,,,,80.9,,59.1,,,,,,,,,,,,,,,,,,,,,,,,,,,,67.9,,,59.1,,,,,,
REC01551,Project Manager,Public Health,Research,Bachelor,7,64.6,33.3,100.0,74.2,3,79.9,Intermediate,,,,,,,80.5,,85.4,,,,,,,,,,,,,,,,,,86.3,,,,,,,,,72.9,66.8,,,,,,,,,
REC01552,Software Engineer,Artificial Intelligence,DIID,Bachelor,9,81.5,70.3,72.1,82.1,4,69.6,Intermediate,,,,,,,,,,,,,,,,,,,,,,,,70.4,,,,,,,,,,,,71.2,,,73.2,,,,62.2,63.3,,
REC01553,HR Officer,Public Policy,IT,PhD,10,61.7,46.6,62.9,57.3,3,55.0,Developing,,,,,,,47.3,,51.8,,,,,,,,,,,,,,54.5,,,45.9,,,,,,,,,,,,,,43.4,,,,,,
REC01554,Legal Officer,Cybersecurity,Research,PhD,3,60.0,57.7,55.2,74.6,4,56.6,Developing,,,,,,,53.5,,,,,,,,,,,,,,,,,,,,,,65.8,,,,,56.1,,,,,,58.2,,54.6,,,,
REC01555,Cybersecurity Analyst,Agriculture,Administration,Master,5,76.9,42.1,51.9,81.6,4,57.3,Developing,,,,,,,,60.9,60.3,,,,,,,,,,,,,,,,,,,,,,,,44.4,,,,,,57.9,,,56.8,,,,
REC01556,Software Engineer,Data Science,Policy,Master,2,42.8,64.2,99.3,55.3,2,72.3,Intermediate,,,,,,,,,,,,,,,,,,,,,,,,70.5,,,,,,,,,,,,64.5,,,67.2,,,,62.1,72.0,,
REC01557,Agriculture Officer,Data Science,Research,Bachelor,0,72.8,49.0,81.2,85.3,1,72.7,Intermediate,,,62.4,,,,,,73.5,,,,,,,,,,,,71.5,,,,,,,,,,,,,,,,,,,64.2,,,,,,73.0
REC01558,Data Scientist,Artificial Intelligence,Policy,Master,9,49.2,10.6,67.9,64.4,3,58.5,Developing,,,,,,,,,52.4,,58.6,,,,,,,,,,,,,,,,,,,52.1,,,,,,,,,60.6,,,,,,,53.9
REC01559,Database Administrator,Cybersecurity,DIID,Master,0,15.4,55.8,73.9,81.3,3,65.6,Intermediate,,,,,,,,,,66.4,,72.7,,,,,,,,,,,,,,,,,,,,,,,,58.0,,,63.5,,,,70.5,,,
REC01560,Education Officer,Public Policy,Data & Analytics,Bachelor,10,57.2,48.0,68.1,55.8,3,58.2,Developing,,,,64.9,,,52.8,,48.1,,,,,,,56.5,,,,,,,,,,,,67.9,,,,,,,,,,,,,,,,,,
REC01561,Data Scientist,Education,DIID,Bachelor,6,58.8,51.9,88.8,94.0,1,80.0,Intermediate,,,,,,,,,65.9,,74.8,,,,,,,,,,,,,,,,,,,88.5,,,,,,,,,73.8,,,,,,,91.7
REC01562,AI Engineer,Computer Science,DIID,Bachelor,13,71.8,47.6,92.2,85.4,1,80.7,Advanced,,,,,,,,,,,,,69.8,,,,,,,,,,,,,,,,,79.4,,90.4,,,,,,,80.9,,,,,77.8,,
REC01563,Education Officer,Economics,Data & Analytics,Master,0,60.6,55.2,66.9,78.9,1,62.9,Developing,,,,65.8,,,63.0,,64.9,,,,,,,54.1,,,,,,,,,,,,53.2,,,,,,,,,,,,,,,,,,
REC01564,Project Manager,Statistics,Statistics Division,Bachelor,11,79.9,49.7,72.7,66.7,2,65.7,Intermediate,,,,,,,77.0,,72.9,,,,,,,,,,,,,,,,,,73.5,,,,,,,,,56.5,59.9,,,,,,,,,
REC01565,Biotechnology Faculty,Artificial Intelligence,Statistics Division,Master,4,51.3,52.0,81.3,74.5,1,68.9,Intermediate,,,,,55.0,,,,65.4,,,,,,,,,,,,,65.3,,,68.1,,,,,,67.3,,,,,,,,,,,,,,,
REC01566,Biotechnology Faculty,Administration,IT,Master,4,91.7,60.2,100.0,40.9,5,71.3,Intermediate,,,,,64.2,,,,72.3,,,,,,,,,,,,,56.3,,,61.8,,,,,,78.7,,,,,,,,,,,,,,,
REC01567,Cybersecurity Analyst,Artificial Intelligence,Research,Bachelor,7,21.2,33.2,91.1,66.9,3,70.1,Intermediate,,,,,,,,66.2,63.8,,,,,,,,,,,,,,,,,,,,,,,,67.0,,,,,,57.0,,,72.4,,,,
REC01568,Project Manager,Agriculture,Policy,Master,2,79.9,59.7,80.7,46.6,4,61.5,Developing,,,,,,,59.3,,62.3,,,,,,,,,,,,,,,,,,51.0,,,,,,,,,49.3,54.1,,,,,,,,,
REC01569,Data Scientist,Education,Statistics Division,PhD,9,46.7,29.3,67.7,85.6,3,65.0,Developing,,,,,,,,,63.0,,59.6,,,,,,,,,,,,,,,,,,,66.5,,,,,,,,,66.0,,,,,,,52.0
REC01570,Administrative Officer,Data Science,Statistics Division,Bachelor,4,44.1,28.7,66.6,57.9,5,55.9,Developing,,51.2,,,,,60.3,,51.8,,,,,,,,,,,,,,,,,,,,,,,,,,,,50.8,,,61.9,,,,,,
REC01571,Data Scientist,Artificial Intelligence,Statistics Division,Master,4,32.5,18.2,63.3,68.7,4,56.8,Developing,,,,,,,,,52.1,,49.3,,,,,,,,,,,,,,,,,,,65.1,,,,,,,,,63.6,,,,,,,62.2
REC01572,Research Officer,Public Policy,Research,Bachelor,0,39.8,36.8,54.0,64.6,2,49.8,Beginner,,,,,,,,,40.7,,43.0,,,,,,,,,,,,,,,,,,,,,,,,,,,,,55.7,45.8,,,,,37.9
REC01573,Project Manager,Data Science,DIID,Bachelor,12,101.4,59.4,59.7,85.4,1,66.6,Intermediate,,,,,,,72.2,,80.9,,,,,,,,,,,,,,,,,,71.2,,,,,,,,,66.4,74.0,,,,,,,,,
REC01574,Statistical Officer,Economics,Research,Bachelor,5,83.7,28.8,69.5,82.3,4,67.1,Intermediate,,,,,,,,,81.1,,75.8,,,,,,,,,,,,,,,,,,,,,,,,61.2,,,,,,,,,,68.5,54.7
REC01575,Data Scientist,Artificial Intelligence,Data & Analytics,Bachelor,13,100.1,45.4,71.2,85.6,2,71.4,Intermediate,,,,,,,,,73.4,,78.1,,,,,,,,,,,,,,,,,,,61.4,,,,,,,,,85.6,,,,,,,61.8
REC01576,HR Officer,Education,IT,Master,2,55.8,49.4,72.3,78.5,6,65.1,Intermediate,,,,,,,53.1,,58.2,,,,,,,,,,,,,,65.8,,,69.2,,,,,,,,,,,,,,53.4,,,,,,
REC01577,Administrative Officer,Data Science,Research,Master,0,12.1,52.4,71.9,78.5,3,62.7,Developing,,64.2,,,,,68.6,,51.4,,,,,,,,,,,,,,,,,,,,,,,,,,,,45.2,,,67.7,,,,,,
REC01578,Statistical Officer,Agriculture,DIID,Bachelor,5,36.2,53.1,79.1,72.9,5,67.6,Intermediate,,,,,,,,,63.5,,68.8,,,,,,,,,,,,,,,,,,,,,,,,69.3,,,,,,,,,,72.2,68.8
REC01579,Legal Officer,Administration,Administration,PhD,7,56.2,46.1,93.9,88.3,8,80.1,Advanced,,,,,,,71.7,,,,,,,,,,,,,,,,,,,,,,70.1,,,,,88.0,,,,,,59.3,,87.5,,,,
REC01580,Biotechnology Faculty,Public Policy,Administration,Bachelor,3,49.9,32.7,85.4,70.0,3,69.3,Intermediate,,,,,64.7,,,,75.8,,,,,,,,,,,,,50.2,,,61.3,,,,,,83.1,,,,,,,,,,,,,,,
REC01581,Environmental Officer,Biotechnology,Policy,Bachelor,7,55.1,39.1,66.1,73.9,4,61.9,Developing,,,,,,,,,67.6,,,,,,,,62.3,,,,65.2,,,,,,,,,,,,,,,,,,,56.4,,,,,,60.8
REC01582,Education Officer,Administration,MoSPI,Bachelor,0,37.7,20.3,74.5,55.1,3,57.5,Developing,,,,59.4,,,47.8,,57.3,,,,,,,46.0,,,,,,,,,,,,56.0,,,,,,,,,,,,,,,,,,
REC01583,Environmental Officer,Education,Research,Master,5,69.2,84.8,64.3,81.3,2,64.8,Developing,,,,,,,,,70.4,,,,,,,,66.9,,,,75.4,,,,,,,,,,,,,,,,,,,59.0,,,,,,52.3
REC01584,HR Officer,Administration,Training,Master,8,66.0,63.7,63.9,69.0,2,61.0,Developing,,,,,,,64.9,,54.9,,,,,,,,,,,,,,75.9,,,58.6,,,,,,,,,,,,,,63.7,,,,,,
REC01585,Database Administrator,Computer Science,Policy,Master,2,84.1,39.7,69.0,95.6,5,69.1,Intermediate,,,,,,,,,,62.3,,64.0,,,,,,,,,,,,,,,,,,,,,,,,52.8,,,62.7,,,,63.7,,,
REC01586,Education Officer,Education,Administration,Master,0,37.6,3.7,70.0,66.9,4,57.4,Developing,,,,48.1,,,52.7,,47.6,,,,,,,54.4,,,,,,,,,,,,42.7,,,,,,,,,,,,,,,,,,
REC01587,Administrative Officer,Environment,IT,Bachelor,4,63.7,42.2,67.2,47.4,1,53.7,Developing,,48.6,,,,,46.3,,41.3,,,,,,,,,,,,,,,,,,,,,,,,,,,,47.2,,,58.7,,,,,,
REC01588,Cybersecurity Analyst,Computer Science,Research,Master,8,68.5,20.6,89.5,89.8,5,77.8,Intermediate,,,,,,,,68.7,82.0,,,,,,,,,,,,,,,,,,,,,,,,64.1,,,,,,77.8,,,58.3,,,,
REC01589,AI Engineer,Cybersecurity,DIID,Bachelor,5,65.3,30.5,85.8,69.9,3,70.5,Intermediate,,,,,,,,,,,,,70.6,,,,,,,,,,,,,,,,,67.2,,74.9,,,,,,,67.4,,,,,58.7,,
REC01590,Database Administrator,Artificial Intelligence,Administration,Master,0,54.0,38.2,92.3,96.5,3,79.8,Intermediate,,,,,,,,,,71.8,,72.5,,,,,,,,,,,,,,,,,,,,,,,,72.4,,,70.9,,,,73.8,,,
REC01591,Administrative Officer,Environment,Research,Master,1,58.4,38.3,95.3,77.7,1,76.0,Intermediate,,73.4,,,,,67.8,,59.2,,,,,,,,,,,,,,,,,,,,,,,,,,,,69.7,,,64.4,,,,,,
REC01592,Software Engineer,Cybersecurity,Statistics Division,Bachelor,8,51.1,44.9,68.6,64.5,7,59.1,Developing,,,,,,,,,,,,,,,,,,,,,,,,49.8,,,,,,,,,,,,58.6,,,44.9,,,,58.4,46.0,,
REC01593,Public Health Officer,Artificial Intelligence,MoSPI,PhD,0,18.3,25.0,87.2,72.2,5,68.0,Intermediate,,,,,,47.8,,,70.2,,,,,,,,,72.1,,,,,,,,,,,,,,,,,,,,58.5,,60.7,,,,,,
REC01594,Biotechnology Faculty,Economics,Statistics Division,Bachelor,3,75.2,43.4,62.6,83.4,6,62.1,Developing,,,,,55.2,,,,57.5,,,,,,,,,,,,,51.4,,,52.2,,,,,,61.2,,,,,,,,,,,,,,,
REC01595,Research Officer,Data Science,MoSPI,Master,9,57.0,34.5,79.1,84.5,1,71.7,Intermediate,,,,,,,,,61.4,,66.9,,,,,,,,,,,,,,,,,,,,,,,,,,,,,79.9,69.2,,,,,71.6
REC01596,Environmental Officer,Finance,Data & Analytics,Master,12,75.9,60.3,64.6,91.3,3,68.3,Intermediate,,,,,,,,,65.1,,,,,,,,83.7,,,,59.4,,,,,,,,,,,,,,,,,,,64.0,,,,,,63.9
REC01597,Legal Officer,Cybersecurity,DIID,Bachelor,0,49.2,66.6,87.2,81.2,4,74.2,Intermediate,,,,,,,75.5,,,,,,,,,,,,,,,,,,,,,,75.5,,,,,70.2,,,,,,62.7,,77.7,,,,
REC01598,Education Officer,Data Science,MoSPI,PhD,8,42.2,34.2,70.7,77.7,3,64.8,Developing,,,,64.6,,,67.8,,66.6,,,,,,,68.4,,,,,,,,,,,,61.5,,,,,,,,,,,,,,,,,,
REC01599,Biotechnology Faculty,Environment,MoSPI,Master,12,44.1,47.6,63.9,100.0,2,68.4,Intermediate,,,,,61.1,,,,63.3,,,,,,,,,,,,,69.5,,,69.8,,,,,,71.4,,,,,,,,,,,,,,,
REC01600,Data Analyst,Data Science,DIID,PhD,3,59.4,54.3,68.0,83.0,3,64.6,Developing,,,,,,,,,64.2,,62.2,,,,,,,,,,,,,,,,,,,,,,,,,,,,,,,,66.6,,40.8,63.1
REC01601,HR Officer,Environment,Policy,Master,10,59.4,52.7,82.1,75.7,2,72.2,Intermediate,,,,,,,71.3,,74.1,,,,,,,,,,,,,,79.4,,,71.0,,,,,,,,,,,,,,75.1,,,,,,
REC01602,AI Engineer,Artificial Intelligence,Data & Analytics,Master,9,121.8,42.5,83.8,71.4,1,72.9,Intermediate,,,,,,,,,,,,,74.2,,,,,,,,,,,,,,,,,64.4,,69.7,,,,,,,48.9,,,,,67.4,,
REC01603,Biotechnology Faculty,Administration,Administration,Bachelor,12,68.7,53.7,51.7,70.1,1,55.1,Developing,,,,,56.2,,,,49.2,,,,,,,,,,,,,59.9,,,59.6,,,,,,56.4,,,,,,,,,,,,,,,
REC01604,AI Engineer,Cybersecurity,Training,Master,10,67.9,52.7,73.3,78.7,1,68.1,Intermediate,,,,,,,,,,,,,57.0,,,,,,,,,,,,,,,,,88.4,,68.5,,,,,,,59.4,,,,,57.4,,
REC01605,Research Officer,Education,Statistics Division,Bachelor,11,88.4,61.5,73.4,51.2,2,62.2,Developing,,,,,,,,,62.3,,74.1,,,,,,,,,,,,,,,,,,,,,,,,,,,,,68.0,53.9,,,,,62.5
REC01606,AI Engineer,Computer Science,Data & Analytics,Master,8,50.8,48.2,86.1,70.1,3,70.2,Intermediate,,,,,,,,,,,,,75.9,,,,,,,,,,,,,,,,,61.4,,62.3,,,,,,,61.7,,,,,55.7,,
REC01607,Project Manager,Artificial Intelligence,Research,Bachelor,11,50.2,62.3,69.4,83.5,6,67.1,Intermediate,,,,,,,62.5,,68.2,,,,,,,,,,,,,,,,,,71.8,,,,,,,,,64.3,61.3,,,,,,,,,
REC01608,HR Officer,Statistics,Administration,Bachelor,7,37.6,42.8,72.9,57.0,4,58.7,Developing,,,,,,,54.0,,67.8,,,,,,,,,,,,,,52.6,,,44.7,,,,,,,,,,,,,,51.3,,,,,,
REC01609,Biotechnology Faculty,Public Policy,IT,PhD,3,49.8,40.9,76.4,74.3,3,66.3,Intermediate,,,,,77.6,,,,55.1,,,,,,,,,,,,,69.5,,,58.2,,,,,,64.6,,,,,,,,,,,,,,,
REC01610,Legal Officer,Education,Policy,PhD,14,69.9,56.4,89.3,89.0,1,80.6,Advanced,,,,,,,86.9,,,,,,,,,,,,,,,,,,,,,,84.1,,,,,71.1,,,,,,84.6,,72.4,,,,
REC01611,Biotechnology Faculty,Cybersecurity,Policy,Master,11,101.7,15.8,78.9,83.2,3,73.4,Intermediate,,,,,63.8,,,,71.6,,,,,,,,,,,,,75.5,,,75.7,,,,,,75.1,,,,,,,,,,,,,,,
REC01612,Public Health Officer,Economics,DIID,Bachelor,3,59.1,47.5,72.9,91.7,4,69.8,Intermediate,,,,,,70.5,,,67.7,,,,,,,,,64.9,,,,,,,,,,,,,,,,,,,,61.6,,63.6,,,,,,
REC01613,Data Scientist,Biotechnology,MoSPI,PhD,0,72.3,62.2,79.8,99.4,3,75.6,Intermediate,,,,,,,,,73.0,,61.4,,,,,,,,,,,,,,,,,,,63.3,,,,,,,,,71.8,,,,,,,66.5
REC01614,Biotechnology Faculty,Data Science,Statistics Division,PhD,11,68.7,54.4,99.7,93.8,1,86.6,Advanced,,,,,85.8,,,,80.4,,,,,,,,,,,,,81.0,,,86.3,,,,,,85.9,,,,,,,,,,,,,,,
REC01615,AI Engineer,Cybersecurity,IT,Master,5,33.5,24.9,70.3,100.0,3,69.4,Intermediate,,,,,,,,,,,,,72.0,,,,,,,,,,,,,,,,,67.3,,66.7,,,,,,,61.2,,,,,67.4,,
REC01616,Economist,Environment,MoSPI,Master,6,75.2,81.4,89.3,94.8,6,81.6,Advanced,,,,,,,,,80.2,,,,,73.8,82.5,,,,,,,,,,,,,,,,,,,,,,,,,69.5,,,,,,81.7
REC01617,Research Officer,Cybersecurity,MoSPI,Master,4,78.0,54.7,70.3,98.2,4,70.7,Intermediate,,,,,,,,,62.8,,64.3,,,,,,,,,,,,,,,,,,,,,,,,,,,,,60.0,60.2,,,,,59.1
REC01618,Biotechnology Faculty,Education,Data & Analytics,Master,10,89.0,63.7,64.8,66.8,3,61.2,Developing,,,,,56.8,,,,57.1,,,,,,,,,,,,,59.1,,,56.3,,,,,,58.0,,,,,,,,,,,,,,,
REC01619,Database Administrator,Cybersecurity,Statistics Division,PhD,7,58.4,26.6,88.9,66.7,2,71.5,Intermediate,,,,,,,,,,67.0,,75.2,,,,,,,,,,,,,,,,,,,,,,,,74.6,,,70.2,,,,71.0,,,
REC01620,Administrative Officer,Statistics,Research,Bachelor,20,96.2,44.4,93.6,63.3,3,76.1,Intermediate,,72.1,,,,,62.9,,80.5,,,,,,,,,,,,,,,,,,,,,,,,,,,,69.2,,,61.9,,,,,,
REC01621,Biotechnology Faculty,Artificial Intelligence,Research,PhD,2,76.2,22.8,55.2,67.3,1,52.7,Developing,,,,,53.3,,,,41.0,,,,,,,,,,,,,34.7,,,42.7,,,,,,54.9,,,,,,,,,,,,,,,
REC01622,Research Officer,Agriculture,Policy,PhD,6,54.8,59.8,66.2,81.7,3,64.1,Developing,,,,,,,,,47.9,,57.2,,,,,,,,,,,,,,,,,,,,,,,,,,,,,71.7,55.0,,,,,74.6
REC01623,Database Administrator,Computer Science,IT,Master,1,87.1,66.5,92.5,76.4,3,77.2,Intermediate,,,,,,,,,,69.1,,68.3,,,,,,,,,,,,,,,,,,,,,,,,72.9,,,68.3,,,,82.7,,,
REC01624,Education Officer,Artificial Intelligence,MoSPI,Master,4,86.4,68.5,76.2,100.0,5,76.3,Intermediate,,,,80.3,,,79.7,,60.1,,,,,,,57.8,,,,,,,,,,,,88.4,,,,,,,,,,,,,,,,,,
REC01625,HR Officer,Agriculture,DIID,Bachelor,8,79.2,66.6,62.4,74.6,5,62.9,Developing,,,,,,,65.0,,61.7,,,,,,,,,,,,,,61.4,,,78.6,,,,,,,,,,,,,,66.0,,,,,,
REC01626,Economist,Environment,Administration,Bachelor,8,66.4,39.0,71.0,78.1,4,65.9,Intermediate,,,,,,,,,71.0,,,,,57.6,69.3,,,,,,,,,,,,,,,,,,,,,,,,,62.8,,,,,,55.4
REC01627,Agriculture Officer,Cybersecurity,Administration,Master,0,30.1,32.5,57.8,70.8,3,53.5,Developing,,,53.1,,,,,,56.9,,,,,,,,,,,,43.7,,,,,,,,,,,,,,,,,,,51.2,,,,,,50.6
REC01628,Database Administrator,Cybersecurity,Research,PhD,12,50.7,40.4,57.0,65.5,1,54.4,Developing,,,,,,,,,,45.5,,43.1,,,,,,,,,,,,,,,,,,,,,,,,60.2,,,56.2,,,,49.8,,,
REC01629,Research Officer,Artificial Intelligence,MoSPI,Bachelor,13,62.4,47.6,74.7,96.1,3,74.2,Intermediate,,,,,,,,,85.9,,60.8,,,,,,,,,,,,,,,,,,,,,,,,,,,,,78.1,78.2,,,,,65.9
REC01630,Economist,Public Health,Statistics Division,Bachelor,2,58.6,50.6,89.0,59.4,5,68.7,Intermediate,,,,,,,,,63.2,,,,,62.7,57.2,,,,,,,,,,,,,,,,,,,,,,,,,67.7,,,,,,71.0
REC01631,Legal Officer,Environment,Data & Analytics,Master,0,49.7,48.9,55.9,76.1,1,55.1,Developing,,,,,,,55.8,,,,,,,,,,,,,,,,,,,,,,51.1,,,,,40.5,,,,,,41.1,,61.1,,,,
REC01632,Economist,Finance,DIID,Master,3,33.4,49.9,81.3,63.3,2,64.5,Developing,,,,,,,,,58.1,,,,,61.1,64.9,,,,,,,,,,,,,,,,,,,,,,,,,63.8,,,,,,53.5
REC01633,Policy Analyst,Public Policy,Statistics Division,Master,9,45.6,63.3,81.0,67.5,5,68.1,Intermediate,,,,,,,,,64.6,,,,,,,,,,,,,,,,,,,,,,,,,64.7,,,,,,68.8,71.2,,,,,67.2
REC01634,Finance Officer,Finance,MoSPI,PhD,3,85.1,53.7,88.0,96.1,7,80.8,Advanced,92.0,,,,,,,,,,70.4,,,,,,,,72.8,80.3,,,,,,,,,,,,,,,,,,,,,,,,,,73.0
REC01635,Finance Officer,Finance,MoSPI,PhD,5,27.5,23.4,70.8,77.3,1,62.6,Developing,71.6,,,,,,,,,,67.1,,,,,,,,59.5,48.2,,,,,,,,,,,,,,,,,,,,,,,,,,53.4
REC01636,Education Officer,Cybersecurity,IT,PhD,3,38.4,44.4,95.6,66.8,5,72.5,Intermediate,,,,77.6,,,73.1,,60.8,,,,,,,66.3,,,,,,,,,,,,42.5,,,,,,,,,,,,,,,,,,
REC01637,Economist,Biotechnology,Data & Analytics,PhD,0,64.3,64.1,60.2,76.9,3,60.2,Developing,,,,,,,,,52.3,,,,,61.9,56.2,,,,,,,,,,,,,,,,,,,,,,,,,73.3,,,,,,71.2
REC01638,Cybersecurity Analyst,Public Policy,Training,PhD,6,55.5,22.4,84.5,53.1,2,64.0,Developing,,,,,,,,62.6,55.9,,,,,,,,,,,,,,,,,,,,,,,,75.4,,,,,,52.9,,,53.1,,,,
REC01639,Environmental Officer,Finance,Data & Analytics,PhD,12,114.4,80.4,71.5,93.5,2,75.7,Intermediate,,,,,,,,,80.0,,,,,,,,80.4,,,,78.6,,,,,,,,,,,,,,,,,,,82.5,,,,,,67.0
REC01640,Legal Officer,Public Policy,Data & Analytics,PhD,5,30.4,25.8,70.9,67.9,2,59.5,Developing,,,,,,,58.2,,,,,,,,,,,,,,,,,,,,,,61.4,,,,,53.5,,,,,,36.9,,57.3,,,,
REC01641,Research Officer,Education,Data & Analytics,Master,1,70.1,52.7,61.6,74.9,3,60.2,Developing,,,,,,,,,44.4,,73.5,,,,,,,,,,,,,,,,,,,,,,,,,,,,,53.5,63.3,,,,,72.8
REC01642,Data Analyst,Computer Science,IT,Bachelor,13,88.5,40.2,88.2,78.7,4,77.3,Intermediate,,,,,,,,,74.9,,72.0,,,,,,,,,,,,,,,,,,,,,,,,,,,,,,,,88.0,,60.4,85.1
REC01643,Data Analyst,Data Science,Statistics Division,PhD,0,43.9,2.7,60.6,83.6,2,59.2,Developing,,,,,,,,,51.0,,55.9,,,,,,,,,,,,,,,,,,,,,,,,,,,,,,,,52.7,,71.9,68.4
REC01644,Database Administrator,Data Science,DIID,PhD,16,82.9,44.2,83.4,79.7,5,76.5,Intermediate,,,,,,,,,,80.5,,73.6,,,,,,,,,,,,,,,,,,,,,,,,88.2,,,77.6,,,,91.5,,,
REC01645,Database Administrator,Artificial Intelligence,MoSPI,Master,1,66.9,54.4,78.6,93.6,5,73.6,Intermediate,,,,,,,,,,65.8,,70.8,,,,,,,,,,,,,,,,,,,,,,,,71.8,,,72.0,,,,66.2,,,
REC01646,Research Officer,Economics,Data & Analytics,PhD,4,16.2,35.6,71.0,57.5,5,56.7,Developing,,,,,,,,,53.6,,70.6,,,,,,,,,,,,,,,,,,,,,,,,,,,,,44.7,44.3,,,,,64.2
REC01647,Project Manager,Public Health,DIID,Bachelor,11,66.4,56.6,83.8,93.7,3,77.0,Intermediate,,,,,,,67.7,,69.5,,,,,,,,,,,,,,,,,,68.2,,,,,,,,,69.2,62.4,,,,,,,,,
REC01648,Statistical Officer,Public Health,Statistics Division,Master,8,82.9,63.4,83.3,97.2,3,79.4,Intermediate,,,,,,,,,77.0,,75.4,,,,,,,,,,,,,,,,,,,,,,,,75.5,,,,,,,,,,70.4,81.4
REC01649,Legal Officer,Economics,MoSPI,Bachelor,3,74.9,38.5,83.9,71.1,3,70.4,Intermediate,,,,,,,69.6,,,,,,,,,,,,,,,,,,,,,,73.9,,,,,77.3,,,,,,63.9,,54.6,,,,
REC01650,Biotechnology Faculty,Public Health,DIID,Master,11,93.6,95.5,100.0,73.0,5,83.8,Advanced,,,,,73.3,,,,86.4,,,,,,,,,,,,,76.6,,,92.2,,,,,,95.8,,,,,,,,,,,,,,,
REC01651,HR Officer,Environment,Training,Bachelor,7,60.9,55.0,57.4,77.8,1,59.0,Developing,,,,,,,51.2,,64.3,,,,,,,,,,,,,,62.8,,,62.3,,,,,,,,,,,,,,51.9,,,,,,
REC01652,Statistical Officer,Biotechnology,Data & Analytics,Master,7,62.9,30.6,82.3,64.0,3,66.5,Intermediate,,,,,,,,,69.3,,47.9,,,,,,,,,,,,,,,,,,,,,,,,76.2,,,,,,,,,,54.7,53.4
REC01653,Legal Officer,Administration,Statistics Division,Bachelor,11,64.4,57.3,86.9,39.1,7,63.9,Developing,,,,,,,62.1,,,,,,,,,,,,,,,,,,,,,,67.1,,,,,61.0,,,,,,57.4,,65.5,,,,
REC01654,Software Engineer,Computer Science,Data & Analytics,PhD,10,74.2,42.2,97.6,67.0,5,77.2,Intermediate,,,,,,,,,,,,,,,,,,,,,,,,62.3,,,,,,,,,,,,74.8,,,69.6,,,,84.9,75.2,,
REC01655,Environmental Officer,Finance,IT,PhD,2,63.9,46.2,68.1,79.2,5,63.4,Developing,,,,,,,,,62.1,,,,,,,,56.4,,,,60.7,,,,,,,,,,,,,,,,,,,60.8,,,,,,49.2
REC01656,Administrative Officer,Cybersecurity,Training,Bachelor,3,56.8,67.3,57.8,88.8,3,62.7,Developing,,58.4,,,,,69.7,,59.5,,,,,,,,,,,,,,,,,,,,,,,,,,,,65.8,,,75.0,,,,,,
REC01657,Biotechnology Faculty,Administration,IT,PhD,11,86.8,34.9,77.5,69.1,1,68.3,Intermediate,,,,,71.7,,,,77.7,,,,,,,,,,,,,62.1,,,63.7,,,,,,61.7,,,,,,,,,,,,,,,
REC01658,Education Officer,Administration,Research,Master,0,70.3,70.5,65.7,59.8,4,58.7,Developing,,,,52.5,,,56.6,,64.3,,,,,,,57.9,,,,,,,,,,,,80.3,,,,,,,,,,,,,,,,,,
REC01659,Agriculture Officer,Education,IT,Bachelor,0,44.3,41.9,81.3,57.3,1,62.3,Developing,,,58.4,,,,,,59.5,,,,,,,,,,,,66.9,,,,,,,,,,,,,,,,,,,48.1,,,,,,47.2
REC01660,Finance Officer,Economics,Policy,Bachelor,0,46.2,55.5,66.8,90.8,2,65.6,Intermediate,60.4,,,,,,,,,,60.2,,,,,,,,75.3,54.5,,,,,,,,,,,,,,,,,,,,,,,,,,62.0
REC01661,Economist,Economics,Training,PhD,14,89.8,39.1,97.8,100.0,2,88.1,Advanced,,,,,,,,,86.7,,,,,82.7,88.0,,,,,,,,,,,,,,,,,,,,,,,,,82.8,,,,,,76.1
REC01662,Administrative Officer,Public Policy,Research,Master,8,14.7,34.2,74.9,61.9,4,60.5,Developing,,50.4,,,,,64.6,,53.2,,,,,,,,,,,,,,,,,,,,,,,,,,,,62.5,,,64.7,,,,,,
REC01663,Biotechnology Faculty,Environment,MoSPI,Master,8,57.7,63.1,83.6,47.0,1,63.4,Developing,,,,,51.0,,,,64.4,,,,,,,,,,,,,59.9,,,61.3,,,,,,59.7,,,,,,,,,,,,,,,
REC01664,Cybersecurity Analyst,Statistics,IT,Bachelor,11,73.6,30.3,69.7,85.9,5,67.8,Intermediate,,,,,,,,61.3,65.0,,,,,,,,,,,,,,,,,,,,,,,,72.9,,,,,,58.6,,,61.0,,,,
REC01665,Data Analyst,Education,DIID,PhD,10,60.5,2.0,92.5,76.4,5,74.7,Intermediate,,,,,,,,,66.9,,62.7,,,,,,,,,,,,,,,,,,,,,,,,,,,,,,,,69.0,,72.3,63.6
REC01666,Policy Analyst,Public Health,Training,Bachelor,3,70.7,62.9,72.7,75.5,1,67.0,Intermediate,,,,,,,,,74.3,,,,,,,,,,,,,,,,,,,,,,,,,73.1,,,,,,64.5,72.2,,,,,59.3
REC01667,Education Officer,Public Policy,Data & Analytics,Master,8,43.6,35.8,81.7,60.2,3,64.6,Developing,,,,58.8,,,54.2,,57.7,,,,,,,69.6,,,,,,,,,,,,60.8,,,,,,,,,,,,,,,,,,
REC01668,HR Officer,Education,Administration,Master,7,69.0,55.3,64.1,61.3,5,57.7,Developing,,,,,,,51.5,,54.7,,,,,,,,,,,,,,58.0,,,59.1,,,,,,,,,,,,,,51.1,,,,,,
REC01669,Finance Officer,Economics,Statistics Division,Master,14,74.8,41.1,82.1,70.5,1,71.0,Intermediate,67.5,,,,,,,,,,77.4,,,,,,,,68.4,72.8,,,,,,,,,,,,,,,,,,,,,,,,,,61.8
REC01670,Data Analyst,Biotechnology,DIID,Master,17,68.4,33.4,77.4,86.7,2,72.9,Intermediate,,,,,,,,,65.7,,57.3,,,,,,,,,,,,,,,,,,,,,,,,,,,,,,,,77.8,,81.6,67.1
REC01671,Project Manager,Public Policy,Training,Bachelor,8,44.5,15.7,72.3,59.5,3,60.1,Developing,,,,,,,69.1,,67.3,,,,,,,,,,,,,,,,,,59.5,,,,,,,,,53.5,61.1,,,,,,,,,
REC01672,Policy Analyst,Biotechnology,MoSPI,Bachelor,2,52.7,24.6,59.5,63.3,1,53.4,Developing,,,,,,,,,42.9,,,,,,,,,,,,,,,,,,,,,,,,,48.1,,,,,,50.7,52.6,,,,,61.5
REC01673,Legal Officer,Administration,DIID,Master,8,73.2,46.8,63.4,85.4,3,64.0,Developing,,,,,,,50.0,,,,,,,,,,,,,,,,,,,,,,60.2,,,,,52.9,,,,,,60.9,,68.1,,,,
REC01674,Education Officer,Cybersecurity,Administration,Master,5,48.6,40.2,86.0,60.7,1,67.2,Intermediate,,,,61.0,,,61.8,,69.2,,,,,,,62.1,,,,,,,,,,,,65.7,,,,,,,,,,,,,,,,,,
REC01675,AI Engineer,Computer Science,Administration,PhD,14,62.8,41.0,75.2,86.2,3,71.7,Intermediate,,,,,,,,,,,,,74.1,,,,,,,,,,,,,,,,,78.6,,73.5,,,,,,,65.8,,,,,68.2,,
REC01676,Agriculture Officer,Finance,Policy,Bachelor,7,63.2,64.7,58.8,75.1,2,59.1,Developing,,,54.2,,,,,,48.1,,,,,,,,,,,,55.4,,,,,,,,,,,,,,,,,,,70.7,,,,,,57.6
REC01677,AI Engineer,Data Science,Training,Bachelor,0,53.6,28.3,82.1,68.4,4,66.0,Intermediate,,,,,,,,,,,,,54.8,,,,,,,,,,,,,,,,,59.7,,60.7,,,,,,,62.7,,,,,57.0,,
REC01678,Research Officer,Cybersecurity,Administration,Bachelor,9,41.8,32.3,68.1,63.2,2,58.8,Developing,,,,,,,,,55.5,,51.1,,,,,,,,,,,,,,,,,,,,,,,,,,,,,63.8,58.0,,,,,59.9
REC01679,AI Engineer,Artificial Intelligence,MoSPI,PhD,1,17.1,29.7,59.3,70.7,2,52.9,Developing,,,,,,,,,,,,,43.8,,,,,,,,,,,,,,,,,41.0,,49.2,,,,,,,41.8,,,,,53.4,,
REC01680,Finance Officer,Finance,IT,Bachelor,6,92.9,59.7,43.0,77.8,3,53.0,Developing,51.5,,,,,,,,,,49.2,,,,,,,,61.3,40.3,,,,,,,,,,,,,,,,,,,,,,,,,,58.7
REC01681,HR Officer,Biotechnology,Policy,PhD,6,82.4,32.4,73.7,90.1,3,71.3,Intermediate,,,,,,,68.8,,69.8,,,,,,,,,,,,,,65.3,,,67.5,,,,,,,,,,,,,,76.7,,,,,,
REC01682,Data Analyst,Public Health,Administration,Master,0,57.2,49.3,100.0,85.9,4,81.7,Advanced,,,,,,,,,75.1,,86.7,,,,,,,,,,,,,,,,,,,,,,,,,,,,,,,,69.1,,73.5,75.8
REC01683,Software Engineer,Computer Science,Statistics Division,Master,7,30.9,34.5,72.5,64.7,1,60.8,Developing,,,,,,,,,,,,,,,,,,,,,,,,55.4,,,,,,,,,,,,75.2,,,52.2,,,,60.7,55.0,,
REC01684,HR Officer,Education,Research,PhD,2,30.8,32.7,78.6,56.6,3,60.2,Developing,,,,,,,48.7,,57.0,,,,,,,,,,,,,,52.3,,,47.6,,,,,,,,,,,,,,69.4,,,,,,
REC01685,Finance Officer,Economics,Training,Bachelor,12,75.8,86.0,79.1,100.0,1,78.8,Intermediate,70.4,,,,,,,,,,67.3,,,,,,,,80.3,74.7,,,,,,,,,,,,,,,,,,,,,,,,,,81.8
REC01686,Biotechnology Faculty,Biotechnology,DIID,PhD,3,60.3,56.8,93.1,78.8,7,76.6,Intermediate,,,,,63.1,,,,80.5,,,,,,,,,,,,,67.0,,,70.7,,,,,,71.7,,,,,,,,,,,,,,,
REC01687,Statistical Officer,Data Science,Data & Analytics,Bachelor,5,45.3,57.2,68.8,76.6,3,63.5,Developing,,,,,,,,,62.6,,75.5,,,,,,,,,,,,,,,,,,,,,,,,53.5,,,,,,,,,,62.5,58.3
REC01688,AI Engineer,Data Science,Data & Analytics,Master,6,57.4,2.0,83.2,65.1,3,66.3,Intermediate,,,,,,,,,,,,,66.1,,,,,,,,,,,,,,,,,56.7,,66.3,,,,,,,62.4,,,,,57.7,,
REC01689,Cybersecurity Analyst,Education,Data & Analytics,Master,7,20.4,28.2,96.9,80.7,1,76.1,Intermediate,,,,,,,,66.9,67.7,,,,,,,,,,,,,,,,,,,,,,,,70.5,,,,,,55.8,,,68.1,,,,
REC01690,Legal Officer,Cybersecurity,MoSPI,PhD,7,47.7,34.3,64.1,51.1,2,53.5,Developing,,,,,,,44.0,,,,,,,,,,,,,,,,,,,,,,56.6,,,,,60.3,,,,,,47.6,,59.4,,,,
REC01691,Agriculture Officer,Statistics,Research,Bachelor,9,82.7,49.7,82.3,95.0,4,78.1,Intermediate,,,79.1,,,,,,66.6,,,,,,,,,,,,83.3,,,,,,,,,,,,,,,,,,,81.2,,,,,,67.3
REC01692,Statistical Officer,Economics,Statistics Division,Bachelor,9,74.4,42.4,82.7,73.8,1,70.9,Intermediate,,,,,,,,,72.8,,57.5,,,,,,,,,,,,,,,,,,,,,,,,69.7,,,,,,,,,,55.7,69.6
REC01693,Legal Officer,Economics,Statistics Division,PhD,1,18.2,58.4,85.3,59.0,1,64.8,Developing,,,,,,,61.5,,,,,,,,,,,,,,,,,,,,,,52.2,,,,,74.3,,,,,,60.8,,59.2,,,,
REC01694,Education Officer,Data Science,Statistics Division,Bachelor,2,51.5,45.4,80.0,80.4,3,69.3,Intermediate,,,,63.2,,,64.6,,66.2,,,,,,,60.3,,,,,,,,,,,,64.5,,,,,,,,,,,,,,,,,,
REC01695,Research Officer,Administration,Statistics Division,PhD,8,59.1,36.2,89.9,81.3,5,76.1,Intermediate,,,,,,,,,70.9,,80.2,,,,,,,,,,,,,,,,,,,,,,,,,,,,,75.6,65.8,,,,,68.4
REC01696,Data Analyst,Education,Statistics Division,Bachelor,5,38.8,34.7,54.5,55.3,3,49.0,Beginner,,,,,,,,,48.0,,67.9,,,,,,,,,,,,,,,,,,,,,,,,,,,,,,,,41.2,,46.0,46.1
REC01697,Agriculture Officer,Finance,Data & Analytics,Bachelor,10,68.5,45.4,95.0,93.6,4,83.5,Advanced,,,97.5,,,,,,71.3,,,,,,,,,,,,75.2,,,,,,,,,,,,,,,,,,,65.4,,,,,,89.1
REC01698,Software Engineer,Data Science,Data & Analytics,PhD,1,72.5,70.4,70.1,69.8,1,62.9,Developing,,,,,,,,,,,,,,,,,,,,,,,,57.8,,,,,,,,,,,,63.0,,,52.4,,,,62.9,56.3,,
REC01699,Education Officer,Agriculture,DIID,Master,0,14.5,22.7,60.5,65.3,4,51.5,Developing,,,,45.8,,,34.1,,50.5,,,,,,,45.1,,,,,,,,,,,,49.6,,,,,,,,,,,,,,,,,,
REC01700,Public Health Officer,Agriculture,Research,Master,0,51.1,48.9,77.5,56.7,4,61.7,Developing,,,,,,62.6,,,51.7,,,,,,,,,57.8,,,,,,,,,,,,,,,,,,,,74.6,,58.1,,,,,,
REC01701,Administrative Officer,Environment,DIID,Bachelor,13,78.2,64.0,67.8,59.9,4,62.1,Developing,,80.7,,,,,66.3,,64.3,,,,,,,,,,,,,,,,,,,,,,,,,,,,57.1,,,64.6,,,,,,
REC01702,Public Health Officer,Economics,MoSPI,Master,8,33.0,53.1,64.4,69.4,1,57.9,Developing,,,,,,45.9,,,53.4,,,,,,,,,55.5,,,,,,,,,,,,,,,,,,,,60.8,,46.6,,,,,,
REC01703,Biotechnology Faculty,Agriculture,Administration,Bachelor,9,63.2,51.2,63.5,66.9,2,58.6,Developing,,,,,46.0,,,,46.7,,,,,,,,,,,,,61.1,,,57.9,,,,,,60.6,,,,,,,,,,,,,,,
REC01704,Project Manager,Administration,IT,Master,20,115.6,72.3,90.9,84.9,1,85.0,Advanced,,,,,,,87.7,,94.7,,,,,,,,,,,,,,,,,,91.5,,,,,,,,,84.1,91.1,,,,,,,,,
REC01705,Data Analyst,Agriculture,IT,Bachelor,17,70.6,33.2,66.3,67.4,2,61.0,Developing,,,,,,,,,61.3,,52.6,,,,,,,,,,,,,,,,,,,,,,,,,,,,,,,,45.2,,55.4,61.6
REC01706,Project Manager,Economics,IT,Master,0,53.5,57.7,73.6,76.7,6,64.9,Developing,,,,,,,54.5,,67.4,,,,,,,,,,,,,,,,,,44.6,,,,,,,,,62.5,63.9,,,,,,,,,
REC01707,Administrative Officer,Biotechnology,IT,Bachelor,9,63.2,31.3,78.2,92.8,4,73.9,Intermediate,,68.0,,,,,86.3,,76.9,,,,,,,,,,,,,,,,,,,,,,,,,,,,65.8,,,64.6,,,,,,
REC01708,HR Officer,Statistics,Administration,Master,1,62.7,44.4,52.8,61.4,3,50.7,Developing,,,,,,,59.1,,49.9,,,,,,,,,,,,,,42.8,,,40.4,,,,,,,,,,,,,,58.8,,,,,,
REC01709,Agriculture Officer,Public Health,Data & Analytics,Bachelor,7,72.7,45.8,70.3,70.1,1,63.3,Developing,,,51.6,,,,,,61.0,,,,,,,,,,,,59.5,,,,,,,,,,,,,,,,,,,67.2,,,,,,60.1
REC01710,Biotechnology Faculty,Economics,Training,Master,0,15.4,58.4,66.6,61.7,4,55.1,Developing,,,,,48.8,,,,48.0,,,,,,,,,,,,,42.9,,,52.8,,,,,,58.1,,,,,,,,,,,,,,,
REC01711,Cybersecurity Analyst,Environment,DIID,Master,4,39.8,41.7,76.2,90.2,1,69.5,Intermediate,,,,,,,,58.4,64.6,,,,,,,,,,,,,,,,,,,,,,,,74.3,,,,,,64.9,,,49.5,,,,
REC01712,HR Officer,Data Science,Administration,PhD,0,33.2,27.5,94.1,89.0,3,76.7,Intermediate,,,,,,,72.7,,63.2,,,,,,,,,,,,,,54.9,,,72.9,,,,,,,,,,,,,,66.0,,,,,,
REC01713,Finance Officer,Statistics,IT,Bachelor,4,40.6,41.7,64.6,72.1,2,59.2,Developing,57.3,,,,,,,,,,59.9,,,,,,,,52.2,66.1,,,,,,,,,,,,,,,,,,,,,,,,,,56.1
REC01714,Research Officer,Public Policy,MoSPI,Bachelor,15,88.5,45.6,87.3,84.8,3,78.7,Intermediate,,,,,,,,,78.9,,77.0,,,,,,,,,,,,,,,,,,,,,,,,,,,,,76.2,70.5,,,,,75.1
REC01715,Biotechnology Faculty,Statistics,Policy,Master,7,76.1,29.4,70.9,80.7,3,65.8,Intermediate,,,,,73.1,,,,47.2,,,,,,,,,,,,,59.3,,,58.1,,,,,,54.1,,,,,,,,,,,,,,,
REC01716,Database Administrator,Data Science,Research,Master,11,61.0,26.5,91.8,83.7,3,77.7,Intermediate,,,,,,,,,,65.4,,69.2,,,,,,,,,,,,,,,,,,,,,,,,70.7,,,73.1,,,,81.1,,,
REC01717,Research Officer,Environment,Research,Bachelor,11,35.3,34.7,62.0,43.9,2,49.6,Beginner,,,,,,,,,46.6,,49.8,,,,,,,,,,,,,,,,,,,,,,,,,,,,,45.5,43.6,,,,,48.0
REC01718,Policy Analyst,Agriculture,Administration,Master,4,11.6,30.2,71.7,71.1,4,59.3,Developing,,,,,,,,,59.1,,,,,,,,,,,,,,,,,,,,,,,,,57.8,,,,,,42.6,49.9,,,,,40.5
REC01719,Administrative Officer,Agriculture,Administration,Bachelor,14,53.2,41.3,80.4,64.3,1,67.1,Intermediate,,54.6,,,,,70.2,,72.9,,,,,,,,,,,,,,,,,,,,,,,,,,,,64.2,,,63.7,,,,,,
REC01720,Project Manager,Education,Research,Bachelor,15,93.9,87.2,79.1,64.7,1,69.9,Intermediate,,,,,,,66.8,,61.1,,,,,,,,,,,,,,,,,,67.9,,,,,,,,,62.2,73.2,,,,,,,,,
REC01721,Public Health Officer,Environment,Statistics Division,Master,6,39.2,28.2,76.5,53.1,6,59.1,Developing,,,,,,53.0,,,51.7,,,,,,,,,61.4,,,,,,,,,,,,,,,,,,,,56.7,,51.5,,,,,,
REC01722,Software Engineer,Cybersecurity,IT,Master,9,49.4,46.5,78.0,67.7,1,65.8,Intermediate,,,,,,,,,,,,,,,,,,,,,,,,54.6,,,,,,,,,,,,51.6,,,61.8,,,,75.8,66.8,,
REC01723,Biotechnology Faculty,Public Policy,Research,Bachelor,0,44.5,36.4,71.8,60.6,4,58.0,Developing,,,,,41.8,,,,63.9,,,,,,,,,,,,,48.2,,,44.4,,,,,,55.1,,,,,,,,,,,,,,,
REC01724,Policy Analyst,Economics,DIID,Bachelor,6,50.0,33.1,84.2,74.0,1,69.4,Intermediate,,,,,,,,,68.2,,,,,,,,,,,,,,,,,,,,,,,,,65.3,,,,,,60.6,60.2,,,,,56.0
REC01725,Database Administrator,Computer Science,Data & Analytics,Master,4,78.7,63.9,63.3,81.8,4,64.4,Developing,,,,,,,,,,64.9,,56.0,,,,,,,,,,,,,,,,,,,,,,,,62.3,,,80.6,,,,68.1,,,
REC01726,Software Engineer,Data Science,Administration,Bachelor,19,110.6,50.9,73.5,81.9,2,72.9,Intermediate,,,,,,,,,,,,,,,,,,,,,,,,64.9,,,,,,,,,,,,74.0,,,75.4,,,,83.1,64.4,,
REC01727,Environmental Officer,Administration,Data & Analytics,PhD,7,75.7,29.8,84.7,83.3,4,74.2,Intermediate,,,,,,,,,60.1,,,,,,,,65.8,,,,80.5,,,,,,,,,,,,,,,,,,,69.2,,,,,,68.1
REC01728,Data Analyst,Public Health,MoSPI,Master,3,21.9,37.5,87.7,71.4,5,68.9,Intermediate,,,,,,,,,55.6,,61.2,,,,,,,,,,,,,,,,,,,,,,,,,,,,,,,,68.8,,67.2,57.8
REC01729,Data Analyst,Data Science,Training,Master,6,56.5,57.9,78.8,79.2,3,69.3,Intermediate,,,,,,,,,63.5,,65.9,,,,,,,,,,,,,,,,,,,,,,,,,,,,,,,,62.3,,59.0,62.3
REC01730,Project Manager,Statistics,Administration,Bachelor,8,46.6,48.5,97.4,81.9,1,79.4,Intermediate,,,,,,,74.7,,71.5,,,,,,,,,,,,,,,,,,69.2,,,,,,,,,71.3,76.8,,,,,,,,,
REC01731,Environmental Officer,Economics,MoSPI,Master,0,26.3,48.6,67.4,49.2,3,52.4,Developing,,,,,,,,,53.1,,,,,,,,50.2,,,,41.9,,,,,,,,,,,,,,,,,,,52.7,,,,,,48.9
REC01732,HR Officer,Agriculture,MoSPI,Bachelor,3,68.1,41.8,79.2,71.2,2,67.2,Intermediate,,,,,,,62.4,,70.0,,,,,,,,,,,,,,53.5,,,65.7,,,,,,,,,,,,,,58.8,,,,,,
REC01733,Public Health Officer,Agriculture,Statistics Division,Bachelor,3,52.5,25.4,75.8,45.5,1,56.2,Developing,,,,,,52.1,,,52.0,,,,,,,,,47.7,,,,,,,,,,,,,,,,,,,,55.4,,38.1,,,,,,
REC01734,Public Health Officer,Biotechnology,IT,Master,3,53.4,51.5,64.5,75.5,3,60.4,Developing,,,,,,51.6,,,50.6,,,,,,,,,63.9,,,,,,,,,,,,,,,,,,,,56.7,,57.5,,,,,,
REC01735,Policy Analyst,Agriculture,Statistics Division,Master,16,57.1,30.4,62.2,81.8,3,63.0,Developing,,,,,,,,,53.7,,,,,,,,,,,,,,,,,,,,,,,,,70.0,,,,,,72.7,69.4,,,,,45.4
REC01736,Education Officer,Statistics,Data & Analytics,PhD,7,62.2,39.9,74.9,50.7,2,59.3,Developing,,,,61.6,,,54.3,,50.0,,,,,,,59.7,,,,,,,,,,,,52.1,,,,,,,,,,,,,,,,,,
REC01737,Agriculture Officer,Cybersecurity,Policy,Bachelor,9,86.6,94.3,90.2,74.9,1,78.5,Intermediate,,,76.5,,,,,,75.9,,,,,,,,,,,,87.4,,,,,,,,,,,,,,,,,,,95.1,,,,,,61.8
REC01738,Database Administrator,Computer Science,Administration,Master,10,43.4,23.3,100.0,69.8,5,77.5,Intermediate,,,,,,,,,,80.8,,75.6,,,,,,,,,,,,,,,,,,,,,,,,73.6,,,66.6,,,,81.2,,,
REC01739,AI Engineer,Data Science,Data & Analytics,Bachelor,6,67.5,43.1,56.5,69.8,1,56.1,Developing,,,,,,,,,,,,,50.2,,,,,,,,,,,,,,,,,54.4,,61.1,,,,,,,52.2,,,,,61.7,,
REC01740,Database Administrator,Computer Science,Research,PhD,3,30.1,22.3,81.8,80.2,2,68.5,Intermediate,,,,,,,,,,62.5,,65.2,,,,,,,,,,,,,,,,,,,,,,,,68.6,,,50.7,,,,65.6,,,
REC01741,Data Analyst,Biotechnology,Data & Analytics,Bachelor,12,70.4,71.0,82.7,63.8,1,70.2,Intermediate,,,,,,,,,69.4,,66.1,,,,,,,,,,,,,,,,,,,,,,,,,,,,,,,,72.1,,70.6,76.8
REC01742,Environmental Officer,Administration,DIID,Master,0,62.6,43.8,80.0,43.9,4,59.9,Developing,,,,,,,,,61.4,,,,,,,,55.9,,,,72.5,,,,,,,,,,,,,,,,,,,61.0,,,,,,53.2
REC01743,Statistical Officer,Cybersecurity,DIID,PhD,8,56.3,44.1,79.8,38.5,4,57.8,Developing,,,,,,,,,66.9,,52.6,,,,,,,,,,,,,,,,,,,,,,,,43.7,,,,,,,,,,40.0,53.4
REC01744,Economist,Finance,Research,Master,7,44.1,22.1,71.5,67.6,6,61.5,Developing,,,,,,,,,60.0,,,,,56.7,60.1,,,,,,,,,,,,,,,,,,,,,,,,,67.8,,,,,,58.7
REC01745,Education Officer,Biotechnology,Data & Analytics,Master,0,81.0,57.0,79.4,77.2,1,69.7,Intermediate,,,,62.2,,,61.2,,72.2,,,,,,,67.9,,,,,,,,,,,,58.5,,,,,,,,,,,,,,,,,,
REC01746,Public Health Officer,Education,Research,Bachelor,13,40.7,63.4,80.9,66.0,2,67.5,Intermediate,,,,,,58.0,,,65.7,,,,,,,,,60.8,,,,,,,,,,,,,,,,,,,,71.8,,65.5,,,,,,
REC01747,Software Engineer,Data Science,Policy,Bachelor,0,57.1,35.5,56.2,89.2,1,58.9,Developing,,,,,,,,,,,,,,,,,,,,,,,,47.6,,,,,,,,,,,,50.0,,,53.1,,,,59.0,51.7,,
REC01748,Public Health Officer,Artificial Intelligence,Policy,Master,7,72.6,27.6,89.3,68.2,4,72.3,Intermediate,,,,,,59.2,,,73.2,,,,,,,,,70.8,,,,,,,,,,,,,,,,,,,,66.3,,73.9,,,,,,
REC01749,Biotechnology Faculty,Environment,Training,Master,10,80.6,53.2,91.1,84.8,4,79.7,Intermediate,,,,,77.8,,,,90.8,,,,,,,,,,,,,71.2,,,67.8,,,,,,72.9,,,,,,,,,,,,,,,
REC01750,Education Officer,Biotechnology,Administration,Master,1,69.3,34.9,79.5,92.9,3,72.8,Intermediate,,,,81.6,,,56.4,,66.7,,,,,,,55.8,,,,,,,,,,,,62.8,,,,,,,,,,,,,,,,,,
REC01751,Cybersecurity Analyst,Data Science,Data & Analytics,Master,3,53.1,27.3,64.8,81.5,2,61.5,Developing,,,,,,,,61.9,70.0,,,,,,,,,,,,,,,,,,,,,,,,44.7,,,,,,54.0,,,55.3,,,,
REC01752,Cybersecurity Analyst,Agriculture,Training,Master,14,45.5,39.9,100.0,57.3,3,74.9,Intermediate,,,,,,,,77.0,77.7,,,,,,,,,,,,,,,,,,,,,,,,56.8,,,,,,78.9,,,73.7,,,,
REC01753,Statistical Officer,Agriculture,Statistics Division,Master,8,22.6,48.0,83.2,62.1,4,65.6,Intermediate,,,,,,,,,71.8,,65.6,,,,,,,,,,,,,,,,,,,,,,,,61.0,,,,,,,,,,65.5,49.9
REC01754,Public Health Officer,Public Health,Statistics Division,PhD,10,58.1,43.5,74.5,68.1,1,64.4,Developing,,,,,,61.0,,,63.0,,,,,,,,,57.0,,,,,,,,,,,,,,,,,,,,54.2,,64.9,,,,,,
REC01755,Education Officer,Education,MoSPI,Master,7,82.1,58.4,87.9,62.7,3,70.6,Intermediate,,,,61.6,,,72.3,,59.9,,,,,,,57.9,,,,,,,,,,,,62.2,,,,,,,,,,,,,,,,,,
REC01756,Software Engineer,Data Science,DIID,Master,12,38.0,51.0,59.6,83.1,1,61.4,Developing,,,,,,,,,,,,,,,,,,,,,,,,77.7,,,,,,,,,,,,60.5,,,59.1,,,,58.6,56.7,,
REC01757,HR Officer,Public Policy,Research,Master,9,50.1,24.0,72.5,64.8,2,61.5,Developing,,,,,,,57.1,,60.8,,,,,,,,,,,,,,55.5,,,54.5,,,,,,,,,,,,,,65.7,,,,,,
REC01758,Public Health Officer,Agriculture,IT,Master,3,47.4,31.0,58.3,85.8,2,59.6,Developing,,,,,,56.2,,,60.3,,,,,,,,,64.3,,,,,,,,,,,,,,,,,,,,49.8,,58.6,,,,,,
REC01759,Software Engineer,Computer Science,Training,Master,8,89.7,38.8,86.7,87.6,5,77.6,Intermediate,,,,,,,,,,,,,,,,,,,,,,,,72.0,,,,,,,,,,,,63.8,,,72.8,,,,65.2,83.8,,
REC01760,Administrative Officer,Administration,Training,PhD,6,42.6,24.1,96.1,68.4,1,73.3,Intermediate,,68.2,,,,,60.8,,61.1,,,,,,,,,,,,,,,,,,,,,,,,,,,,72.8,,,61.7,,,,,,
REC01761,Database Administrator,Artificial Intelligence,Policy,Master,1,48.7,41.0,79.3,65.9,5,64.3,Developing,,,,,,,,,,64.3,,55.2,,,,,,,,,,,,,,,,,,,,,,,,61.2,,,57.0,,,,58.4,,,
REC01762,Public Health Officer,Economics,Policy,Bachelor,13,58.8,65.8,67.8,75.7,4,64.7,Developing,,,,,,53.4,,,61.4,,,,,,,,,66.3,,,,,,,,,,,,,,,,,,,,66.5,,65.4,,,,,,
REC01763,HR Officer,Biotechnology,Statistics Division,Master,2,35.8,34.6,80.9,41.3,1,57.9,Developing,,,,,,,52.3,,53.0,,,,,,,,,,,,,,61.1,,,54.3,,,,,,,,,,,,,,60.4,,,,,,
REC01764,Economist,Biotechnology,Policy,Master,0,49.9,45.2,68.9,64.4,4,58.0,Developing,,,,,,,,,38.4,,,,,44.8,65.2,,,,,,,,,,,,,,,,,,,,,,,,,57.5,,,,,,44.4
REC01765,AI Engineer,Data Science,Research,Master,11,96.0,60.7,100.0,74.5,5,82.3,Advanced,,,,,,,,,,,,,82.2,,,,,,,,,,,,,,,,,81.8,,61.5,,,,,,,88.1,,,,,70.8,,
REC01766,Policy Analyst,Agriculture,DIID,Bachelor,0,59.9,62.0,78.8,70.8,2,66.5,Intermediate,,,,,,,,,59.8,,,,,,,,,,,,,,,,,,,,,,,,,61.2,,,,,,60.1,62.4,,,,,59.5
REC01767,Education Officer,Agriculture,Policy,Master,4,40.2,42.5,84.4,84.7,4,72.5,Intermediate,,,,64.6,,,56.2,,65.1,,,,,,,76.1,,,,,,,,,,,,72.3,,,,,,,,,,,,,,,,,,
REC01768,Administrative Officer,Environment,Training,Bachelor,12,87.3,24.2,86.2,87.9,1,77.4,Intermediate,,82.2,,,,,67.8,,68.9,,,,,,,,,,,,,,,,,,,,,,,,,,,,64.6,,,73.3,,,,,,
REC01769,Administrative Officer,Education,Statistics Division,Master,0,49.4,43.0,57.1,88.8,1,60.1,Developing,,56.3,,,,,49.4,,62.9,,,,,,,,,,,,,,,,,,,,,,,,,,,,71.0,,,59.5,,,,,,
REC01770,Software Engineer,Computer Science,Research,Master,8,86.6,33.4,92.9,74.8,7,75.6,Intermediate,,,,,,,,,,,,,,,,,,,,,,,,64.3,,,,,,,,,,,,67.8,,,60.7,,,,57.1,63.5,,
REC01771,Policy Analyst,Statistics,IT,Bachelor,7,71.5,31.2,68.0,75.6,3,63.0,Developing,,,,,,,,,45.5,,,,,,,,,,,,,,,,,,,,,,,,,61.0,,,,,,51.1,68.0,,,,,63.8
REC01772,Data Scientist,Public Health,Training,PhD,11,63.1,40.4,92.3,65.2,2,73.4,Intermediate,,,,,,,,,67.3,,73.1,,,,,,,,,,,,,,,,,,,68.8,,,,,,,,,73.3,,,,,,,64.5
REC01773,Environmental Officer,Public Policy,Research,Bachelor,14,55.5,46.4,94.9,80.1,2,79.3,Intermediate,,,,,,,,,90.3,,,,,,,,68.5,,,,71.6,,,,,,,,,,,,,,,,,,,70.5,,,,,,76.0
REC01774,Statistical Officer,Cybersecurity,Policy,Master,13,35.5,51.0,94.0,75.1,4,75.9,Intermediate,,,,,,,,,68.1,,65.1,,,,,,,,,,,,,,,,,,,,,,,,73.5,,,,,,,,,,73.4,66.1
REC01775,Data Scientist,Biotechnology,Data & Analytics,PhD,6,85.0,47.3,66.8,95.5,6,69.1,Intermediate,,,,,,,,,68.5,,70.3,,,,,,,,,,,,,,,,,,,60.3,,,,,,,,,60.6,,,,,,,57.7
REC01776,Data Analyst,Data Science,Statistics Division,Master,16,84.1,39.6,100.0,69.7,7,80.4,Advanced,,,,,,,,,78.3,,80.2,,,,,,,,,,,,,,,,,,,,,,,,,,,,,,,,86.6,,65.1,67.1
REC01777,Public Health Officer,Artificial Intelligence,Data & Analytics,Bachelor,1,58.8,36.9,82.1,80.2,1,70.2,Intermediate,,,,,,65.9,,,65.1,,,,,,,,,62.4,,,,,,,,,,,,,,,,,,,,61.1,,62.2,,,,,,
REC01778,Data Analyst,Economics,Policy,Bachelor,8,78.4,34.2,76.1,64.1,5,64.6,Developing,,,,,,,,,64.8,,54.6,,,,,,,,,,,,,,,,,,,,,,,,,,,,,,,,60.2,,59.6,62.3
REC01779,Administrative Officer,Economics,Administration,Master,6,63.9,36.0,71.6,69.3,1,62.8,Developing,,61.4,,,,,58.0,,66.6,,,,,,,,,,,,,,,,,,,,,,,,,,,,61.2,,,45.2,,,,,,
REC01780,Software Engineer,Cybersecurity,Training,Master,6,64.4,44.5,78.0,71.6,4,67.0,Intermediate,,,,,,,,,,,,,,,,,,,,,,,,61.6,,,,,,,,,,,,63.0,,,72.3,,,,58.6,55.5,,
REC01781,Legal Officer,Administration,DIID,PhD,14,57.8,55.4,85.6,91.5,2,79.8,Intermediate,,,,,,,81.2,,,,,,,,,,,,,,,,,,,,,,90.3,,,,,88.0,,,,,,83.9,,82.2,,,,
REC01782,Data Analyst,Public Health,Training,Master,14,71.6,59.2,97.3,82.0,1,83.2,Advanced,,,,,,,,,88.3,,89.2,,,,,,,,,,,,,,,,,,,,,,,,,,,,,,,,81.7,,76.0,83.5
REC01783,Statistical Officer,Finance,IT,Master,6,37.0,28.1,64.1,66.5,4,57.1,Developing,,,,,,,,,61.3,,49.5,,,,,,,,,,,,,,,,,,,,,,,,58.9,,,,,,,,,,60.2,54.0
REC01784,Administrative Officer,Agriculture,Administration,Master,0,69.8,40.8,83.4,52.3,3,64.1,Developing,,65.6,,,,,66.9,,58.4,,,,,,,,,,,,,,,,,,,,,,,,,,,,60.7,,,58.8,,,,,,
REC01785,Policy Analyst,Administration,Research,Bachelor,8,69.4,20.9,76.2,75.6,2,67.9,Intermediate,,,,,,,,,62.3,,,,,,,,,,,,,,,,,,,,,,,,,69.9,,,,,,71.1,63.7,,,,,69.4
REC01786,Cybersecurity Analyst,Computer Science,Administration,Bachelor,3,43.7,48.0,61.8,55.1,4,51.9,Developing,,,,,,,,47.6,43.1,,,,,,,,,,,,,,,,,,,,,,,,49.9,,,,,,39.4,,,46.5,,,,
REC01787,Software Engineer,Artificial Intelligence,Statistics Division,Bachelor,8,58.3,41.9,75.9,81.2,3,68.8,Intermediate,,,,,,,,,,,,,,,,,,,,,,,,60.1,,,,,,,,,,,,66.0,,,74.4,,,,53.4,72.0,,
REC01788,Public Health Officer,Artificial Intelligence,Training,PhD,2,23.7,36.1,80.1,59.8,6,61.9,Developing,,,,,,51.8,,,54.5,,,,,,,,,53.6,,,,,,,,,,,,,,,,,,,,69.3,,60.8,,,,,,
REC01789,Data Analyst,Statistics,DIID,Bachelor,13,35.0,4.9,97.2,72.0,5,75.7,Intermediate,,,,,,,,,67.8,,73.3,,,,,,,,,,,,,,,,,,,,,,,,,,,,,,,,69.3,,71.8,74.6
REC01790,Public Health Officer,Agriculture,DIID,Master,0,49.3,25.4,77.5,37.9,3,53.7,Developing,,,,,,41.1,,,47.0,,,,,,,,,46.4,,,,,,,,,,,,,,,,,,,,41.6,,40.0,,,,,,
REC01791,Public Health Officer,Biotechnology,Statistics Division,Bachelor,9,91.1,63.4,83.5,63.7,1,69.7,Intermediate,,,,,,66.1,,,54.6,,,,,,,,,66.8,,,,,,,,,,,,,,,,,,,,60.3,,67.0,,,,,,
REC01792,Education Officer,Statistics,Policy,Master,13,72.3,42.0,97.7,75.3,2,79.9,Intermediate,,,,72.2,,,76.3,,81.1,,,,,,,71.4,,,,,,,,,,,,76.3,,,,,,,,,,,,,,,,,,
REC01793,Education Officer,Administration,IT,Bachelor,5,37.8,36.4,82.2,75.8,2,68.7,Intermediate,,,,64.5,,,53.6,,69.3,,,,,,,62.5,,,,,,,,,,,,70.0,,,,,,,,,,,,,,,,,,
REC01794,AI Engineer,Artificial Intelligence,Administration,Master,18,54.1,56.6,82.6,81.4,2,74.2,Intermediate,,,,,,,,,,,,,72.6,,,,,,,,,,,,,,,,,70.5,,87.9,,,,,,,63.9,,,,,61.6,,
REC01795,Software Engineer,Data Science,Administration,Master,3,38.8,38.0,85.3,85.2,5,72.4,Intermediate,,,,,,,,,,,,,,,,,,,,,,,,82.8,,,,,,,,,,,,54.2,,,61.4,,,,59.9,64.4,,
REC01796,Database Administrator,Data Science,IT,Bachelor,3,38.9,27.9,79.4,58.8,4,61.9,Developing,,,,,,,,,,63.8,,44.4,,,,,,,,,,,,,,,,,,,,,,,,53.9,,,57.8,,,,69.2,,,
REC01797,Finance Officer,Economics,Training,Bachelor,9,87.3,53.2,59.5,68.8,6,58.5,Developing,56.4,,,,,,,,,,61.3,,,,,,,,44.9,41.2,,,,,,,,,,,,,,,,,,,,,,,,,,71.8
REC01798,Public Health Officer,Cybersecurity,Training,Bachelor,16,108.8,34.9,96.1,80.3,3,82.9,Advanced,,,,,,77.7,,,88.1,,,,,,,,,79.1,,,,,,,,,,,,,,,,,,,,80.7,,74.7,,,,,,
REC01799,Education Officer,Public Health,Research,Bachelor,17,70.4,41.3,79.9,83.9,1,74.5,Intermediate,,,,77.7,,,78.2,,69.2,,,,,,,82.7,,,,,,,,,,,,72.2,,,,,,,,,,,,,,,,,,
REC01800,Statistical Officer,Administration,DIID,Master,0,50.0,30.2,61.8,50.7,1,50.7,Developing,,,,,,,,,39.5,,51.3,,,,,,,,,,,,,,,,,,,,,,,,49.1,,,,,,,,,,50.0,51.3
REC01801,Finance Officer,Data Science,Administration,Bachelor,7,42.5,40.7,87.9,80.5,4,74.5,Intermediate,62.3,,,,,,,,,,71.7,,,,,,,,64.5,77.4,,,,,,,,,,,,,,,,,,,,,,,,,,92.3
REC01802,Cybersecurity Analyst,Environment,Policy,Bachelor,3,32.2,59.7,51.4,56.7,3,47.8,Beginner,,,,,,,,46.0,50.1,,,,,,,,,,,,,,,,,,,,,,,,37.8,,,,,,52.5,,,53.1,,,,
REC01803,Policy Analyst,Administration,IT,PhD,6,34.3,40.1,85.5,77.0,5,71.9,Intermediate,,,,,,,,,81.5,,,,,,,,,,,,,,,,,,,,,,,,,73.0,,,,,,69.3,80.3,,,,,61.4
REC01804,Project Manager,Administration,Administration,PhD,0,24.8,39.7,86.7,83.6,4,72.8,Intermediate,,,,,,,68.5,,68.0,,,,,,,,,,,,,,,,,,85.2,,,,,,,,,65.2,72.6,,,,,,,,,
REC01805,Policy Analyst,Agriculture,Training,PhD,10,63.3,57.7,87.0,71.2,1,72.7,Intermediate,,,,,,,,,67.9,,,,,,,,,,,,,,,,,,,,,,,,,72.3,,,,,,67.7,59.4,,,,,77.6
REC01806,Biotechnology Faculty,Public Policy,Data & Analytics,Bachelor,6,79.5,66.8,62.2,77.0,4,63.2,Developing,,,,,70.4,,,,73.1,,,,,,,,,,,,,58.3,,,65.2,,,,,,68.9,,,,,,,,,,,,,,,
REC01807,Data Scientist,Environment,IT,PhD,16,46.9,56.7,71.5,89.0,4,70.5,Intermediate,,,,,,,,,63.5,,74.3,,,,,,,,,,,,,,,,,,,86.6,,,,,,,,,60.6,,,,,,,69.2
REC01808,Database Administrator,Artificial Intelligence,Administration,Master,0,25.8,38.4,86.2,63.2,2,65.7,Intermediate,,,,,,,,,,52.8,,67.5,,,,,,,,,,,,,,,,,,,,,,,,64.1,,,53.8,,,,62.0,,,
REC01809,Cybersecurity Analyst,Biotechnology,IT,Master,4,64.8,31.0,59.6,70.1,3,55.9,Developing,,,,,,,,60.1,62.1,,,,,,,,,,,,,,,,,,,,,,,,36.1,,,,,,40.8,,,48.1,,,,
REC01810,Software Engineer,Artificial Intelligence,MoSPI,Master,8,71.3,68.0,80.4,79.3,4,71.9,Intermediate,,,,,,,,,,,,,,,,,,,,,,,,72.7,,,,,,,,,,,,59.9,,,69.0,,,,65.5,65.9,,
REC01811,Administrative Officer,Data Science,DIID,Master,5,30.9,51.4,90.0,58.1,2,67.8,Intermediate,,52.8,,,,,70.3,,74.8,,,,,,,,,,,,,,,,,,,,,,,,,,,,67.4,,,50.5,,,,,,
REC01812,Data Scientist,Public Health,Research,Master,0,32.2,31.9,89.6,69.4,3,69.0,Intermediate,,,,,,,,,67.2,,66.6,,,,,,,,,,,,,,,,,,,44.4,,,,,,,,,64.4,,,,,,,58.7
REC01813,Data Analyst,Statistics,Administration,Master,4,71.0,25.6,67.1,85.9,3,64.1,Developing,,,,,,,,,51.1,,56.8,,,,,,,,,,,,,,,,,,,,,,,,,,,,,,,,48.2,,62.6,55.1
REC01814,Statistical Officer,Finance,IT,Bachelor,6,23.9,33.5,72.5,71.8,1,61.5,Developing,,,,,,,,,50.9,,65.0,,,,,,,,,,,,,,,,,,,,,,,,55.0,,,,,,,,,,49.6,56.1
REC01815,Statistical Officer,Agriculture,Administration,Bachelor,16,88.2,38.5,83.7,77.4,4,74.6,Intermediate,,,,,,,,,58.6,,87.7,,,,,,,,,,,,,,,,,,,,,,,,73.3,,,,,,,,,,69.0,70.8
REC01816,Environmental Officer,Education,Administration,PhD,4,25.6,44.6,43.1,86.1,4,51.7,Developing,,,,,,,,,52.9,,,,,,,,57.4,,,,54.1,,,,,,,,,,,,,,,,,,,63.5,,,,,,40.3
REC01817,Research Officer,Agriculture,Training,Bachelor,4,97.5,50.8,71.4,84.4,5,68.7,Intermediate,,,,,,,,,59.8,,66.9,,,,,,,,,,,,,,,,,,,,,,,,,,,,,52.7,66.1,,,,,66.2
REC01818,Cybersecurity Analyst,Data Science,DIID,Master,2,45.1,58.5,83.1,59.4,8,66.0,Intermediate,,,,,,,,71.9,68.9,,,,,,,,,,,,,,,,,,,,,,,,59.0,,,,,,60.2,,,74.6,,,,
REC01819,Data Analyst,Data Science,Policy,Bachelor,12,57.4,52.8,61.5,68.9,3,59.5,Developing,,,,,,,,,66.4,,67.1,,,,,,,,,,,,,,,,,,,,,,,,,,,,,,,,63.2,,61.3,53.5
REC01820,Software Engineer,Cybersecurity,MoSPI,Master,0,40.6,14.6,74.9,69.5,4,61.5,Developing,,,,,,,,,,,,,,,,,,,,,,,,48.8,,,,,,,,,,,,59.8,,,49.0,,,,62.5,53.7,,
REC01821,Policy Analyst,Economics,Policy,Master,8,61.3,59.7,92.4,85.6,6,79.9,Intermediate,,,,,,,,,88.2,,,,,,,,,,,,,,,,,,,,,,,,,75.1,,,,,,71.8,81.4,,,,,73.5
REC01822,AI Engineer,Data Science,Training,Bachelor,1,24.4,33.9,55.5,74.7,3,52.9,Developing,,,,,,,,,,,,,47.5,,,,,,,,,,,,,,,,,55.8,,53.1,,,,,,,49.4,,,,,36.2,,
REC01823,Project Manager,Biotechnology,IT,PhD,8,55.8,33.7,100.0,55.7,4,73.3,Intermediate,,,,,,,64.8,,66.2,,,,,,,,,,,,,,,,,,70.7,,,,,,,,,66.2,68.1,,,,,,,,,
REC01824,Data Scientist,Biotechnology,Administration,Bachelor,2,49.7,42.7,50.4,84.8,6,55.1,Developing,,,,,,,,,55.4,,59.1,,,,,,,,,,,,,,,,,,,40.0,,,,,,,,,50.9,,,,,,,50.0
REC01825,HR Officer,Environment,Training,Bachelor,7,34.0,28.6,96.3,62.4,6,71.8,Intermediate,,,,,,,71.0,,70.9,,,,,,,,,,,,,,58.3,,,65.8,,,,,,,,,,,,,,61.3,,,,,,
REC01826,Biotechnology Faculty,Cybersecurity,IT,Master,7,116.9,49.7,63.1,44.4,5,54.9,Developing,,,,,52.2,,,,49.8,,,,,,,,,,,,,59.5,,,58.5,,,,,,51.6,,,,,,,,,,,,,,,
REC01827,Education Officer,Agriculture,IT,Master,9,76.6,50.6,77.4,73.7,5,69.2,Intermediate,,,,77.8,,,76.5,,64.6,,,,,,,49.3,,,,,,,,,,,,71.4,,,,,,,,,,,,,,,,,,
REC01828,Economist,Environment,Statistics Division,Master,4,62.9,48.4,61.0,76.3,5,58.8,Developing,,,,,,,,,55.3,,,,,62.1,35.5,,,,,,,,,,,,,,,,,,,,,,,,,55.3,,,,,,51.2
REC01829,Environmental Officer,Public Policy,Administration,Master,0,42.5,14.3,72.8,41.7,2,51.6,Developing,,,,,,,,,41.9,,,,,,,,36.8,,,,43.6,,,,,,,,,,,,,,,,,,,35.9,,,,,,46.2
REC01830,Data Analyst,Administration,Training,Master,5,50.7,62.9,70.5,65.0,5,61.1,Developing,,,,,,,,,53.4,,59.7,,,,,,,,,,,,,,,,,,,,,,,,,,,,,,,,50.0,,62.1,62.4
REC01831,Environmental Officer,Cybersecurity,IT,Bachelor,8,63.3,55.0,84.6,100.0,1,79.5,Intermediate,,,,,,,,,77.2,,,,,,,,89.4,,,,64.0,,,,,,,,,,,,,,,,,,,80.8,,,,,,65.9
REC01832,Research Officer,Environment,Training,Master,6,66.4,34.5,53.7,60.8,3,52.0,Developing,,,,,,,,,53.0,,58.6,,,,,,,,,,,,,,,,,,,,,,,,,,,,,54.5,63.3,,,,,41.6
REC01833,Project Manager,Education,Policy,PhD,7,87.3,81.3,77.0,67.0,4,68.6,Intermediate,,,,,,,56.3,,70.7,,,,,,,,,,,,,,,,,,65.6,,,,,,,,,76.3,78.6,,,,,,,,,
REC01834,Agriculture Officer,Statistics,Statistics Division,Master,6,93.3,39.8,88.2,94.1,4,80.4,Advanced,,,88.2,,,,,,69.7,,,,,,,,,,,,68.1,,,,,,,,,,,,,,,,,,,74.8,,,,,,77.8
REC01835,Finance Officer,Economics,Administration,Bachelor,3,41.7,3.4,81.7,62.5,2,63.5,Developing,70.1,,,,,,,,,,58.0,,,,,,,,56.0,47.8,,,,,,,,,,,,,,,,,,,,,,,,,,62.2
REC01836,Data Scientist,Data Science,DIID,PhD,12,25.5,31.5,79.1,77.4,1,67.6,Intermediate,,,,,,,,,60.7,,58.6,,,,,,,,,,,,,,,,,,,62.6,,,,,,,,,62.4,,,,,,,63.5
REC01837,Biotechnology Faculty,Public Policy,Administration,Bachelor,16,94.4,69.6,52.1,55.3,3,53.8,Developing,,,,,41.9,,,,67.3,,,,,,,,,,,,,62.8,,,57.3,,,,,,60.1,,,,,,,,,,,,,,,
REC01838,Data Scientist,Biotechnology,Data & Analytics,Master,7,89.9,45.3,68.7,67.0,2,62.7,Developing,,,,,,,,,65.5,,68.9,,,,,,,,,,,,,,,,,,,44.7,,,,,,,,,58.4,,,,,,,65.5
REC01839,Project Manager,Education,Statistics Division,Bachelor,7,87.0,76.6,82.9,84.5,2,76.5,Intermediate,,,,,,,82.1,,74.0,,,,,,,,,,,,,,,,,,72.3,,,,,,,,,73.4,79.2,,,,,,,,,
REC01840,AI Engineer,Cybersecurity,Training,Bachelor,7,62.6,38.3,92.5,77.3,3,76.6,Intermediate,,,,,,,,,,,,,73.4,,,,,,,,,,,,,,,,,81.3,,63.9,,,,,,,79.7,,,,,70.8,,
REC01841,Education Officer,Public Policy,Training,Bachelor,1,58.1,17.9,65.5,76.7,5,60.1,Developing,,,,49.8,,,64.3,,55.2,,,,,,,49.7,,,,,,,,,,,,58.0,,,,,,,,,,,,,,,,,,
REC01842,Biotechnology Faculty,Public Health,MoSPI,Master,6,56.7,39.0,84.1,64.7,3,66.9,Intermediate,,,,,59.3,,,,57.4,,,,,,,,,,,,,64.9,,,54.5,,,,,,53.4,,,,,,,,,,,,,,,
REC01843,Statistical Officer,Biotechnology,Policy,Master,5,54.7,60.7,100.0,51.2,8,71.8,Intermediate,,,,,,,,,58.4,,68.1,,,,,,,,,,,,,,,,,,,,,,,,52.2,,,,,,,,,,69.7,67.0
REC01844,Project Manager,Environment,DIID,Master,11,57.9,57.3,82.5,89.3,3,75.6,Intermediate,,,,,,,75.1,,62.5,,,,,,,,,,,,,,,,,,67.9,,,,,,,,,81.0,72.5,,,,,,,,,
REC01845,Project Manager,Computer Science,MoSPI,Master,6,71.5,37.1,93.4,76.2,3,76.6,Intermediate,,,,,,,82.1,,68.4,,,,,,,,,,,,,,,,,,72.0,,,,,,,,,63.4,69.5,,,,,,,,,
REC01846,Public Health Officer,Education,Statistics Division,Bachelor,15,43.0,66.3,70.6,87.2,4,69.5,Intermediate,,,,,,70.9,,,58.4,,,,,,,,,70.2,,,,,,,,,,,,,,,,,,,,76.2,,75.2,,,,,,
REC01847,Project Manager,Cybersecurity,Statistics Division,Bachelor,0,61.5,42.6,63.4,78.1,5,60.8,Developing,,,,,,,53.4,,65.9,,,,,,,,,,,,,,,,,,69.5,,,,,,,,,53.3,54.9,,,,,,,,,
REC01848,Data Scientist,Education,Data & Analytics,PhD,15,60.3,49.9,74.0,76.3,2,68.6,Intermediate,,,,,,,,,72.7,,76.7,,,,,,,,,,,,,,,,,,,72.6,,,,,,,,,65.4,,,,,,,62.5
REC01849,Data Scientist,Education,Training,Master,8,19.2,17.1,63.1,74.2,6,58.4,Developing,,,,,,,,,51.0,,54.7,,,,,,,,,,,,,,,,,,,59.4,,,,,,,,,69.5,,,,,,,72.6
REC01850,Administrative Officer,Education,Training,Bachelor,14,78.0,45.3,69.7,60.5,2,61.7,Developing,,56.3,,,,,52.8,,62.1,,,,,,,,,,,,,,,,,,,,,,,,,,,,61.6,,,65.0,,,,,,
REC01851,Biotechnology Faculty,Education,Policy,PhD,15,64.7,39.8,65.7,93.5,2,68.7,Intermediate,,,,,67.8,,,,65.4,,,,,,,,,,,,,66.9,,,64.7,,,,,,69.6,,,,,,,,,,,,,,,
REC01852,Policy Analyst,Environment,MoSPI,Master,6,54.4,43.9,70.5,90.5,2,68.9,Intermediate,,,,,,,,,63.6,,,,,,,,,,,,,,,,,,,,,,,,,67.4,,,,,,66.9,72.8,,,,,74.0
REC01853,Legal Officer,Public Policy,Data & Analytics,Bachelor,11,68.6,65.9,89.2,90.8,2,79.8,Intermediate,,,,,,,86.0,,,,,,,,,,,,,,,,,,,,,,67.2,,,,,75.7,,,,,,70.0,,67.3,,,,
REC01854,Finance Officer,Public Policy,Policy,Master,0,37.8,42.5,62.3,58.0,6,53.2,Developing,53.4,,,,,,,,,,66.1,,,,,,,,46.8,52.0,,,,,,,,,,,,,,,,,,,,,,,,,,47.5
REC01855,Project Manager,Public Health,MoSPI,Master,9,55.5,43.9,74.2,69.5,3,65.3,Intermediate,,,,,,,71.4,,72.0,,,,,,,,,,,,,,,,,,65.6,,,,,,,,,62.5,58.6,,,,,,,,,
REC01856,Public Health Officer,Education,DIID,Bachelor,3,40.4,45.9,61.4,50.5,1,51.5,Developing,,,,,,53.1,,,50.9,,,,,,,,,45.7,,,,,,,,,,,,,,,,,,,,45.9,,69.1,,,,,,
REC01857,Statistical Officer,Cybersecurity,IT,Bachelor,19,88.5,43.4,67.2,75.5,3,66.1,Intermediate,,,,,,,,,72.5,,53.5,,,,,,,,,,,,,,,,,,,,,,,,59.7,,,,,,,,,,65.2,69.8
REC01858,Policy Analyst,Public Health,Statistics Division,PhD,5,44.0,46.1,85.7,100.0,1,78.4,Intermediate,,,,,,,,,75.8,,,,,,,,,,,,,,,,,,,,,,,,,71.3,,,,,,81.5,62.7,,,,,80.0
REC01859,HR Officer,Economics,Administration,Master,14,79.6,55.9,65.3,77.2,5,64.9,Developing,,,,,,,54.1,,68.0,,,,,,,,,,,,,,65.3,,,61.0,,,,,,,,,,,,,,71.1,,,,,,
REC01860,Software Engineer,Cybersecurity,Training,Bachelor,0,41.2,26.0,76.4,63.5,1,61.5,Developing,,,,,,,,,,,,,,,,,,,,,,,,57.3,,,,,,,,,,,,57.5,,,59.2,,,,48.6,68.0,,
REC01861,Legal Officer,Education,MoSPI,Master,9,59.1,70.7,72.9,87.8,2,70.8,Intermediate,,,,,,,50.5,,,,,,,,,,,,,,,,,,,,,,70.7,,,,,78.5,,,,,,74.8,,78.1,,,,
REC01862,Economist,Environment,Training,Bachelor,15,84.2,59.5,92.4,83.6,1,80.8,Advanced,,,,,,,,,78.9,,,,,81.8,74.5,,,,,,,,,,,,,,,,,,,,,,,,,67.8,,,,,,73.6
REC01863,Legal Officer,Economics,MoSPI,Master,0,55.1,37.6,62.7,56.4,2,52.9,Developing,,,,,,,50.3,,,,,,,,,,,,,,,,,,,,,,49.6,,,,,50.6,,,,,,41.9,,49.9,,,,
REC01864,Database Administrator,Computer Science,Research,Master,9,66.7,49.3,66.6,64.7,2,60.1,Developing,,,,,,,,,,58.7,,47.2,,,,,,,,,,,,,,,,,,,,,,,,58.3,,,57.6,,,,66.3,,,
REC01865,Legal Officer,Cybersecurity,IT,Master,6,84.4,44.9,100.0,76.1,5,81.3,Advanced,,,,,,,68.9,,,,,,,,,,,,,,,,,,,,,,70.1,,,,,88.4,,,,,,84.6,,77.6,,,,
REC01866,Project Manager,Cybersecurity,IT,Master,3,31.0,48.3,91.2,68.5,4,71.9,Intermediate,,,,,,,73.5,,69.1,,,,,,,,,,,,,,,,,,67.0,,,,,,,,,81.7,66.2,,,,,,,,,
REC01867,Agriculture Officer,Administration,Administration,PhD,9,45.4,40.4,61.3,74.1,6,58.8,Developing,,,56.9,,,,,,57.7,,,,,,,,,,,,60.4,,,,,,,,,,,,,,,,,,,52.7,,,,,,60.4
REC01868,Education Officer,Economics,Policy,Master,1,72.6,62.5,92.0,88.9,4,79.1,Intermediate,,,,65.3,,,62.1,,78.9,,,,,,,78.9,,,,,,,,,,,,65.7,,,,,,,,,,,,,,,,,,
REC01869,Agriculture Officer,Economics,Training,Master,8,114.9,61.1,77.1,89.2,4,75.1,Intermediate,,,75.5,,,,,,81.7,,,,,,,,,,,,68.7,,,,,,,,,,,,,,,,,,,65.3,,,,,,59.9
REC01870,Project Manager,Computer Science,Administration,PhD,5,72.9,56.3,88.8,57.8,4,69.4,Intermediate,,,,,,,61.2,,72.6,,,,,,,,,,,,,,,,,,63.6,,,,,,,,,63.4,62.5,,,,,,,,,
REC01871,Policy Analyst,Biotechnology,Policy,PhD,5,31.6,16.8,75.4,62.4,5,60.5,Developing,,,,,,,,,39.9,,,,,,,,,,,,,,,,,,,,,,,,,63.4,,,,,,61.9,63.6,,,,,55.9
REC01872,Data Analyst,Computer Science,Statistics Division,Bachelor,6,65.3,48.4,77.8,86.4,4,71.9,Intermediate,,,,,,,,,67.9,,72.0,,,,,,,,,,,,,,,,,,,,,,,,,,,,,,,,74.4,,74.4,60.2
REC01873,Software Engineer,Data Science,Statistics Division,Master,6,62.5,88.4,55.5,74.8,7,58.3,Developing,,,,,,,,,,,,,,,,,,,,,,,,54.6,,,,,,,,,,,,62.9,,,66.5,,,,48.3,65.0,,
REC01874,Biotechnology Faculty,Education,Training,Bachelor,4,69.8,47.0,84.2,70.3,3,69.4,Intermediate,,,,,57.6,,,,64.9,,,,,,,,,,,,,69.8,,,56.0,,,,,,56.8,,,,,,,,,,,,,,,
REC01875,Database Administrator,Artificial Intelligence,Research,Bachelor,7,63.5,48.6,79.3,90.0,4,73.7,Intermediate,,,,,,,,,,63.7,,75.5,,,,,,,,,,,,,,,,,,,,,,,,68.7,,,71.7,,,,75.3,,,
REC01876,Policy Analyst,Administration,Statistics Division,PhD,0,50.5,43.1,65.6,65.5,3,58.2,Developing,,,,,,,,,68.8,,,,,,,,,,,,,,,,,,,,,,,,,62.5,,,,,,57.2,55.7,,,,,53.5
REC01877,Research Officer,Biotechnology,Statistics Division,Master,5,41.0,46.8,68.3,78.0,3,62.6,Developing,,,,,,,,,41.8,,71.3,,,,,,,,,,,,,,,,,,,,,,,,,,,,,59.8,62.9,,,,,55.0
REC01878,Research Officer,Data Science,Policy,Master,9,74.5,38.0,89.0,60.9,1,70.4,Intermediate,,,,,,,,,65.5,,65.9,,,,,,,,,,,,,,,,,,,,,,,,,,,,,61.1,62.0,,,,,72.6
REC01879,AI Engineer,Cybersecurity,Data & Analytics,Master,7,58.3,62.6,65.9,61.5,5,58.6,Developing,,,,,,,,,,,,,68.3,,,,,,,,,,,,,,,,,70.0,,50.3,,,,,,,52.7,,,,,46.5,,
REC01880,Legal Officer,Cybersecurity,Research,Bachelor,13,86.9,51.2,70.5,86.3,3,70.8,Intermediate,,,,,,,82.3,,,,,,,,,,,,,,,,,,,,,,68.1,,,,,60.8,,,,,,80.0,,67.6,,,,
REC01881,Legal Officer,Administration,Administration,Bachelor,17,72.2,59.7,79.5,55.7,3,65.9,Intermediate,,,,,,,60.7,,,,,,,,,,,,,,,,,,,,,,58.1,,,,,67.3,,,,,,68.8,,59.7,,,,
REC01882,Statistical Officer,Administration,Policy,Bachelor,8,81.1,58.1,98.1,75.1,6,80.1,Advanced,,,,,,,,,68.1,,72.8,,,,,,,,,,,,,,,,,,,,,,,,71.2,,,,,,,,,,72.4,88.4
REC01883,Statistical Officer,Administration,DIID,Master,1,77.5,46.9,83.4,80.1,5,72.4,Intermediate,,,,,,,,,62.2,,71.2,,,,,,,,,,,,,,,,,,,,,,,,65.8,,,,,,,,,,72.0,65.7
REC01884,Data Scientist,Economics,Statistics Division,Bachelor,1,77.3,79.2,90.1,66.6,5,72.5,Intermediate,,,,,,,,,62.0,,75.4,,,,,,,,,,,,,,,,,,,60.7,,,,,,,,,63.8,,,,,,,62.3
REC01885,Finance Officer,Environment,Research,Bachelor,16,66.2,42.8,71.8,87.1,3,70.3,Intermediate,72.4,,,,,,,,,,74.8,,,,,,,,62.3,61.3,,,,,,,,,,,,,,,,,,,,,,,,,,71.4
REC01886,Economist,Artificial Intelligence,Statistics Division,Bachelor,9,73.5,51.6,85.9,73.1,6,73.0,Intermediate,,,,,,,,,68.7,,,,,82.0,55.2,,,,,,,,,,,,,,,,,,,,,,,,,67.2,,,,,,75.3
REC01887,Public Health Officer,Administration,Policy,Bachelor,12,74.9,49.4,70.7,68.8,2,64.4,Developing,,,,,,57.3,,,62.3,,,,,,,,,51.8,,,,,,,,,,,,,,,,,,,,73.5,,68.5,,,,,,
REC01888,Statistical Officer,Agriculture,Data & Analytics,Master,6,66.5,34.5,90.7,57.2,3,69.8,Intermediate,,,,,,,,,65.2,,75.6,,,,,,,,,,,,,,,,,,,,,,,,62.9,,,,,,,,,,69.6,63.3
REC01889,Research Officer,Education,MoSPI,PhD,14,78.8,56.7,60.0,75.8,2,62.8,Developing,,,,,,,,,64.8,,65.0,,,,,,,,,,,,,,,,,,,,,,,,,,,,,69.8,72.3,,,,,69.5
REC01890,AI Engineer,Cybersecurity,Data & Analytics,Bachelor,9,78.9,43.1,62.2,85.9,1,64.7,Developing,,,,,,,,,,,,,65.2,,,,,,,,,,,,,,,,,59.1,,67.9,,,,,,,55.9,,,,,70.3,,
REC01891,Administrative Officer,Administration,DIID,Bachelor,0,21.6,20.4,89.7,87.1,3,72.8,Intermediate,,54.8,,,,,65.9,,66.6,,,,,,,,,,,,,,,,,,,,,,,,,,,,52.3,,,66.6,,,,,,
REC01892,Cybersecurity Analyst,Statistics,MoSPI,Bachelor,10,36.8,39.0,88.2,57.5,3,67.4,Intermediate,,,,,,,,69.8,58.3,,,,,,,,,,,,,,,,,,,,,,,,67.5,,,,,,60.0,,,61.6,,,,
REC01893,Cybersecurity Analyst,Data Science,Research,PhD,6,47.8,16.4,86.6,59.4,5,66.1,Intermediate,,,,,,,,56.7,61.9,,,,,,,,,,,,,,,,,,,,,,,,56.1,,,,,,67.8,,,56.4,,,,
REC01894,Public Health Officer,Agriculture,Statistics Division,PhD,0,15.8,9.1,77.8,80.9,7,65.2,Intermediate,,,,,,49.1,,,57.4,,,,,,,,,64.1,,,,,,,,,,,,,,,,,,,,62.2,,68.2,,,,,,
REC01895,Finance Officer,Data Science,DIID,Bachelor,11,88.7,50.7,68.9,87.3,3,69.6,Intermediate,70.5,,,,,,,,,,78.5,,,,,,,,78.6,57.3,,,,,,,,,,,,,,,,,,,,,,,,,,55.9
REC01896,Economist,Statistics,MoSPI,Bachelor,15,63.3,42.9,96.5,65.0,4,76.4,Intermediate,,,,,,,,,65.0,,,,,68.4,81.4,,,,,,,,,,,,,,,,,,,,,,,,,78.5,,,,,,72.7
REC01897,Administrative Officer,Statistics,Administration,Bachelor,8,45.2,29.3,80.7,80.4,5,69.5,Intermediate,,63.8,,,,,65.7,,57.0,,,,,,,,,,,,,,,,,,,,,,,,,,,,65.3,,,60.9,,,,,,
REC01898,Policy Analyst,Cybersecurity,Training,PhD,0,62.1,46.9,62.5,64.2,2,55.7,Developing,,,,,,,,,53.3,,,,,,,,,,,,,,,,,,,,,,,,,52.2,,,,,,52.0,48.7,,,,,46.9
REC01899,Data Scientist,Finance,IT,Bachelor,3,44.1,59.5,90.8,71.1,7,72.5,Intermediate,,,,,,,,,60.4,,62.4,,,,,,,,,,,,,,,,,,,71.0,,,,,,,,,84.5,,,,,,,57.2
REC01900,Finance Officer,Agriculture,DIID,Master,3,69.3,54.1,87.7,83.3,1,75.2,Intermediate,74.4,,,,,,,,,,63.1,,,,,,,,71.4,66.6,,,,,,,,,,,,,,,,,,,,,,,,,,63.2
REC01901,Finance Officer,Data Science,MoSPI,Bachelor,1,32.1,2.0,62.2,69.7,5,54.6,Developing,43.5,,,,,,,,,,50.4,,,,,,,,50.7,45.0,,,,,,,,,,,,,,,,,,,,,,,,,,62.4
REC01902,Statistical Officer,Artificial Intelligence,Research,Master,4,52.9,57.4,100.0,66.3,6,76.9,Intermediate,,,,,,,,,77.4,,64.6,,,,,,,,,,,,,,,,,,,,,,,,71.1,,,,,,,,,,80.9,74.7
REC01903,Environmental Officer,Data Science,MoSPI,Master,6,45.7,43.2,83.5,68.7,3,67.7,Intermediate,,,,,,,,,61.1,,,,,,,,47.7,,,,64.6,,,,,,,,,,,,,,,,,,,70.8,,,,,,58.1
REC01904,Software Engineer,Cybersecurity,Administration,Bachelor,0,44.3,62.4,53.0,66.8,3,51.8,Developing,,,,,,,,,,,,,,,,,,,,,,,,51.1,,,,,,,,,,,,50.4,,,47.6,,,,54.5,55.7,,
REC01905,Policy Analyst,Data Science,Research,PhD,4,33.5,31.1,70.6,87.8,5,66.0,Intermediate,,,,,,,,,68.4,,,,,,,,,,,,,,,,,,,,,,,,,60.5,,,,,,68.8,62.1,,,,,59.2
REC01906,Software Engineer,Computer Science,Data & Analytics,Bachelor,5,67.5,43.1,61.1,77.7,4,60.1,Developing,,,,,,,,,,,,,,,,,,,,,,,,58.5,,,,,,,,,,,,49.3,,,65.6,,,,49.6,58.9,,
REC01907,Biotechnology Faculty,Data Science,Statistics Division,Master,5,86.5,33.5,54.9,70.2,4,54.7,Developing,,,,,53.7,,,,46.9,,,,,,,,,,,,,44.6,,,53.1,,,,,,41.4,,,,,,,,,,,,,,,
REC01908,HR Officer,Environment,Statistics Division,Bachelor,13,58.6,69.9,75.5,85.9,7,71.4,Intermediate,,,,,,,58.6,,76.4,,,,,,,,,,,,,,69.6,,,70.9,,,,,,,,,,,,,,60.2,,,,,,
REC01909,Project Manager,Public Health,Research,Bachelor,0,21.2,2.0,74.9,61.2,1,58.0,Developing,,,,,,,47.3,,54.2,,,,,,,,,,,,,,,,,,52.8,,,,,,,,,54.0,58.3,,,,,,,,,
REC01910,Public Health Officer,Biotechnology,Data & Analytics,PhD,5,22.9,54.0,68.0,57.2,2,56.0,Developing,,,,,,42.3,,,48.0,,,,,,,,,58.6,,,,,,,,,,,,,,,,,,,,71.9,,50.9,,,,,,
REC01911,Data Analyst,Administration,Administration,Bachelor,14,78.9,85.2,100.0,83.8,2,85.9,Advanced,,,,,,,,,87.8,,82.6,,,,,,,,,,,,,,,,,,,,,,,,,,,,,,,,86.7,,82.7,81.0
REC01912,Policy Analyst,Administration,Training,PhD,10,72.9,62.6,80.7,81.6,3,72.8,Intermediate,,,,,,,,,70.7,,,,,,,,,,,,,,,,,,,,,,,,,56.1,,,,,,67.9,77.9,,,,,62.0
REC01913,Environmental Officer,Artificial Intelligence,Data & Analytics,Bachelor,9,82.4,71.9,74.7,62.3,6,65.3,Intermediate,,,,,,,,,71.8,,,,,,,,71.7,,,,63.8,,,,,,,,,,,,,,,,,,,56.3,,,,,,56.7
REC01914,Finance Officer,Economics,Data & Analytics,Master,6,50.0,32.9,95.7,100.0,3,83.3,Advanced,84.5,,,,,,,,,,72.7,,,,,,,,70.9,87.8,,,,,,,,,,,,,,,,,,,,,,,,,,68.3
REC01915,Project Manager,Computer Science,Statistics Division,PhD,3,65.1,50.1,75.6,89.8,1,70.6,Intermediate,,,,,,,56.4,,74.1,,,,,,,,,,,,,,,,,,50.8,,,,,,,,,71.5,68.3,,,,,,,,,
REC01916,Research Officer,Public Health,Administration,Master,0,55.8,36.9,75.7,72.4,4,63.7,Developing,,,,,,,,,41.9,,52.1,,,,,,,,,,,,,,,,,,,,,,,,,,,,,55.3,58.7,,,,,63.3
REC01917,Project Manager,Economics,Research,Bachelor,0,38.5,38.5,65.8,73.0,2,59.0,Developing,,,,,,,56.0,,56.1,,,,,,,,,,,,,,,,,,62.4,,,,,,,,,50.6,56.9,,,,,,,,,
REC01918,Policy Analyst,Public Health,Statistics Division,Bachelor,7,31.2,45.8,65.8,70.9,4,58.7,Developing,,,,,,,,,54.4,,,,,,,,,,,,,,,,,,,,,,,,,57.0,,,,,,48.4,50.2,,,,,57.8
REC01919,Database Administrator,Computer Science,Administration,PhD,9,62.7,46.6,67.9,81.8,3,64.8,Developing,,,,,,,,,,64.3,,56.6,,,,,,,,,,,,,,,,,,,,,,,,64.7,,,41.3,,,,63.7,,,
REC01920,Project Manager,Statistics,DIID,Bachelor,1,72.4,18.4,67.0,70.7,4,59.6,Developing,,,,,,,63.2,,48.0,,,,,,,,,,,,,,,,,,54.5,,,,,,,,,55.1,47.0,,,,,,,,,
REC01921,AI Engineer,Computer Science,Research,PhD,5,34.5,53.9,89.7,94.9,2,78.2,Intermediate,,,,,,,,,,,,,76.3,,,,,,,,,,,,,,,,,71.3,,72.1,,,,,,,66.8,,,,,67.0,,
REC01922,Agriculture Officer,Public Policy,Research,Master,12,96.2,54.7,78.1,89.6,2,75.7,Intermediate,,,73.5,,,,,,69.8,,,,,,,,,,,,77.3,,,,,,,,,,,,,,,,,,,68.1,,,,,,80.2
REC01923,Database Administrator,Computer Science,Research,Master,5,36.9,45.7,56.1,78.3,2,56.9,Developing,,,,,,,,,,52.7,,52.1,,,,,,,,,,,,,,,,,,,,,,,,70.4,,,56.9,,,,56.5,,,
REC01924,Biotechnology Faculty,Environment,Data & Analytics,Master,10,72.0,47.4,88.3,77.4,1,76.0,Intermediate,,,,,82.0,,,,65.5,,,,,,,,,,,,,78.4,,,85.0,,,,,,65.6,,,,,,,,,,,,,,,
REC01925,Research Officer,Biotechnology,Research,Master,3,28.9,26.5,66.3,82.4,3,61.3,Developing,,,,,,,,,58.6,,67.3,,,,,,,,,,,,,,,,,,,,,,,,,,,,,58.8,53.4,,,,,47.7
REC01926,Research Officer,Administration,DIID,Bachelor,6,34.1,60.2,68.3,69.0,3,60.6,Developing,,,,,,,,,61.2,,53.6,,,,,,,,,,,,,,,,,,,,,,,,,,,,,58.9,62.4,,,,,60.2
REC01927,Education Officer,Administration,Policy,Master,5,58.9,33.7,84.9,99.0,3,78.0,Intermediate,,,,73.1,,,67.7,,73.5,,,,,,,70.7,,,,,,,,,,,,81.1,,,,,,,,,,,,,,,,,,
REC01928,Biotechnology Faculty,Data Science,DIID,Master,3,48.5,30.5,82.9,79.2,8,70.3,Intermediate,,,,,63.4,,,,70.6,,,,,,,,,,,,,69.0,,,62.0,,,,,,67.6,,,,,,,,,,,,,,,
REC01929,Project Manager,Computer Science,Data & Analytics,Bachelor,10,73.6,72.9,68.2,72.2,1,64.4,Developing,,,,,,,60.4,,59.8,,,,,,,,,,,,,,,,,,64.1,,,,,,,,,58.9,67.5,,,,,,,,,
REC01930,Statistical Officer,Data Science,MoSPI,Master,2,20.1,60.1,56.4,53.4,3,49.2,Beginner,,,,,,,,,57.9,,46.2,,,,,,,,,,,,,,,,,,,,,,,,49.3,,,,,,,,,,50.6,54.7
REC01931,Statistical Officer,Agriculture,DIID,Bachelor,2,8.5,27.0,69.7,65.6,1,57.2,Developing,,,,,,,,,65.4,,56.3,,,,,,,,,,,,,,,,,,,,,,,,46.2,,,,,,,,,,46.7,55.9
REC01932,Biotechnology Faculty,Biotechnology,Data & Analytics,PhD,8,110.2,60.7,85.7,62.6,2,71.4,Intermediate,,,,,62.1,,,,70.6,,,,,,,,,,,,,68.3,,,65.5,,,,,,59.6,,,,,,,,,,,,,,,
REC01933,HR Officer,Cybersecurity,IT,PhD,5,35.5,26.5,65.9,55.8,3,53.6,Developing,,,,,,,40.5,,51.4,,,,,,,,,,,,,,50.9,,,58.6,,,,,,,,,,,,,,36.9,,,,,,
REC01934,AI Engineer,Data Science,DIID,Bachelor,0,63.3,77.6,69.2,77.1,2,64.5,Developing,,,,,,,,,,,,,59.2,,,,,,,,,,,,,,,,,63.5,,63.2,,,,,,,61.8,,,,,65.4,,
REC01935,Finance Officer,Data Science,Training,Master,0,66.4,62.0,55.7,75.5,2,55.4,Developing,56.9,,,,,,,,,,48.7,,,,,,,,24.4,54.3,,,,,,,,,,,,,,,,,,,,,,,,,,47.7
REC01936,Statistical Officer,Finance,IT,Bachelor,10,57.7,21.2,71.7,46.7,6,55.9,Developing,,,,,,,,,37.1,,56.2,,,,,,,,,,,,,,,,,,,,,,,,59.4,,,,,,,,,,49.1,53.1
REC01937,Environmental Officer,Education,Training,PhD,13,81.8,26.6,66.9,78.3,1,64.8,Developing,,,,,,,,,58.9,,,,,,,,65.3,,,,56.9,,,,,,,,,,,,,,,,,,,58.1,,,,,,70.4
REC01938,Biotechnology Faculty,Environment,MoSPI,Master,0,43.9,53.6,70.0,78.7,1,63.8,Developing,,,,,57.6,,,,62.6,,,,,,,,,,,,,59.4,,,68.0,,,,,,62.2,,,,,,,,,,,,,,,
REC01939,Research Officer,Data Science,Training,Bachelor,7,43.8,23.3,64.3,70.2,1,58.6,Developing,,,,,,,,,52.2,,61.4,,,,,,,,,,,,,,,,,,,,,,,,,,,,,66.3,54.3,,,,,55.5
REC01940,HR Officer,Education,Research,PhD,13,49.8,49.8,80.6,80.6,2,71.3,Intermediate,,,,,,,73.7,,63.1,,,,,,,,,,,,,,65.5,,,56.0,,,,,,,,,,,,,,70.6,,,,,,
REC01941,Research Officer,Education,Statistics Division,Bachelor,0,36.5,47.9,91.6,72.1,4,70.9,Intermediate,,,,,,,,,57.3,,53.6,,,,,,,,,,,,,,,,,,,,,,,,,,,,,73.1,57.0,,,,,55.3
REC01942,Data Analyst,Environment,Policy,Master,7,85.1,33.1,77.9,57.8,9,63.6,Developing,,,,,,,,,56.0,,43.7,,,,,,,,,,,,,,,,,,,,,,,,,,,,,,,,67.7,,51.2,69.1
REC01943,HR Officer,Public Policy,Administration,PhD,5,38.5,65.4,59.3,99.3,3,65.3,Intermediate,,,,,,,69.8,,55.7,,,,,,,,,,,,,,68.3,,,72.8,,,,,,,,,,,,,,61.4,,,,,,
REC01944,Finance Officer,Public Policy,DIID,Bachelor,11,83.2,69.5,68.3,78.4,3,66.8,Intermediate,66.8,,,,,,,,,,60.3,,,,,,,,69.3,58.7,,,,,,,,,,,,,,,,,,,,,,,,,,67.2
REC01945,AI Engineer,Cybersecurity,Statistics Division,PhD,6,52.0,28.9,66.3,78.0,3,60.1,Developing,,,,,,,,,,,,,54.2,,,,,,,,,,,,,,,,,41.6,,50.3,,,,,,,49.1,,,,,37.3,,
REC01946,Policy Analyst,Education,IT,Master,10,74.3,51.4,72.4,87.0,4,70.2,Intermediate,,,,,,,,,67.1,,,,,,,,,,,,,,,,,,,,,,,,,70.5,,,,,,60.6,67.7,,,,,71.5
REC01947,Education Officer,Biotechnology,Administration,Master,0,30.3,20.4,83.0,90.6,1,71.6,Intermediate,,,,68.3,,,62.4,,65.8,,,,,,,62.9,,,,,,,,,,,,65.7,,,,,,,,,,,,,,,,,,
REC01948,Administrative Officer,Artificial Intelligence,Policy,Master,3,62.2,66.1,79.1,69.9,2,66.9,Intermediate,,57.5,,,,,57.1,,60.4,,,,,,,,,,,,,,,,,,,,,,,,,,,,68.1,,,58.2,,,,,,
REC01949,Policy Analyst,Data Science,Policy,Bachelor,7,28.5,51.8,75.2,89.6,3,69.9,Intermediate,,,,,,,,,61.3,,,,,,,,,,,,,,,,,,,,,,,,,71.0,,,,,,79.8,53.8,,,,,76.0
REC01950,Education Officer,Agriculture,Policy,Master,6,61.6,45.9,68.8,75.1,4,63.7,Developing,,,,61.6,,,63.7,,62.3,,,,,,,60.7,,,,,,,,,,,,62.4,,,,,,,,,,,,,,,,,,
REC01951,Education Officer,Statistics,Policy,Master,3,88.2,54.1,73.0,87.9,2,70.6,Intermediate,,,,67.9,,,75.6,,59.7,,,,,,,55.9,,,,,,,,,,,,79.0,,,,,,,,,,,,,,,,,,
REC01952,Policy Analyst,Data Science,IT,PhD,4,32.3,42.6,100.0,87.1,3,81.2,Advanced,,,,,,,,,78.4,,,,,,,,,,,,,,,,,,,,,,,,,75.3,,,,,,78.0,74.8,,,,,73.3
REC01953,Legal Officer,Public Policy,Policy,Master,0,36.1,54.5,77.7,84.2,4,68.1,Intermediate,,,,,,,62.1,,,,,,,,,,,,,,,,,,,,,,62.1,,,,,54.7,,,,,,61.7,,64.6,,,,
REC01954,Agriculture Officer,Administration,Policy,Master,9,55.7,81.7,75.7,74.3,3,68.7,Intermediate,,,68.6,,,,,,73.2,,,,,,,,,,,,69.6,,,,,,,,,,,,,,,,,,,73.5,,,,,,63.0
REC01955,Biotechnology Faculty,Artificial Intelligence,Research,Master,0,16.6,33.7,73.7,68.4,3,60.3,Developing,,,,,67.6,,,,43.7,,,,,,,,,,,,,54.9,,,71.5,,,,,,45.0,,,,,,,,,,,,,,,
REC01956,AI Engineer,Computer Science,IT,Master,18,104.6,28.3,85.9,65.3,4,72.6,Intermediate,,,,,,,,,,,,,62.2,,,,,,,,,,,,,,,,,75.3,,69.4,,,,,,,67.6,,,,,63.7,,
REC01957,Public Health Officer,Agriculture,Policy,PhD,8,80.2,41.2,74.1,89.5,4,71.1,Intermediate,,,,,,62.4,,,60.5,,,,,,,,,72.4,,,,,,,,,,,,,,,,,,,,66.3,,67.7,,,,,,
REC01958,Data Analyst,Statistics,Data & Analytics,Bachelor,7,75.7,60.1,60.4,50.8,2,53.4,Developing,,,,,,,,,48.1,,54.6,,,,,,,,,,,,,,,,,,,,,,,,,,,,,,,,51.5,,49.9,58.0
REC01959,Education Officer,Administration,Data & Analytics,Bachelor,6,50.9,52.8,70.7,81.5,4,66.5,Intermediate,,,,78.4,,,62.1,,64.8,,,,,,,65.7,,,,,,,,,,,,63.1,,,,,,,,,,,,,,,,,,
REC01960,Environmental Officer,Data Science,Research,Master,2,33.1,40.6,84.6,46.1,4,60.1,Developing,,,,,,,,,64.6,,,,,,,,37.4,,,,59.8,,,,,,,,,,,,,,,,,,,43.7,,,,,,54.8
REC01961,Public Health Officer,Economics,Policy,Bachelor,12,97.2,59.9,100.0,72.2,3,81.1,Advanced,,,,,,67.5,,,80.8,,,,,,,,,74.1,,,,,,,,,,,,,,,,,,,,72.3,,65.3,,,,,,
REC01962,Administrative Officer,Environment,Data & Analytics,Master,4,78.3,20.9,78.2,67.3,5,65.1,Intermediate,,53.6,,,,,52.9,,70.0,,,,,,,,,,,,,,,,,,,,,,,,,,,,52.0,,,59.5,,,,,,
REC01963,Agriculture Officer,Finance,Policy,Master,4,28.0,39.6,66.7,74.1,1,60.1,Developing,,,53.1,,,,,,63.3,,,,,,,,,,,,54.9,,,,,,,,,,,,,,,,,,,58.4,,,,,,65.1
REC01964,Biotechnology Faculty,Agriculture,Policy,Bachelor,17,85.5,33.3,62.9,88.7,2,67.2,Intermediate,,,,,66.1,,,,67.0,,,,,,,,,,,,,65.1,,,69.2,,,,,,67.2,,,,,,,,,,,,,,,
REC01965,Environmental Officer,Finance,Statistics Division,Master,2,39.7,46.3,63.5,76.4,1,58.4,Developing,,,,,,,,,58.1,,,,,,,,40.8,,,,51.6,,,,,,,,,,,,,,,,,,,50.5,,,,,,51.3
REC01966,HR Officer,Public Policy,DIID,Master,17,101.4,43.5,86.4,57.8,2,71.7,Intermediate,,,,,,,86.5,,79.7,,,,,,,,,,,,,,69.5,,,63.2,,,,,,,,,,,,,,61.5,,,,,,
REC01967,Public Health Officer,Public Health,Policy,PhD,1,107.2,72.8,82.8,92.2,4,78.2,Intermediate,,,,,,81.6,,,70.2,,,,,,,,,78.6,,,,,,,,,,,,,,,,,,,,68.6,,72.5,,,,,,
REC01968,Economist,Cybersecurity,Research,Master,2,61.0,20.6,80.8,69.6,4,67.1,Intermediate,,,,,,,,,57.6,,,,,57.0,84.3,,,,,,,,,,,,,,,,,,,,,,,,,68.9,,,,,,61.7
REC01969,Research Officer,Data Science,Policy,Master,12,111.8,71.5,84.0,76.5,3,76.1,Intermediate,,,,,,,,,70.2,,70.5,,,,,,,,,,,,,,,,,,,,,,,,,,,,,84.2,69.6,,,,,72.4
REC01970,Research Officer,Cybersecurity,Data & Analytics,Bachelor,0,69.3,48.8,64.6,73.1,3,59.6,Developing,,,,,,,,,44.1,,59.9,,,,,,,,,,,,,,,,,,,,,,,,,,,,,57.1,49.6,,,,,55.0
REC01971,Software Engineer,Data Science,MoSPI,Bachelor,6,62.6,50.5,77.2,80.7,5,69.2,Intermediate,,,,,,,,,,,,,,,,,,,,,,,,66.6,,,,,,,,,,,,48.7,,,63.9,,,,57.1,80.7,,
REC01972,Project Manager,Data Science,MoSPI,PhD,0,56.3,52.1,44.0,67.0,1,46.6,Beginner,,,,,,,55.6,,47.8,,,,,,,,,,,,,,,,,,48.9,,,,,,,,,29.8,26.9,,,,,,,,,
REC01973,Finance Officer,Public Policy,Research,Bachelor,5,41.6,52.2,70.0,77.2,2,64.1,Developing,57.9,,,,,,,,,,58.2,,,,,,,,70.2,61.9,,,,,,,,,,,,,,,,,,,,,,,,,,70.7
REC01974,Environmental Officer,Public Policy,IT,Bachelor,13,48.0,12.8,81.1,60.5,3,64.5,Developing,,,,,,,,,55.5,,,,,,,,59.7,,,,56.1,,,,,,,,,,,,,,,,,,,62.9,,,,,,61.7
REC01975,Public Health Officer,Data Science,IT,Bachelor,3,58.1,25.2,55.5,71.7,2,54.8,Developing,,,,,,50.2,,,57.5,,,,,,,,,62.4,,,,,,,,,,,,,,,,,,,,56.3,,50.6,,,,,,
REC01976,Legal Officer,Environment,DIID,Bachelor,4,56.4,28.9,56.7,62.2,2,51.6,Developing,,,,,,,49.0,,,,,,,,,,,,,,,,,,,,,,49.9,,,,,45.8,,,,,,41.2,,43.2,,,,
REC01977,Research Officer,Environment,Policy,PhD,3,58.5,43.3,65.2,76.6,4,60.2,Developing,,,,,,,,,45.9,,53.7,,,,,,,,,,,,,,,,,,,,,,,,,,,,,54.4,52.0,,,,,48.5
REC01978,Database Administrator,Cybersecurity,Policy,Bachelor,5,31.9,19.8,84.2,87.5,2,72.7,Intermediate,,,,,,,,,,66.2,,70.6,,,,,,,,,,,,,,,,,,,,,,,,74.9,,,64.3,,,,70.0,,,
REC01979,Administrative Officer,Biotechnology,MoSPI,PhD,6,27.6,44.8,68.3,85.0,3,65.0,Intermediate,,77.5,,,,,67.2,,61.4,,,,,,,,,,,,,,,,,,,,,,,,,,,,61.9,,,63.6,,,,,,
REC01980,Project Manager,Agriculture,Research,Bachelor,13,75.5,63.7,69.0,77.8,3,67.0,Intermediate,,,,,,,67.3,,74.8,,,,,,,,,,,,,,,,,,63.2,,,,,,,,,71.4,56.1,,,,,,,,,
REC01981,Research Officer,Agriculture,IT,PhD,15,105.4,55.8,69.9,98.8,3,75.6,Intermediate,,,,,,,,,76.3,,71.4,,,,,,,,,,,,,,,,,,,,,,,,,,,,,84.7,85.8,,,,,66.6
REC01982,Economist,Education,DIID,Master,11,58.0,41.8,67.8,90.0,5,68.7,Intermediate,,,,,,,,,75.3,,,,,72.6,73.3,,,,,,,,,,,,,,,,,,,,,,,,,72.3,,,,,,65.3
REC01983,Software Engineer,Artificial Intelligence,Research,Bachelor,6,46.7,79.8,68.5,65.9,1,60.8,Developing,,,,,,,,,,,,,,,,,,,,,,,,71.6,,,,,,,,,,,,46.9,,,53.6,,,,57.0,60.1,,
REC01984,Economist,Agriculture,DIID,PhD,1,17.6,54.4,78.7,65.9,3,63.2,Developing,,,,,,,,,72.1,,,,,58.4,56.5,,,,,,,,,,,,,,,,,,,,,,,,,63.9,,,,,,50.8
REC01985,Cybersecurity Analyst,Administration,MoSPI,Bachelor,15,93.3,23.4,86.4,84.7,4,78.0,Intermediate,,,,,,,,74.9,75.7,,,,,,,,,,,,,,,,,,,,,,,,81.1,,,,,,73.9,,,76.6,,,,
REC01986,AI Engineer,Computer Science,IT,Master,0,58.2,78.1,87.4,63.3,2,69.6,Intermediate,,,,,,,,,,,,,59.6,,,,,,,,,,,,,,,,,61.7,,62.6,,,,,,,72.6,,,,,74.5,,
REC01987,Database Administrator,Artificial Intelligence,IT,Master,2,80.0,62.1,71.3,82.2,3,68.7,Intermediate,,,,,,,,,,67.6,,74.2,,,,,,,,,,,,,,,,,,,,,,,,71.0,,,69.2,,,,74.9,,,
REC01988,Project Manager,Agriculture,Policy,Bachelor,7,53.4,28.2,76.8,73.3,5,66.8,Intermediate,,,,,,,67.7,,58.2,,,,,,,,,,,,,,,,,,66.8,,,,,,,,,77.3,62.6,,,,,,,,,
REC01989,Environmental Officer,Environment,Training,Bachelor,8,33.2,14.7,60.7,72.7,3,56.1,Developing,,,,,,,,,50.1,,,,,,,,45.7,,,,49.2,,,,,,,,,,,,,,,,,,,56.5,,,,,,59.3
REC01990,Biotechnology Faculty,Artificial Intelligence,Administration,Bachelor,5,63.4,55.1,37.6,85.9,4,50.3,Developing,,,,,63.9,,,,37.8,,,,,,,,,,,,,37.6,,,55.2,,,,,,42.6,,,,,,,,,,,,,,,
REC01991,Legal Officer,Cybersecurity,Policy,PhD,9,47.0,44.0,99.5,100.0,2,85.4,Advanced,,,,,,,80.6,,,,,,,,,,,,,,,,,,,,,,65.5,,,,,61.8,,,,,,87.3,,81.3,,,,
REC01992,Administrative Officer,Agriculture,Policy,Master,13,77.1,25.7,78.5,74.1,6,69.3,Intermediate,,61.0,,,,,73.2,,63.4,,,,,,,,,,,,,,,,,,,,,,,,,,,,75.6,,,55.2,,,,,,
REC01993,AI Engineer,Artificial Intelligence,DIID,Bachelor,11,46.2,69.1,70.5,87.9,5,68.8,Intermediate,,,,,,,,,,,,,65.6,,,,,,,,,,,,,,,,,61.6,,63.8,,,,,,,70.1,,,,,72.8,,
REC01994,AI Engineer,Computer Science,Training,Master,2,62.8,50.5,83.7,54.7,3,64.7,Developing,,,,,,,,,,,,,59.3,,,,,,,,,,,,,,,,,61.2,,65.9,,,,,,,54.8,,,,,59.9,,
REC01995,Policy Analyst,Public Policy,Statistics Division,Master,1,30.7,35.3,64.9,75.7,4,59.3,Developing,,,,,,,,,46.4,,,,,,,,,,,,,,,,,,,,,,,,,59.4,,,,,,59.5,62.5,,,,,64.2
REC01996,Statistical Officer,Public Policy,MoSPI,Bachelor,6,59.7,45.6,75.7,80.2,1,68.1,Intermediate,,,,,,,,,60.0,,62.2,,,,,,,,,,,,,,,,,,,,,,,,60.2,,,,,,,,,,71.8,60.0
REC01997,Legal Officer,Agriculture,IT,Master,10,55.3,43.8,92.4,84.5,4,78.8,Intermediate,,,,,,,71.5,,,,,,,,,,,,,,,,,,,,,,63.2,,,,,69.0,,,,,,94.6,,79.0,,,,
REC01998,Data Analyst,Data Science,Statistics Division,Master,8,53.7,49.3,81.8,55.9,5,65.2,Intermediate,,,,,,,,,57.1,,72.0,,,,,,,,,,,,,,,,,,,,,,,,,,,,,,,,62.5,,72.0,64.4
REC01999,Data Analyst,Statistics,Administration,Bachelor,4,63.8,51.2,71.9,69.0,1,62.8,Developing,,,,,,,,,60.4,,55.4,,,,,,,,,,,,,,,,,,,,,,,,,,,,,,,,59.6,,54.4,55.6
REC02000,Statistical Officer,Administration,Administration,Master,12,109.6,74.8,87.3,69.1,2,75.7,Intermediate,,,,,,,,,75.2,,71.7,,,,,,,,,,,,,,,,,,,,,,,,73.5,,,,,,,,,,66.8,77.1
REC02001,Policy Analyst,Finance,Research,Bachelor,12,102.9,48.9,86.7,73.6,1,75.8,Intermediate,,,,,,,,,75.8,,,,,,,,,,,,,,,,,,,,,,,,,79.9,,,,,,70.7,74.4,,,,,70.2
REC02002,Data Analyst,Public Policy,Administration,Master,12,63.5,70.7,62.2,97.4,5,68.6,Intermediate,,,,,,,,,65.6,,64.8,,,,,,,,,,,,,,,,,,,,,,,,,,,,,,,,74.9,,68.1,68.9
REC02003,Data Scientist,Finance,MoSPI,Master,3,71.3,71.1,73.4,78.1,2,67.6,Intermediate,,,,,,,,,67.1,,65.0,,,,,,,,,,,,,,,,,,,56.2,,,,,,,,,69.0,,,,,,,68.3
REC02004,Research Officer,Biotechnology,Research,Master,8,102.8,66.6,96.5,94.7,1,87.0,Advanced,,,,,,,,,80.8,,86.0,,,,,,,,,,,,,,,,,,,,,,,,,,,,,94.7,76.8,,,,,87.3
REC02005,Biotechnology Faculty,Cybersecurity,DIID,Master,8,13.6,19.6,59.0,79.1,3,56.5,Developing,,,,,48.8,,,,44.0,,,,,,,,,,,,,61.8,,,56.1,,,,,,60.4,,,,,,,,,,,,,,,
REC02006,Statistical Officer,Education,Administration,PhD,6,75.4,40.8,78.6,72.3,7,68.0,Intermediate,,,,,,,,,50.4,,75.9,,,,,,,,,,,,,,,,,,,,,,,,60.2,,,,,,,,,,63.5,65.7
REC02007,Data Analyst,Finance,Administration,Master,7,68.3,61.2,71.8,79.3,1,67.1,Intermediate,,,,,,,,,61.0,,64.3,,,,,,,,,,,,,,,,,,,,,,,,,,,,,,,,62.0,,61.6,70.8
REC02008,Cybersecurity Analyst,Economics,DIID,Master,9,59.1,36.5,87.8,68.6,5,72.0,Intermediate,,,,,,,,73.5,73.9,,,,,,,,,,,,,,,,,,,,,,,,73.5,,,,,,72.6,,,64.1,,,,
REC02009,Education Officer,Environment,DIID,Bachelor,5,72.6,35.1,68.8,62.5,2,59.3,Developing,,,,55.1,,,51.0,,53.5,,,,,,,56.1,,,,,,,,,,,,51.8,,,,,,,,,,,,,,,,,,
REC02010,Legal Officer,Public Policy,Administration,Master,6,70.4,43.0,71.5,80.8,2,65.8,Intermediate,,,,,,,62.4,,,,,,,,,,,,,,,,,,,,,,51.1,,,,,56.2,,,,,,59.8,,52.8,,,,
REC02011,Policy Analyst,Agriculture,Statistics Division,Bachelor,0,61.1,67.9,82.9,71.0,2,70.1,Intermediate,,,,,,,,,75.5,,,,,,,,,,,,,,,,,,,,,,,,,75.2,,,,,,66.3,74.0,,,,,64.5
REC02012,Biotechnology Faculty,Agriculture,DIID,Master,2,61.0,58.3,53.9,72.3,2,54.7,Developing,,,,,62.5,,,,60.1,,,,,,,,,,,,,50.3,,,48.4,,,,,,45.3,,,,,,,,,,,,,,,
REC02013,Agriculture Officer,Statistics,Training,Bachelor,9,58.7,34.3,62.8,93.7,4,65.9,Intermediate,,,61.9,,,,,,60.9,,,,,,,,,,,,70.7,,,,,,,,,,,,,,,,,,,56.9,,,,,,71.7
REC02014,Public Health Officer,Cybersecurity,IT,PhD,1,56.1,51.9,69.5,74.6,2,61.7,Developing,,,,,,45.6,,,63.4,,,,,,,,,54.8,,,,,,,,,,,,,,,,,,,,47.0,,50.4,,,,,,
REC02015,Legal Officer,Administration,IT,PhD,6,74.9,54.4,74.4,88.0,2,71.9,Intermediate,,,,,,,74.6,,,,,,,,,,,,,,,,,,,,,,76.5,,,,,73.7,,,,,,71.2,,70.3,,,,
REC02016,Environmental Officer,Public Health,Data & Analytics,Bachelor,4,15.4,43.1,55.2,93.8,1,58.5,Developing,,,,,,,,,55.2,,,,,,,,47.7,,,,47.0,,,,,,,,,,,,,,,,,,,62.0,,,,,,54.2
REC02017,Research Officer,Administration,IT,Master,14,18.5,37.0,100.0,62.0,7,74.8,Intermediate,,,,,,,,,76.2,,72.9,,,,,,,,,,,,,,,,,,,,,,,,,,,,,66.2,62.6,,,,,83.0
REC02018,Economist,Environment,Training,Bachelor,0,39.5,36.6,95.6,88.2,2,79.6,Intermediate,,,,,,,,,78.6,,,,,86.1,82.2,,,,,,,,,,,,,,,,,,,,,,,,,79.8,,,,,,69.4
REC02019,Education Officer,Statistics,Training,Bachelor,3,22.3,18.4,95.2,70.7,4,71.5,Intermediate,,,,60.8,,,54.7,,59.6,,,,,,,66.5,,,,,,,,,,,,65.3,,,,,,,,,,,,,,,,,,
REC02020,Project Manager,Artificial Intelligence,Statistics Division,Master,6,37.9,29.3,91.4,82.1,1,76.0,Intermediate,,,,,,,75.9,,75.2,,,,,,,,,,,,,,,,,,76.9,,,,,,,,,68.7,77.5,,,,,,,,,
REC02021,Education Officer,Environment,Administration,Master,6,35.5,32.8,79.2,79.6,6,68.7,Intermediate,,,,56.4,,,74.1,,70.2,,,,,,,66.1,,,,,,,,,,,,66.8,,,,,,,,,,,,,,,,,,
REC02022,Data Analyst,Public Health,Research,Bachelor,2,48.2,46.5,62.1,90.9,1,63.7,Developing,,,,,,,,,59.1,,67.3,,,,,,,,,,,,,,,,,,,,,,,,,,,,,,,,61.3,,56.1,71.9
REC02023,AI Engineer,Data Science,Research,Master,16,81.5,17.7,87.6,60.1,2,70.0,Intermediate,,,,,,,,,,,,,77.1,,,,,,,,,,,,,,,,,57.8,,62.4,,,,,,,59.9,,,,,63.7,,
REC02024,Agriculture Officer,Artificial Intelligence,MoSPI,Master,11,39.3,28.2,90.0,78.0,1,74.6,Intermediate,,,80.4,,,,,,64.9,,,,,,,,,,,,67.8,,,,,,,,,,,,,,,,,,,79.1,,,,,,69.6
REC02025,Data Scientist,Biotechnology,Training,Master,7,82.8,47.2,95.9,57.5,3,73.3,Intermediate,,,,,,,,,70.5,,64.5,,,,,,,,,,,,,,,,,,,68.6,,,,,,,,,70.5,,,,,,,60.1
REC02026,Public Health Officer,Biotechnology,MoSPI,Bachelor,2,27.4,26.2,74.3,65.8,1,60.5,Developing,,,,,,49.8,,,57.5,,,,,,,,,50.5,,,,,,,,,,,,,,,,,,,,60.9,,64.0,,,,,,
REC02027,Education Officer,Data Science,Research,Master,5,58.7,45.0,65.3,93.0,3,67.3,Intermediate,,,,79.6,,,64.8,,74.8,,,,,,,63.6,,,,,,,,,,,,61.1,,,,,,,,,,,,,,,,,,
REC02028,Project Manager,Administration,Research,Bachelor,6,51.6,47.0,82.2,60.6,1,65.7,Intermediate,,,,,,,66.6,,51.6,,,,,,,,,,,,,,,,,,55.8,,,,,,,,,64.9,73.0,,,,,,,,,
REC02029,Agriculture Officer,Finance,IT,Master,13,77.0,45.3,90.8,85.4,2,79.0,Intermediate,,,75.4,,,,,,73.8,,,,,,,,,,,,63.6,,,,,,,,,,,,,,,,,,,62.7,,,,,,80.0
REC02030,AI Engineer,Data Science,IT,Master,2,51.9,62.7,88.6,74.4,1,73.0,Intermediate,,,,,,,,,,,,,66.8,,,,,,,,,,,,,,,,,77.3,,68.0,,,,,,,71.0,,,,,65.2,,
REC02031,HR Officer,Statistics,Administration,PhD,11,62.0,42.6,59.4,75.1,1,58.9,Developing,,,,,,,53.3,,47.2,,,,,,,,,,,,,,69.2,,,50.2,,,,,,,,,,,,,,53.8,,,,,,
REC02032,Environmental Officer,Administration,Statistics Division,Master,1,65.7,34.6,54.5,50.5,2,47.3,Beginner,,,,,,,,,32.9,,,,,,,,49.4,,,,43.5,,,,,,,,,,,,,,,,,,,38.8,,,,,,45.1
REC02033,Administrative Officer,Artificial Intelligence,Statistics Division,Master,5,46.6,51.0,75.5,84.5,1,69.3,Intermediate,,71.1,,,,,62.3,,64.5,,,,,,,,,,,,,,,,,,,,,,,,,,,,72.9,,,69.6,,,,,,
REC02034,Administrative Officer,Artificial Intelligence,DIID,Master,6,44.3,72.7,87.1,80.0,1,74.7,Intermediate,,73.2,,,,,77.3,,80.5,,,,,,,,,,,,,,,,,,,,,,,,,,,,63.4,,,71.7,,,,,,
REC02035,AI Engineer,Data Science,Policy,Bachelor,7,27.2,17.4,60.2,81.8,2,58.4,Developing,,,,,,,,,,,,,47.8,,,,,,,,,,,,,,,,,64.8,,46.4,,,,,,,53.2,,,,,66.7,,
REC02036,Statistical Officer,Biotechnology,Training,Bachelor,5,39.5,42.8,77.6,83.2,2,69.1,Intermediate,,,,,,,,,70.2,,68.1,,,,,,,,,,,,,,,,,,,,,,,,61.8,,,,,,,,,,65.8,63.9
REC02037,Policy Analyst,Administration,Statistics Division,Bachelor,0,33.6,38.4,74.4,77.9,4,64.4,Developing,,,,,,,,,51.7,,,,,,,,,,,,,,,,,,,,,,,,,61.9,,,,,,51.8,64.8,,,,,70.9
REC02038,Finance Officer,Statistics,MoSPI,Bachelor,10,58.1,46.2,82.3,75.7,4,70.9,Intermediate,62.9,,,,,,,,,,67.7,,,,,,,,75.2,63.9,,,,,,,,,,,,,,,,,,,,,,,,,,64.8
REC02039,Economist,Administration,DIID,Bachelor,8,31.2,37.6,76.4,65.8,2,62.4,Developing,,,,,,,,,64.5,,,,,48.9,59.8,,,,,,,,,,,,,,,,,,,,,,,,,53.3,,,,,,49.2
REC02040,Agriculture Officer,Environment,IT,Bachelor,0,41.0,16.8,69.6,76.1,2,60.9,Developing,,,58.5,,,,,,61.3,,,,,,,,,,,,49.5,,,,,,,,,,,,,,,,,,,55.1,,,,,,53.0
REC02041,Biotechnology Faculty,Public Health,Policy,Master,6,105.1,44.2,75.6,84.0,2,72.2,Intermediate,,,,,74.7,,,,84.0,,,,,,,,,,,,,82.7,,,59.9,,,,,,56.0,,,,,,,,,,,,,,,
REC02042,Education Officer,Environment,Research,PhD,0,43.8,33.3,81.7,100.0,6,75.5,Intermediate,,,,67.1,,,67.6,,79.3,,,,,,,73.4,,,,,,,,,,,,78.9,,,,,,,,,,,,,,,,,,
REC02043,Public Health Officer,Administration,Policy,PhD,0,34.8,22.4,68.2,57.6,1,55.0,Developing,,,,,,54.9,,,57.6,,,,,,,,,41.9,,,,,,,,,,,,,,,,,,,,48.6,,56.4,,,,,,
REC02044,Legal Officer,Economics,IT,Bachelor,7,104.2,56.3,80.1,70.4,3,70.1,Intermediate,,,,,,,61.5,,,,,,,,,,,,,,,,,,,,,,61.3,,,,,75.6,,,,,,60.4,,58.6,,,,
REC02045,Research Officer,Administration,Research,Bachelor,12,84.2,73.1,91.0,73.4,2,77.9,Intermediate,,,,,,,,,82.0,,77.1,,,,,,,,,,,,,,,,,,,,,,,,,,,,,75.6,75.9,,,,,75.9
REC02046,Software Engineer,Data Science,MoSPI,Master,9,144.8,57.7,60.8,74.8,5,64.6,Developing,,,,,,,,,,,,,,,,,,,,,,,,64.3,,,,,,,,,,,,54.0,,,57.8,,,,67.2,76.2,,
REC02047,Software Engineer,Artificial Intelligence,Statistics Division,Master,6,113.5,55.4,75.2,45.8,4,61.4,Developing,,,,,,,,,,,,,,,,,,,,,,,,56.0,,,,,,,,,,,,61.6,,,59.6,,,,72.3,51.3,,
REC02048,Software Engineer,Artificial Intelligence,Statistics Division,Bachelor,1,90.0,53.0,75.2,46.9,1,59.4,Developing,,,,,,,,,,,,,,,,,,,,,,,,65.1,,,,,,,,,,,,46.6,,,64.8,,,,53.6,49.9,,
REC02049,Data Scientist,Education,Administration,Master,9,42.6,46.2,82.5,65.3,5,67.2,Intermediate,,,,,,,,,65.9,,67.4,,,,,,,,,,,,,,,,,,,67.4,,,,,,,,,61.8,,,,,,,58.7
REC02050,Software Engineer,Computer Science,DIID,Master,9,69.7,45.0,64.8,79.3,2,63.2,Developing,,,,,,,,,,,,,,,,,,,,,,,,59.4,,,,,,,,,,,,51.8,,,61.6,,,,67.6,54.9,,
REC02051,AI Engineer,Cybersecurity,Data & Analytics,Bachelor,3,33.5,40.2,47.0,38.0,3,38.9,Beginner,,,,,,,,,,,,,39.1,,,,,,,,,,,,,,,,,39.1,,21.0,,,,,,,36.5,,,,,43.4,,
REC02052,Economist,Data Science,DIID,PhD,4,82.9,41.0,81.1,87.0,6,73.6,Intermediate,,,,,,,,,61.1,,,,,68.9,65.5,,,,,,,,,,,,,,,,,,,,,,,,,73.5,,,,,,71.4
REC02053,Environmental Officer,Finance,Training,PhD,9,51.3,43.3,87.6,80.7,2,74.9,Intermediate,,,,,,,,,74.7,,,,,,,,59.9,,,,81.2,,,,,,,,,,,,,,,,,,,72.3,,,,,,74.5
REC02054,Data Analyst,Environment,Statistics Division,Master,9,85.7,32.1,96.5,62.6,3,74.9,Intermediate,,,,,,,,,69.3,,58.0,,,,,,,,,,,,,,,,,,,,,,,,,,,,,,,,77.7,,69.8,62.3
REC02055,Administrative Officer,Administration,IT,Bachelor,12,93.5,59.1,84.3,72.8,4,74.0,Intermediate,,62.5,,,,,68.2,,78.1,,,,,,,,,,,,,,,,,,,,,,,,,,,,73.4,,,77.9,,,,,,
REC02056,Research Officer,Public Health,Statistics Division,PhD,4,40.0,35.4,58.0,87.6,1,59.8,Developing,,,,,,,,,65.1,,44.4,,,,,,,,,,,,,,,,,,,,,,,,,,,,,63.2,50.0,,,,,65.7
REC02057,Environmental Officer,Statistics,DIID,Master,12,84.7,59.7,74.0,65.2,6,66.5,Intermediate,,,,,,,,,71.2,,,,,,,,57.9,,,,75.8,,,,,,,,,,,,,,,,,,,65.6,,,,,,68.9
REC02058,Policy Analyst,Biotechnology,Statistics Division,Master,12,66.7,33.3,69.8,100.0,2,72.0,Intermediate,,,,,,,,,61.4,,,,,,,,,,,,,,,,,,,,,,,,,77.0,,,,,,63.7,64.6,,,,,77.3
REC02059,Database Administrator,Computer Science,Training,Master,9,67.8,27.4,63.2,66.0,3,58.1,Developing,,,,,,,,,,53.0,,48.1,,,,,,,,,,,,,,,,,,,,,,,,55.2,,,58.9,,,,62.7,,,
REC02060,Finance Officer,Statistics,Statistics Division,Master,4,50.2,16.8,92.6,70.3,1,72.0,Intermediate,62.1,,,,,,,,,,63.0,,,,,,,,69.3,64.0,,,,,,,,,,,,,,,,,,,,,,,,,,63.1
REC02061,Database Administrator,Cybersecurity,Administration,Bachelor,3,62.8,46.4,66.9,69.9,1,59.9,Developing,,,,,,,,,,59.1,,48.6,,,,,,,,,,,,,,,,,,,,,,,,49.4,,,49.3,,,,60.2,,,
REC02062,Education Officer,Education,Policy,Master,0,44.4,34.8,85.8,96.9,1,75.9,Intermediate,,,,71.9,,,69.6,,58.9,,,,,,,69.3,,,,,,,,,,,,73.1,,,,,,,,,,,,,,,,,,
REC02063,Economist,Public Health,DIID,PhD,9,65.1,31.6,92.8,72.6,3,74.4,Intermediate,,,,,,,,,65.0,,,,,66.6,70.7,,,,,,,,,,,,,,,,,,,,,,,,,65.4,,,,,,56.4
REC02064,Research Officer,Data Science,DIID,Master,0,36.5,43.0,65.2,74.5,3,59.2,Developing,,,,,,,,,57.4,,55.3,,,,,,,,,,,,,,,,,,,,,,,,,,,,,61.6,50.9,,,,,58.3
REC02065,Project Manager,Public Policy,Policy,PhD,5,34.4,25.3,70.0,77.9,3,63.1,Developing,,,,,,,64.8,,59.5,,,,,,,,,,,,,,,,,,54.6,,,,,,,,,68.0,63.4,,,,,,,,,
REC02066,HR Officer,Public Policy,IT,Master,4,47.5,21.1,66.8,67.6,4,58.4,Developing,,,,,,,55.6,,50.8,,,,,,,,,,,,,,61.0,,,51.9,,,,,,,,,,,,,,58.3,,,,,,
REC02067,Policy Analyst,Administration,Statistics Division,Master,3,76.7,56.3,77.4,81.2,3,70.7,Intermediate,,,,,,,,,65.1,,,,,,,,,,,,,,,,,,,,,,,,,69.5,,,,,,72.9,68.3,,,,,70.5
REC02068,Agriculture Officer,Statistics,Data & Analytics,Bachelor,3,84.8,46.3,72.4,80.2,4,67.7,Intermediate,,,62.5,,,,,,62.0,,,,,,,,,,,,65.9,,,,,,,,,,,,,,,,,,,73.7,,,,,,63.0
REC02069,Administrative Officer,Environment,Research,Master,8,87.9,32.8,75.8,57.6,2,62.5,Developing,,56.0,,,,,57.6,,54.3,,,,,,,,,,,,,,,,,,,,,,,,,,,,55.6,,,52.3,,,,,,
REC02070,Data Analyst,Statistics,DIID,Master,9,76.4,34.8,82.1,69.3,1,69.8,Intermediate,,,,,,,,,65.4,,61.9,,,,,,,,,,,,,,,,,,,,,,,,,,,,,,,,74.8,,68.2,68.7
REC02071,Economist,Agriculture,MoSPI,Master,7,22.2,56.8,60.7,65.5,4,55.3,Developing,,,,,,,,,50.7,,,,,60.0,55.5,,,,,,,,,,,,,,,,,,,,,,,,,53.0,,,,,,60.5
REC02072,Project Manager,Education,Policy,Master,1,52.4,64.2,82.4,74.8,4,69.1,Intermediate,,,,,,,64.3,,61.7,,,,,,,,,,,,,,,,,,65.8,,,,,,,,,64.8,50.6,,,,,,,,,
REC02073,Biotechnology Faculty,Data Science,Policy,Master,0,47.4,48.5,97.0,71.6,2,74.9,Intermediate,,,,,73.7,,,,66.4,,,,,,,,,,,,,63.7,,,70.2,,,,,,60.6,,,,,,,,,,,,,,,
REC02074,Agriculture Officer,Statistics,MoSPI,PhD,9,68.2,42.2,76.2,81.8,1,70.0,Intermediate,,,70.5,,,,,,57.5,,,,,,,,,,,,66.2,,,,,,,,,,,,,,,,,,,65.1,,,,,,76.6
REC02075,Economist,Public Health,Data & Analytics,PhD,0,51.0,64.2,66.0,61.3,3,56.0,Developing,,,,,,,,,44.1,,,,,39.2,56.6,,,,,,,,,,,,,,,,,,,,,,,,,51.7,,,,,,44.3
REC02076,Project Manager,Statistics,MoSPI,Master,12,68.6,34.7,68.4,66.8,2,62.0,Developing,,,,,,,65.9,,55.5,,,,,,,,,,,,,,,,,,62.6,,,,,,,,,59.0,62.4,,,,,,,,,
REC02077,Statistical Officer,Public Health,Training,Bachelor,2,78.8,58.7,78.4,79.9,1,69.7,Intermediate,,,,,,,,,66.0,,60.1,,,,,,,,,,,,,,,,,,,,,,,,67.8,,,,,,,,,,58.5,56.0
REC02078,Cybersecurity Analyst,Biotechnology,Research,Master,6,54.4,32.9,79.7,81.9,5,71.0,Intermediate,,,,,,,,68.6,82.0,,,,,,,,,,,,,,,,,,,,,,,,74.0,,,,,,67.8,,,64.3,,,,
REC02079,Economist,Economics,Administration,Bachelor,4,67.9,2.0,84.5,84.5,2,72.3,Intermediate,,,,,,,,,62.1,,,,,63.7,67.1,,,,,,,,,,,,,,,,,,,,,,,,,55.4,,,,,,72.5
REC02080,Education Officer,Administration,Administration,Master,6,43.4,16.8,71.1,76.0,3,62.3,Developing,,,,61.4,,,57.9,,43.3,,,,,,,51.5,,,,,,,,,,,,60.9,,,,,,,,,,,,,,,,,,
REC02081,Statistical Officer,Environment,Administration,Master,6,52.8,57.9,89.6,65.9,4,71.5,Intermediate,,,,,,,,,68.8,,59.4,,,,,,,,,,,,,,,,,,,,,,,,70.3,,,,,,,,,,68.5,72.5
REC02082,Public Health Officer,Data Science,Policy,PhD,3,43.0,39.6,75.8,75.2,3,65.5,Intermediate,,,,,,63.6,,,58.4,,,,,,,,,66.9,,,,,,,,,,,,,,,,,,,,62.1,,58.3,,,,,,
REC02083,Data Scientist,Data Science,DIID,Master,6,30.9,27.2,90.5,97.1,2,78.5,Intermediate,,,,,,,,,69.5,,73.5,,,,,,,,,,,,,,,,,,,73.1,,,,,,,,,58.1,,,,,,,83.8
REC02084,Finance Officer,Public Policy,Training,Bachelor,4,81.4,44.0,90.5,89.8,5,80.1,Advanced,81.3,,,,,,,,,,73.9,,,,,,,,82.8,78.8,,,,,,,,,,,,,,,,,,,,,,,,,,73.7
REC02085,Biotechnology Faculty,Cybersecurity,IT,Bachelor,11,33.1,48.8,89.4,78.3,1,74.7,Intermediate,,,,,74.3,,,,75.0,,,,,,,,,,,,,67.7,,,65.5,,,,,,80.1,,,,,,,,,,,,,,,
REC02086,AI Engineer,Data Science,DIID,Master,7,50.7,13.9,79.4,77.3,6,67.4,Intermediate,,,,,,,,,,,,,55.5,,,,,,,,,,,,,,,,,56.0,,64.6,,,,,,,50.5,,,,,71.0,,
REC02087,Database Administrator,Artificial Intelligence,Statistics Division,Master,1,29.2,16.1,77.7,64.7,3,60.0,Developing,,,,,,,,,,42.2,,40.7,,,,,,,,,,,,,,,,,,,,,,,,52.9,,,54.8,,,,44.6,,,
REC02088,Environmental Officer,Biotechnology,Research,Master,11,59.9,66.5,65.3,50.6,2,56.0,Developing,,,,,,,,,61.7,,,,,,,,44.8,,,,52.9,,,,,,,,,,,,,,,,,,,61.1,,,,,,56.1
REC02089,HR Officer,Environment,IT,Master,8,38.2,35.8,68.8,99.0,4,69.2,Intermediate,,,,,,,68.5,,70.0,,,,,,,,,,,,,,63.5,,,63.0,,,,,,,,,,,,,,67.8,,,,,,
REC02090,Database Administrator,Artificial Intelligence,Research,Bachelor,13,110.6,80.3,70.0,75.0,2,68.9,Intermediate,,,,,,,,,,62.7,,68.7,,,,,,,,,,,,,,,,,,,,,,,,63.3,,,73.6,,,,69.3,,,
REC02091,Finance Officer,Data Science,Data & Analytics,Bachelor,0,33.8,59.0,65.5,57.3,6,53.4,Developing,44.0,,,,,,,,,,42.9,,,,,,,,45.7,46.4,,,,,,,,,,,,,,,,,,,,,,,,,,43.4
REC02092,Finance Officer,Economics,Research,Master,6,31.2,56.8,87.2,92.8,6,76.6,Intermediate,57.3,,,,,,,,,,68.5,,,,,,,,79.6,77.0,,,,,,,,,,,,,,,,,,,,,,,,,,70.7
REC02093,Project Manager,Public Policy,IT,Master,0,81.2,59.1,59.4,78.0,1,59.6,Developing,,,,,,,58.3,,64.6,,,,,,,,,,,,,,,,,,56.2,,,,,,,,,46.8,50.8,,,,,,,,,
REC02094,Data Analyst,Artificial Intelligence,Administration,Bachelor,4,47.3,62.5,58.8,78.6,6,59.1,Developing,,,,,,,,,72.3,,48.4,,,,,,,,,,,,,,,,,,,,,,,,,,,,,,,,53.2,,62.9,58.0
REC02095,Agriculture Officer,Administration,Data & Analytics,Bachelor,14,82.1,48.3,83.9,78.9,4,75.9,Intermediate,,,71.6,,,,,,89.0,,,,,,,,,,,,79.6,,,,,,,,,,,,,,,,,,,77.8,,,,,,79.4
REC02096,Project Manager,Public Health,IT,Master,19,96.2,62.3,51.4,92.8,1,64.1,Developing,,,,,,,68.1,,60.2,,,,,,,,,,,,,,,,,,66.1,,,,,,,,,62.2,66.4,,,,,,,,,
REC02097,Data Scientist,Data Science,Training,Bachelor,2,47.3,48.0,52.1,74.6,3,53.3,Developing,,,,,,,,,51.4,,56.4,,,,,,,,,,,,,,,,,,,41.5,,,,,,,,,44.5,,,,,,,61.1
REC02098,Biotechnology Faculty,Public Health,Statistics Division,Bachelor,13,83.8,49.2,81.9,68.7,1,71.1,Intermediate,,,,,65.4,,,,73.2,,,,,,,,,,,,,60.5,,,70.9,,,,,,82.5,,,,,,,,,,,,,,,
REC02099,Agriculture Officer,Artificial Intelligence,Statistics Division,Master,11,36.5,43.6,85.4,87.6,4,75.4,Intermediate,,,76.9,,,,,,71.9,,,,,,,,,,,,73.2,,,,,,,,,,,,,,,,,,,71.8,,,,,,72.8
REC02100,Finance Officer,Economics,Policy,Master,7,74.2,43.2,93.8,57.4,2,72.2,Intermediate,80.4,,,,,,,,,,69.1,,,,,,,,70.2,64.4,,,,,,,,,,,,,,,,,,,,,,,,,,61.6
REC02101,Software Engineer,Data Science,Statistics Division,Master,6,71.9,42.8,96.4,70.8,3,76.9,Intermediate,,,,,,,,,,,,,,,,,,,,,,,,72.9,,,,,,,,,,,,69.5,,,70.5,,,,86.5,61.1,,
REC02102,Finance Officer,Economics,IT,Master,4,69.1,29.4,74.7,58.3,2,60.9,Developing,60.6,,,,,,,,,,47.2,,,,,,,,57.9,65.3,,,,,,,,,,,,,,,,,,,,,,,,,,51.6
REC02103,HR Officer,Statistics,DIID,PhD,5,68.7,31.2,51.3,59.3,4,49.3,Beginner,,,,,,,56.6,,34.3,,,,,,,,,,,,,,46.9,,,52.4,,,,,,,,,,,,,,43.4,,,,,,
REC02104,Education Officer,Biotechnology,Research,Master,10,34.8,31.8,88.0,72.5,3,71.3,Intermediate,,,,66.6,,,62.6,,63.8,,,,,,,73.6,,,,,,,,,,,,69.0,,,,,,,,,,,,,,,,,,
REC02105,Project Manager,Biotechnology,Data & Analytics,Bachelor,7,61.4,65.6,99.3,74.8,6,79.5,Intermediate,,,,,,,72.4,,75.8,,,,,,,,,,,,,,,,,,71.4,,,,,,,,,67.5,75.9,,,,,,,,,
REC02106,Public Health Officer,Economics,Training,Bachelor,5,33.1,57.1,70.7,76.4,1,63.9,Developing,,,,,,52.6,,,69.7,,,,,,,,,69.1,,,,,,,,,,,,,,,,,,,,57.8,,65.8,,,,,,
REC02107,Policy Analyst,Education,IT,Bachelor,9,60.3,33.3,88.4,78.6,1,74.9,Intermediate,,,,,,,,,74.4,,,,,,,,,,,,,,,,,,,,,,,,,59.9,,,,,,79.8,75.5,,,,,73.0
REC02108,Public Health Officer,Agriculture,IT,Bachelor,5,63.6,37.9,74.6,63.0,3,62.2,Developing,,,,,,61.5,,,69.2,,,,,,,,,54.5,,,,,,,,,,,,,,,,,,,,51.1,,46.5,,,,,,
REC02109,Legal Officer,Environment,Administration,Master,3,62.8,61.6,77.8,74.4,3,68.0,Intermediate,,,,,,,55.7,,,,,,,,,,,,,,,,,,,,,,71.6,,,,,64.3,,,,,,61.2,,71.4,,,,
REC02110,Database Administrator,Computer Science,MoSPI,Master,11,48.0,34.7,76.1,56.3,2,61.5,Developing,,,,,,,,,,66.6,,66.2,,,,,,,,,,,,,,,,,,,,,,,,53.6,,,49.5,,,,58.8,,,
REC02111,Administrative Officer,Public Policy,MoSPI,Master,10,54.3,51.5,77.7,51.0,6,61.2,Developing,,49.4,,,,,61.5,,65.8,,,,,,,,,,,,,,,,,,,,,,,,,,,,57.9,,,50.7,,,,,,
REC02112,Policy Analyst,Public Health,Policy,Master,5,8.7,51.6,88.4,67.7,4,68.7,Intermediate,,,,,,,,,69.2,,,,,,,,,,,,,,,,,,,,,,,,,57.2,,,,,,61.5,72.0,,,,,63.4
REC02113,Finance Officer,Finance,IT,Bachelor,7,46.3,54.1,83.1,79.8,4,70.5,Intermediate,57.2,,,,,,,,,,56.7,,,,,,,,61.8,53.6,,,,,,,,,,,,,,,,,,,,,,,,,,69.7
REC02114,Database Administrator,Computer Science,Training,Master,9,61.7,42.8,70.1,83.4,4,66.7,Intermediate,,,,,,,,,,72.0,,50.2,,,,,,,,,,,,,,,,,,,,,,,,70.3,,,59.6,,,,62.0,,,
REC02115,Education Officer,Economics,Data & Analytics,Master,13,91.1,55.0,72.4,61.8,4,65.0,Developing,,,,61.6,,,59.0,,65.0,,,,,,,66.5,,,,,,,,,,,,79.8,,,,,,,,,,,,,,,,,,
REC02116,Statistical Officer,Data Science,Data & Analytics,PhD,11,50.0,32.4,59.9,58.9,2,54.5,Developing,,,,,,,,,56.4,,55.0,,,,,,,,,,,,,,,,,,,,,,,,54.4,,,,,,,,,,64.7,50.7
REC02117,Data Scientist,Cybersecurity,Administration,Bachelor,8,46.1,46.5,58.3,75.7,2,57.5,Developing,,,,,,,,,56.2,,51.4,,,,,,,,,,,,,,,,,,,52.7,,,,,,,,,63.8,,,,,,,49.1
REC02118,Statistical Officer,Economics,Administration,Bachelor,6,36.3,27.6,80.2,78.0,4,68.5,Intermediate,,,,,,,,,61.9,,70.2,,,,,,,,,,,,,,,,,,,,,,,,66.7,,,,,,,,,,57.8,70.7
REC02119,Software Engineer,Cybersecurity,IT,Master,8,75.0,49.3,90.9,55.8,1,69.9,Intermediate,,,,,,,,,,,,,,,,,,,,,,,,49.9,,,,,,,,,,,,69.6,,,60.6,,,,66.3,69.6,,
REC02120,Public Health Officer,Environment,Research,Bachelor,8,36.9,11.1,76.0,62.4,5,61.4,Developing,,,,,,62.1,,,59.1,,,,,,,,,68.7,,,,,,,,,,,,,,,,,,,,46.7,,55.7,,,,,,
REC02121,Software Engineer,Data Science,Statistics Division,Bachelor,2,26.5,26.5,43.8,81.2,2,49.0,Beginner,,,,,,,,,,,,,,,,,,,,,,,,37.7,,,,,,,,,,,,41.9,,,55.3,,,,45.8,49.0,,
REC02122,Agriculture Officer,Agriculture,DIID,PhD,9,121.9,67.1,84.5,78.6,2,76.6,Intermediate,,,81.2,,,,,,66.8,,,,,,,,,,,,69.6,,,,,,,,,,,,,,,,,,,76.3,,,,,,63.4
REC02123,Economist,Data Science,Research,Bachelor,2,49.1,35.3,69.3,71.8,4,60.2,Developing,,,,,,,,,48.0,,,,,57.0,54.8,,,,,,,,,,,,,,,,,,,,,,,,,44.8,,,,,,55.3
REC02124,Statistical Officer,Biotechnology,MoSPI,PhD,11,42.8,53.5,86.0,70.3,1,71.8,Intermediate,,,,,,,,,70.8,,73.6,,,,,,,,,,,,,,,,,,,,,,,,73.3,,,,,,,,,,66.1,81.1
REC02125,Finance Officer,Public Policy,Training,Bachelor,8,10.6,32.3,79.7,50.9,3,59.3,Developing,53.7,,,,,,,,,,51.7,,,,,,,,52.9,63.3,,,,,,,,,,,,,,,,,,,,,,,,,,62.7
REC02126,Finance Officer,Statistics,Training,Master,5,66.9,43.2,69.7,70.7,2,63.2,Developing,60.8,,,,,,,,,,64.8,,,,,,,,60.8,64.0,,,,,,,,,,,,,,,,,,,,,,,,,,67.0
REC02127,Education Officer,Administration,Policy,PhD,7,49.8,29.5,75.8,61.0,1,62.0,Developing,,,,65.2,,,60.7,,49.9,,,,,,,62.7,,,,,,,,,,,,57.6,,,,,,,,,,,,,,,,,,
REC02128,Biotechnology Faculty,Artificial Intelligence,IT,Master,5,39.2,14.5,73.9,74.7,4,62.6,Developing,,,,,52.2,,,,55.0,,,,,,,,,,,,,55.2,,,51.1,,,,,,54.4,,,,,,,,,,,,,,,
REC02129,Environmental Officer,Education,MoSPI,Master,3,55.6,47.7,73.6,72.3,5,64.5,Developing,,,,,,,,,67.6,,,,,,,,66.2,,,,59.5,,,,,,,,,,,,,,,,,,,63.9,,,,,,50.7
REC02130,Statistical Officer,Education,Administration,Master,3,19.6,5.2,81.7,68.8,2,63.7,Developing,,,,,,,,,47.9,,47.0,,,,,,,,,,,,,,,,,,,,,,,,61.5,,,,,,,,,,55.6,67.4
REC02131,Finance Officer,Statistics,IT,Master,11,106.3,62.9,73.9,91.4,5,74.4,Intermediate,81.8,,,,,,,,,,58.3,,,,,,,,69.1,74.4,,,,,,,,,,,,,,,,,,,,,,,,,,72.9
REC02132,Legal Officer,Public Health,Statistics Division,Master,4,26.8,28.3,64.7,68.0,1,56.7,Developing,,,,,,,56.2,,,,,,,,,,,,,,,,,,,,,,55.9,,,,,60.0,,,,,,51.9,,50.3,,,,
REC02133,Agriculture Officer,Data Science,Administration,Master,6,68.2,35.2,77.1,79.0,3,69.4,Intermediate,,,72.0,,,,,,64.4,,,,,,,,,,,,75.3,,,,,,,,,,,,,,,,,,,63.1,,,,,,70.6
REC02134,Software Engineer,Computer Science,Research,Master,9,63.4,35.8,76.0,86.7,3,71.1,Intermediate,,,,,,,,,,,,,,,,,,,,,,,,63.7,,,,,,,,,,,,80.4,,,71.1,,,,69.0,63.4,,
REC02135,Statistical Officer,Public Policy,MoSPI,Master,6,39.4,29.8,57.5,81.4,4,57.5,Developing,,,,,,,,,50.5,,55.7,,,,,,,,,,,,,,,,,,,,,,,,58.2,,,,,,,,,,54.2,49.9
REC02136,AI Engineer,Cybersecurity,Policy,Bachelor,9,70.4,52.8,100.0,90.7,3,85.7,Advanced,,,,,,,,,,,,,84.6,,,,,,,,,,,,,,,,,84.8,,76.7,,,,,,,85.0,,,,,84.2,,
REC02137,Software Engineer,Artificial Intelligence,Administration,Master,0,90.8,40.5,70.1,42.5,3,55.1,Developing,,,,,,,,,,,,,,,,,,,,,,,,52.0,,,,,,,,,,,,50.1,,,55.1,,,,58.2,45.7,,
REC02138,Agriculture Officer,Economics,Training,Bachelor,9,53.8,20.1,64.2,96.4,7,66.1,Intermediate,,,62.1,,,,,,57.4,,,,,,,,,,,,55.2,,,,,,,,,,,,,,,,,,,69.1,,,,,,60.0
REC02139,Cybersecurity Analyst,Computer Science,Data & Analytics,Bachelor,8,62.1,71.2,67.3,65.2,3,61.0,Developing,,,,,,,,55.3,60.7,,,,,,,,,,,,,,,,,,,,,,,,60.4,,,,,,60.5,,,62.0,,,,
REC02140,Education Officer,Biotechnology,Training,Master,6,42.6,25.8,78.1,99.9,3,73.8,Intermediate,,,,68.9,,,68.2,,80.2,,,,,,,61.9,,,,,,,,,,,,68.6,,,,,,,,,,,,,,,,,,
REC02141,HR Officer,Cybersecurity,Administration,PhD,10,70.3,58.7,77.3,63.2,2,66.5,Intermediate,,,,,,,68.5,,63.2,,,,,,,,,,,,,,74.2,,,56.6,,,,,,,,,,,,,,74.1,,,,,,
REC02142,HR Officer,Public Health,Data & Analytics,Bachelor,9,46.4,24.7,68.0,65.4,3,59.1,Developing,,,,,,,58.1,,53.6,,,,,,,,,,,,,,62.1,,,47.3,,,,,,,,,,,,,,58.3,,,,,,
REC02143,Data Scientist,Economics,DIID,PhD,7,54.3,7.5,86.4,72.1,1,70.3,Intermediate,,,,,,,,,59.7,,74.7,,,,,,,,,,,,,,,,,,,64.0,,,,,,,,,71.3,,,,,,,62.7
REC02144,Education Officer,Data Science,Data & Analytics,Bachelor,0,58.3,48.6,74.0,62.5,3,61.6,Developing,,,,53.6,,,64.6,,59.0,,,,,,,53.9,,,,,,,,,,,,64.3,,,,,,,,,,,,,,,,,,
REC02145,Research Officer,Agriculture,MoSPI,Bachelor,6,18.1,52.8,73.2,59.9,3,59.6,Developing,,,,,,,,,58.6,,61.8,,,,,,,,,,,,,,,,,,,,,,,,,,,,,55.7,58.3,,,,,60.5
REC02146,Legal Officer,Public Health,Administration,Bachelor,5,32.6,46.0,53.2,70.1,2,51.3,Developing,,,,,,,34.7,,,,,,,,,,,,,,,,,,,,,,37.2,,,,,48.0,,,,,,55.3,,45.9,,,,
REC02147,Environmental Officer,Artificial Intelligence,DIID,PhD,12,34.2,54.1,49.4,90.3,3,57.6,Developing,,,,,,,,,50.7,,,,,,,,57.0,,,,67.4,,,,,,,,,,,,,,,,,,,56.1,,,,,,50.3
REC02148,Administrative Officer,Education,Research,Bachelor,0,23.5,37.8,80.3,68.5,2,63.9,Developing,,52.8,,,,,62.0,,45.2,,,,,,,,,,,,,,,,,,,,,,,,,,,,59.4,,,70.2,,,,,,
REC02149,Research Officer,Public Health,Research,PhD,8,57.1,43.1,62.3,79.4,4,61.3,Developing,,,,,,,,,59.4,,55.3,,,,,,,,,,,,,,,,,,,,,,,,,,,,,58.2,59.2,,,,,63.2
REC02150,Research Officer,Education,MoSPI,Bachelor,8,80.5,63.7,75.3,82.2,5,70.8,Intermediate,,,,,,,,,55.6,,62.7,,,,,,,,,,,,,,,,,,,,,,,,,,,,,69.5,75.3,,,,,78.6
REC02151,Legal Officer,Public Policy,Research,Master,3,72.2,44.8,84.1,94.1,3,76.9,Intermediate,,,,,,,66.5,,,,,,,,,,,,,,,,,,,,,,78.2,,,,,76.1,,,,,,64.2,,75.4,,,,
REC02152,Finance Officer,Public Policy,Data & Analytics,Master,21,104.4,66.8,75.7,72.2,2,71.0,Intermediate,61.9,,,,,,,,,,75.5,,,,,,,,63.4,72.3,,,,,,,,,,,,,,,,,,,,,,,,,,62.2
REC02153,Administrative Officer,Data Science,Data & Analytics,PhD,12,35.6,26.9,82.3,62.5,1,65.4,Intermediate,,58.9,,,,,60.2,,60.6,,,,,,,,,,,,,,,,,,,,,,,,,,,,53.5,,,66.7,,,,,,
REC02154,Agriculture Officer,Public Health,Research,Master,17,86.3,39.7,78.8,77.9,3,72.4,Intermediate,,,58.2,,,,,,70.0,,,,,,,,,,,,67.2,,,,,,,,,,,,,,,,,,,71.7,,,,,,84.8
REC02155,Agriculture Officer,Economics,Administration,Master,8,84.6,54.0,87.3,89.0,3,78.4,Intermediate,,,69.9,,,,,,65.5,,,,,,,,,,,,75.9,,,,,,,,,,,,,,,,,,,69.0,,,,,,78.9
REC02156,Administrative Officer,Environment,Research,Bachelor,6,42.1,57.3,49.5,100.0,3,60.9,Developing,,69.3,,,,,69.3,,64.1,,,,,,,,,,,,,,,,,,,,,,,,,,,,51.2,,,66.0,,,,,,
REC02157,Administrative Officer,Biotechnology,DIID,Master,15,42.8,47.5,72.1,95.2,4,72.6,Intermediate,,77.8,,,,,72.4,,75.7,,,,,,,,,,,,,,,,,,,,,,,,,,,,80.6,,,74.5,,,,,,
REC02158,HR Officer,Administration,Administration,Bachelor,7,54.0,65.3,82.4,82.9,1,73.7,Intermediate,,,,,,,81.5,,72.7,,,,,,,,,,,,,,69.2,,,72.9,,,,,,,,,,,,,,69.9,,,,,,
REC02159,Statistical Officer,Agriculture,Statistics Division,PhD,0,48.9,56.4,72.6,74.3,2,64.0,Developing,,,,,,,,,67.1,,59.6,,,,,,,,,,,,,,,,,,,,,,,,57.0,,,,,,,,,,61.4,61.4
REC02160,HR Officer,Agriculture,Administration,PhD,14,81.8,57.2,78.3,81.7,5,72.3,Intermediate,,,,,,,58.0,,67.1,,,,,,,,,,,,,,67.6,,,63.8,,,,,,,,,,,,,,73.7,,,,,,
REC02161,Data Scientist,Biotechnology,Statistics Division,Master,2,65.9,31.0,100.0,77.7,2,79.2,Intermediate,,,,,,,,,59.8,,78.1,,,,,,,,,,,,,,,,,,,70.8,,,,,,,,,79.3,,,,,,,73.5
REC02162,Public Health Officer,Cybersecurity,Policy,Bachelor,6,51.9,49.5,60.3,65.2,2,54.7,Developing,,,,,,49.0,,,38.7,,,,,,,,,49.2,,,,,,,,,,,,,,,,,,,,54.2,,42.0,,,,,,
REC02163,Software Engineer,Cybersecurity,MoSPI,PhD,0,59.7,36.5,72.7,48.3,1,55.6,Developing,,,,,,,,,,,,,,,,,,,,,,,,48.3,,,,,,,,,,,,43.8,,,46.4,,,,52.4,51.0,,
REC02164,Environmental Officer,Data Science,MoSPI,Bachelor,15,78.0,38.7,83.0,73.8,6,72.6,Intermediate,,,,,,,,,79.6,,,,,,,,60.9,,,,74.5,,,,,,,,,,,,,,,,,,,74.8,,,,,,62.7
REC02165,Economist,Public Policy,MoSPI,PhD,15,49.7,29.8,81.8,92.5,3,74.9,Intermediate,,,,,,,,,58.8,,,,,79.6,77.9,,,,,,,,,,,,,,,,,,,,,,,,,62.5,,,,,,63.2
REC02166,Legal Officer,Cybersecurity,DIID,Master,6,34.5,33.4,61.7,68.3,3,56.3,Developing,,,,,,,55.5,,,,,,,,,,,,,,,,,,,,,,64.4,,,,,49.7,,,,,,57.4,,53.1,,,,
REC02167,Administrative Officer,Biotechnology,Policy,PhD,0,58.1,19.3,71.6,62.5,2,58.7,Developing,,42.9,,,,,49.7,,43.8,,,,,,,,,,,,,,,,,,,,,,,,,,,,61.7,,,60.2,,,,,,
REC02168,Cybersecurity Analyst,Public Policy,Research,PhD,10,77.6,81.5,78.2,84.8,2,74.4,Intermediate,,,,,,,,71.5,80.5,,,,,,,,,,,,,,,,,,,,,,,,74.2,,,,,,71.2,,,79.8,,,,
REC02169,Legal Officer,Economics,Research,Bachelor,6,62.4,21.2,77.6,89.2,5,71.1,Intermediate,,,,,,,58.3,,,,,,,,,,,,,,,,,,,,,,61.0,,,,,61.1,,,,,,72.9,,76.6,,,,
REC02170,Software Engineer,Data Science,Policy,Bachelor,8,14.4,33.0,78.0,65.6,5,61.8,Developing,,,,,,,,,,,,,,,,,,,,,,,,49.0,,,,,,,,,,,,46.0,,,51.9,,,,62.7,52.7,,
REC02171,Biotechnology Faculty,Economics,Statistics Division,Bachelor,1,49.9,43.8,54.8,79.6,2,55.8,Developing,,,,,53.0,,,,48.4,,,,,,,,,,,,,50.3,,,47.9,,,,,,60.4,,,,,,,,,,,,,,,
REC02172,Legal Officer,Education,Administration,Master,8,28.1,27.0,82.6,91.2,2,73.7,Intermediate,,,,,,,70.7,,,,,,,,,,,,,,,,,,,,,,67.8,,,,,74.5,,,,,,78.8,,68.6,,,,
REC02173,HR Officer,Environment,Administration,Master,12,94.0,78.5,73.1,85.0,1,73.0,Intermediate,,,,,,,61.6,,87.1,,,,,,,,,,,,,,71.3,,,71.4,,,,,,,,,,,,,,83.2,,,,,,
REC02174,Agriculture Officer,Finance,Research,Bachelor,11,64.7,38.9,88.4,73.2,4,73.1,Intermediate,,,66.3,,,,,,61.2,,,,,,,,,,,,61.6,,,,,,,,,,,,,,,,,,,64.6,,,,,,74.6
REC02175,Legal Officer,Administration,Training,PhD,11,56.4,37.2,74.9,42.2,5,58.0,Developing,,,,,,,53.4,,,,,,,,,,,,,,,,,,,,,,65.0,,,,,74.3,,,,,,62.8,,42.5,,,,
REC02176,Cybersecurity Analyst,Public Policy,Data & Analytics,Master,11,62.9,36.1,62.0,74.1,3,59.9,Developing,,,,,,,,58.4,60.2,,,,,,,,,,,,,,,,,,,,,,,,46.1,,,,,,62.0,,,56.8,,,,
REC02177,Public Health Officer,Data Science,Policy,Bachelor,11,68.5,43.2,62.0,77.4,2,62.4,Developing,,,,,,66.0,,,67.9,,,,,,,,,66.2,,,,,,,,,,,,,,,,,,,,57.5,,65.2,,,,,,
REC02178,Legal Officer,Education,Data & Analytics,Master,7,89.7,46.3,86.5,72.6,3,73.6,Intermediate,,,,,,,69.3,,,,,,,,,,,,,,,,,,,,,,77.9,,,,,67.5,,,,,,72.1,,65.7,,,,
REC02179,Statistical Officer,Education,Statistics Division,Master,4,95.2,43.9,53.3,79.4,1,57.7,Developing,,,,,,,,,57.4,,62.0,,,,,,,,,,,,,,,,,,,,,,,,55.9,,,,,,,,,,39.4,53.1
REC02180,Database Administrator,Computer Science,Research,Master,6,38.7,24.8,55.7,75.4,3,54.9,Developing,,,,,,,,,,49.4,,50.5,,,,,,,,,,,,,,,,,,,,,,,,60.5,,,50.6,,,,52.3,,,
REC02181,AI Engineer,Data Science,IT,Master,3,69.0,27.5,90.2,73.5,2,72.9,Intermediate,,,,,,,,,,,,,69.3,,,,,,,,,,,,,,,,,64.2,,66.7,,,,,,,64.7,,,,,63.4,,
REC02182,Public Health Officer,Public Health,MoSPI,Bachelor,12,60.1,50.5,85.8,61.0,6,69.4,Intermediate,,,,,,55.5,,,64.9,,,,,,,,,79.7,,,,,,,,,,,,,,,,,,,,75.3,,62.7,,,,,,
REC02183,Biotechnology Faculty,Education,DIID,Master,0,51.7,20.2,65.0,67.4,3,56.5,Developing,,,,,44.6,,,,48.3,,,,,,,,,,,,,56.4,,,47.5,,,,,,57.1,,,,,,,,,,,,,,,
REC02184,HR Officer,Agriculture,Statistics Division,Master,9,60.5,35.8,88.5,82.5,5,75.4,Intermediate,,,,,,,64.2,,76.1,,,,,,,,,,,,,,60.7,,,63.0,,,,,,,,,,,,,,76.9,,,,,,
REC02185,Environmental Officer,Public Health,MoSPI,Bachelor,8,64.9,53.5,88.6,76.5,3,74.8,Intermediate,,,,,,,,,78.1,,,,,,,,52.6,,,,72.9,,,,,,,,,,,,,,,,,,,82.2,,,,,,68.6
REC02186,Environmental Officer,Cybersecurity,Training,PhD,7,54.9,73.4,80.0,64.7,2,66.8,Intermediate,,,,,,,,,68.6,,,,,,,,66.9,,,,52.6,,,,,,,,,,,,,,,,,,,73.7,,,,,,56.1
REC02187,AI Engineer,Data Science,Statistics Division,Master,11,74.3,66.4,92.6,72.6,2,77.8,Intermediate,,,,,,,,,,,,,66.7,,,,,,,,,,,,,,,,,74.0,,87.1,,,,,,,87.2,,,,,73.0,,
REC02188,Data Scientist,Finance,Statistics Division,Master,7,108.7,45.3,91.8,100.0,4,85.4,Advanced,,,,,,,,,94.7,,87.7,,,,,,,,,,,,,,,,,,,79.4,,,,,,,,,72.8,,,,,,,74.2
REC02189,Legal Officer,Administration,IT,Master,10,50.0,62.7,82.6,92.7,1,76.7,Intermediate,,,,,,,86.7,,,,,,,,,,,,,,,,,,,,,,83.4,,,,,62.9,,,,,,68.8,,75.8,,,,
REC02190,Database Administrator,Cybersecurity,IT,Master,9,60.7,78.1,74.6,94.9,4,74.2,Intermediate,,,,,,,,,,78.6,,64.6,,,,,,,,,,,,,,,,,,,,,,,,65.8,,,83.6,,,,78.0,,,
REC02191,Policy Analyst,Biotechnology,Data & Analytics,Bachelor,2,28.1,43.2,67.8,66.3,7,58.0,Developing,,,,,,,,,55.1,,,,,,,,,,,,,,,,,,,,,,,,,57.9,,,,,,51.0,62.6,,,,,52.9
REC02192,Legal Officer,Public Health,Data & Analytics,Master,13,49.6,52.7,69.3,54.6,1,58.7,Developing,,,,,,,66.9,,,,,,,,,,,,,,,,,,,,,,47.7,,,,,54.7,,,,,,61.6,,62.8,,,,
REC02193,Environmental Officer,Economics,DIID,Master,8,36.8,36.6,78.7,73.2,4,66.9,Intermediate,,,,,,,,,60.7,,,,,,,,74.8,,,,62.8,,,,,,,,,,,,,,,,,,,67.1,,,,,,56.2
REC02194,AI Engineer,Computer Science,IT,Bachelor,14,75.7,59.2,84.3,86.3,5,77.6,Intermediate,,,,,,,,,,,,,87.0,,,,,,,,,,,,,,,,,71.1,,65.2,,,,,,,84.3,,,,,79.3,,
REC02195,Education Officer,Administration,Policy,Bachelor,3,42.2,52.3,38.7,80.1,1,47.4,Beginner,,,,45.1,,,35.0,,35.7,,,,,,,46.0,,,,,,,,,,,,53.3,,,,,,,,,,,,,,,,,,
REC02196,Finance Officer,Statistics,IT,Bachelor,8,29.9,40.8,83.4,62.2,4,64.8,Developing,59.5,,,,,,,,,,40.7,,,,,,,,51.5,59.8,,,,,,,,,,,,,,,,,,,,,,,,,,69.7
REC02197,Environmental Officer,Biotechnology,MoSPI,Bachelor,11,64.3,47.6,95.9,61.9,3,73.9,Intermediate,,,,,,,,,64.5,,,,,,,,66.1,,,,68.9,,,,,,,,,,,,,,,,,,,71.5,,,,,,58.2
REC02198,HR Officer,Public Health,Training,Master,18,74.0,55.2,76.6,65.9,2,67.4,Intermediate,,,,,,,70.0,,66.1,,,,,,,,,,,,,,63.8,,,53.6,,,,,,,,,,,,,,66.9,,,,,,
REC02199,Administrative Officer,Education,Training,Master,12,18.8,12.4,85.8,77.6,1,70.4,Intermediate,,74.0,,,,,61.4,,55.3,,,,,,,,,,,,,,,,,,,,,,,,,,,,55.1,,,80.8,,,,,,
REC02200,Education Officer,Economics,DIID,PhD,4,54.3,18.5,86.0,78.2,9,71.2,Intermediate,,,,67.3,,,56.6,,61.2,,,,,,,69.6,,,,,,,,,,,,65.3,,,,,,,,,,,,,,,,,,
REC02201,Database Administrator,Cybersecurity,Administration,Master,7,59.6,49.0,72.1,94.7,2,70.7,Intermediate,,,,,,,,,,74.8,,63.9,,,,,,,,,,,,,,,,,,,,,,,,56.4,,,68.8,,,,64.2,,,
REC02202,Software Engineer,Artificial Intelligence,Research,Master,10,66.9,49.9,76.9,73.9,3,68.1,Intermediate,,,,,,,,,,,,,,,,,,,,,,,,60.6,,,,,,,,,,,,73.6,,,59.1,,,,68.3,58.4,,
REC02203,Finance Officer,Data Science,Policy,PhD,2,58.2,29.9,68.1,82.1,2,63.4,Developing,60.1,,,,,,,,,,62.9,,,,,,,,51.6,59.3,,,,,,,,,,,,,,,,,,,,,,,,,,52.7
REC02204,Biotechnology Faculty,Agriculture,Administration,Bachelor,14,59.8,54.2,74.8,76.8,2,68.8,Intermediate,,,,,74.3,,,,62.7,,,,,,,,,,,,,67.0,,,65.8,,,,,,72.7,,,,,,,,,,,,,,,
REC02205,Software Engineer,Data Science,DIID,PhD,6,78.6,41.6,77.5,73.8,3,68.7,Intermediate,,,,,,,,,,,,,,,,,,,,,,,,71.2,,,,,,,,,,,,62.3,,,66.1,,,,63.6,73.7,,
REC02206,Statistical Officer,Public Policy,IT,PhD,17,73.3,53.0,82.0,74.6,1,72.8,Intermediate,,,,,,,,,67.8,,72.0,,,,,,,,,,,,,,,,,,,,,,,,69.7,,,,,,,,,,71.3,72.6
REC02207,Statistical Officer,Cybersecurity,MoSPI,Master,2,45.8,49.9,74.5,58.3,2,59.8,Developing,,,,,,,,,70.9,,48.4,,,,,,,,,,,,,,,,,,,,,,,,41.3,,,,,,,,,,57.7,53.5
REC02208,Database Administrator,Cybersecurity,Policy,Master,5,68.1,57.4,59.7,69.3,5,57.2,Developing,,,,,,,,,,57.5,,52.6,,,,,,,,,,,,,,,,,,,,,,,,48.9,,,56.0,,,,48.7,,,
REC02209,Database Administrator,Cybersecurity,MoSPI,PhD,0,31.0,12.9,59.8,86.3,2,57.6,Developing,,,,,,,,,,48.6,,52.0,,,,,,,,,,,,,,,,,,,,,,,,50.3,,,55.1,,,,38.8,,,
REC02210,Data Analyst,Education,MoSPI,Bachelor,4,58.0,40.1,83.4,88.6,2,74.2,Intermediate,,,,,,,,,67.6,,71.7,,,,,,,,,,,,,,,,,,,,,,,,,,,,,,,,76.8,,63.5,68.4
REC02211,Biotechnology Faculty,Education,Policy,Bachelor,4,80.1,72.1,50.0,98.6,5,62.0,Developing,,,,,49.7,,,,77.5,,,,,,,,,,,,,63.1,,,58.1,,,,,,50.8,,,,,,,,,,,,,,,
REC02212,Biotechnology Faculty,Administration,Statistics Division,Master,9,51.5,2.0,67.6,67.2,5,59.0,Developing,,,,,59.9,,,,64.0,,,,,,,,,,,,,49.1,,,58.7,,,,,,46.2,,,,,,,,,,,,,,,
REC02213,HR Officer,Agriculture,Research,PhD,19,117.7,66.3,72.2,100.0,3,79.1,Intermediate,,,,,,,81.1,,93.3,,,,,,,,,,,,,,79.5,,,72.0,,,,,,,,,,,,,,89.5,,,,,,
REC02214,Research Officer,Education,IT,Bachelor,6,67.7,42.9,70.7,56.6,5,58.9,Developing,,,,,,,,,62.4,,55.1,,,,,,,,,,,,,,,,,,,,,,,,,,,,,50.8,60.2,,,,,43.0
REC02215,Administrative Officer,Artificial Intelligence,Statistics Division,Master,15,94.6,73.6,84.3,81.9,2,77.8,Intermediate,,65.8,,,,,85.0,,82.1,,,,,,,,,,,,,,,,,,,,,,,,,,,,74.5,,,76.6,,,,,,
REC02216,Data Scientist,Biotechnology,Training,Bachelor,7,47.6,46.9,74.9,61.4,8,62.9,Developing,,,,,,,,,69.7,,60.6,,,,,,,,,,,,,,,,,,,67.6,,,,,,,,,56.9,,,,,,,67.5
REC02217,Administrative Officer,Artificial Intelligence,IT,PhD,6,46.8,51.6,59.0,99.6,7,65.3,Intermediate,,60.5,,,,,72.1,,58.5,,,,,,,,,,,,,,,,,,,,,,,,,,,,70.3,,,64.5,,,,,,
REC02218,Statistical Officer,Cybersecurity,DIID,Bachelor,9,59.7,39.2,63.1,66.9,4,58.3,Developing,,,,,,,,,49.5,,52.9,,,,,,,,,,,,,,,,,,,,,,,,60.8,,,,,,,,,,63.4,55.5
REC02219,Legal Officer,Public Policy,Training,Bachelor,7,36.5,82.1,53.3,84.5,3,59.0,Developing,,,,,,,63.2,,,,,,,,,,,,,,,,,,,,,,56.3,,,,,67.1,,,,,,63.4,,63.1,,,,
REC02220,Legal Officer,Public Policy,Policy,Master,11,61.7,40.5,95.0,77.9,3,78.3,Intermediate,,,,,,,73.9,,,,,,,,,,,,,,,,,,,,,,74.8,,,,,78.8,,,,,,77.1,,61.0,,,,
REC02221,HR Officer,Environment,Data & Analytics,PhD,10,73.1,34.9,69.1,78.1,5,65.5,Intermediate,,,,,,,66.4,,60.7,,,,,,,,,,,,,,62.8,,,65.1,,,,,,,,,,,,,,65.0,,,,,,
REC02222,Public Health Officer,Environment,Administration,Bachelor,8,31.2,46.0,65.8,54.5,5,54.0,Developing,,,,,,36.0,,,54.7,,,,,,,,,49.6,,,,,,,,,,,,,,,,,,,,50.5,,51.5,,,,,,
REC02223,Administrative Officer,Agriculture,Policy,Bachelor,3,19.4,9.6,78.2,59.8,5,60.2,Developing,,49.2,,,,,56.8,,68.2,,,,,,,,,,,,,,,,,,,,,,,,,,,,60.8,,,51.2,,,,,,
REC02224,Cybersecurity Analyst,Economics,DIID,Master,6,89.2,70.5,94.3,81.5,5,80.9,Advanced,,,,,,,,71.1,82.6,,,,,,,,,,,,,,,,,,,,,,,,73.4,,,,,,81.6,,,77.4,,,,
REC02225,Cybersecurity Analyst,Public Policy,Statistics Division,Master,7,38.6,69.1,71.4,69.3,6,63.3,Developing,,,,,,,,73.8,69.6,,,,,,,,,,,,,,,,,,,,,,,,58.5,,,,,,57.9,,,60.0,,,,
REC02226,Biotechnology Faculty,Environment,Research,Bachelor,7,40.0,59.0,81.1,41.5,1,59.2,Developing,,,,,48.7,,,,60.0,,,,,,,,,,,,,49.2,,,59.7,,,,,,55.3,,,,,,,,,,,,,,,
REC02227,Administrative Officer,Environment,Administration,Bachelor,9,54.7,49.1,60.7,74.1,2,60.0,Developing,,66.7,,,,,52.5,,55.8,,,,,,,,,,,,,,,,,,,,,,,,,,,,59.9,,,77.1,,,,,,
REC02228,Cybersecurity Analyst,Administration,Statistics Division,Master,3,57.8,45.7,66.0,97.5,6,68.3,Intermediate,,,,,,,,60.5,69.1,,,,,,,,,,,,,,,,,,,,,,,,70.4,,,,,,68.0,,,70.8,,,,
REC02229,Biotechnology Faculty,Cybersecurity,Statistics Division,PhD,2,57.8,62.1,86.0,74.6,4,70.8,Intermediate,,,,,62.4,,,,65.0,,,,,,,,,,,,,60.1,,,55.1,,,,,,61.8,,,,,,,,,,,,,,,
REC02230,Research Officer,Data Science,Training,Master,7,76.9,57.3,85.1,80.6,1,75.0,Intermediate,,,,,,,,,70.4,,75.8,,,,,,,,,,,,,,,,,,,,,,,,,,,,,61.6,84.4,,,,,71.6
REC02231,Data Analyst,Cybersecurity,MoSPI,Master,10,23.7,31.3,90.9,75.4,4,72.7,Intermediate,,,,,,,,,62.4,,76.4,,,,,,,,,,,,,,,,,,,,,,,,,,,,,,,,72.0,,51.2,70.1
REC02232,Data Analyst,Artificial Intelligence,Training,Master,5,103.5,88.9,55.0,83.3,4,61.8,Developing,,,,,,,,,56.5,,71.3,,,,,,,,,,,,,,,,,,,,,,,,,,,,,,,,48.7,,56.7,59.6
REC02233,Economist,Agriculture,Research,Master,4,26.9,40.1,91.1,88.1,5,76.5,Intermediate,,,,,,,,,65.3,,,,,72.2,70.7,,,,,,,,,,,,,,,,,,,,,,,,,89.7,,,,,,61.0
REC02234,Cybersecurity Analyst,Data Science,IT,Bachelor,2,23.9,38.1,75.0,76.9,4,63.8,Developing,,,,,,,,58.5,60.2,,,,,,,,,,,,,,,,,,,,,,,,58.4,,,,,,58.2,,,49.8,,,,
REC02235,AI Engineer,Artificial Intelligence,DIID,Master,11,93.3,71.7,72.0,99.9,1,76.8,Intermediate,,,,,,,,,,,,,83.6,,,,,,,,,,,,,,,,,85.9,,81.5,,,,,,,73.2,,,,,82.7,,
REC02236,Research Officer,Data Science,Administration,PhD,3,54.6,36.2,68.6,71.0,6,60.1,Developing,,,,,,,,,50.0,,52.1,,,,,,,,,,,,,,,,,,,,,,,,,,,,,51.5,53.3,,,,,53.1
REC02237,Biotechnology Faculty,Artificial Intelligence,Data & Analytics,Master,4,43.9,68.5,76.2,93.6,2,71.9,Intermediate,,,,,69.9,,,,60.4,,,,,,,,,,,,,61.5,,,76.9,,,,,,65.9,,,,,,,,,,,,,,,
REC02238,HR Officer,Environment,DIID,Master,8,72.8,34.3,99.3,64.5,5,76.7,Intermediate,,,,,,,70.7,,73.8,,,,,,,,,,,,,,74.7,,,65.7,,,,,,,,,,,,,,75.9,,,,,,
REC02239,Economist,Environment,Administration,Master,7,55.8,26.0,84.9,73.7,1,69.6,Intermediate,,,,,,,,,64.7,,,,,68.2,65.9,,,,,,,,,,,,,,,,,,,,,,,,,51.4,,,,,,52.1
REC02240,Data Scientist,Agriculture,IT,Master,7,26.4,51.3,61.7,59.3,5,53.1,Developing,,,,,,,,,37.2,,47.9,,,,,,,,,,,,,,,,,,,56.9,,,,,,,,,47.9,,,,,,,52.3
REC02241,Project Manager,Data Science,DIID,Bachelor,6,81.6,25.2,70.8,77.4,4,64.2,Developing,,,,,,,50.7,,52.5,,,,,,,,,,,,,,,,,,56.0,,,,,,,,,54.8,54.7,,,,,,,,,
REC02242,Administrative Officer,Public Policy,MoSPI,Master,10,74.8,36.9,73.6,84.4,2,69.2,Intermediate,,70.5,,,,,68.4,,56.3,,,,,,,,,,,,,,,,,,,,,,,,,,,,61.0,,,62.9,,,,,,
REC02243,Policy Analyst,Public Health,DIID,Bachelor,4,53.3,62.3,76.8,76.9,3,68.3,Intermediate,,,,,,,,,63.5,,,,,,,,,,,,,,,,,,,,,,,,,73.3,,,,,,65.7,72.0,,,,,63.4
REC02244,Project Manager,Biotechnology,Policy,PhD,16,73.3,32.1,90.7,54.9,4,70.3,Intermediate,,,,,,,65.0,,54.2,,,,,,,,,,,,,,,,,,55.5,,,,,,,,,83.1,69.1,,,,,,,,,
REC02245,Education Officer,Economics,Training,Master,3,69.6,24.2,62.4,64.0,2,56.3,Developing,,,,65.1,,,61.2,,58.3,,,,,,,50.0,,,,,,,,,,,,36.0,,,,,,,,,,,,,,,,,,
REC02246,Biotechnology Faculty,Education,MoSPI,Master,0,40.2,33.1,55.5,60.8,3,49.5,Beginner,,,,,48.8,,,,42.6,,,,,,,,,,,,,47.7,,,49.0,,,,,,33.8,,,,,,,,,,,,,,,
REC02247,Education Officer,Administration,MoSPI,Master,14,48.4,57.9,78.5,65.8,1,67.2,Intermediate,,,,68.4,,,73.1,,62.5,,,,,,,73.5,,,,,,,,,,,,60.7,,,,,,,,,,,,,,,,,,
REC02248,Economist,Artificial Intelligence,Statistics Division,Bachelor,8,27.2,37.2,74.5,62.7,5,61.3,Developing,,,,,,,,,56.4,,,,,72.3,52.9,,,,,,,,,,,,,,,,,,,,,,,,,61.6,,,,,,58.6
REC02249,Education Officer,Administration,Policy,Bachelor,13,99.2,51.7,79.3,67.1,3,69.1,Intermediate,,,,62.2,,,59.5,,67.9,,,,,,,58.7,,,,,,,,,,,,64.4,,,,,,,,,,,,,,,,,,
REC02250,Data Analyst,Artificial Intelligence,Policy,Master,14,109.8,72.9,81.8,81.3,3,77.1,Intermediate,,,,,,,,,82.3,,85.4,,,,,,,,,,,,,,,,,,,,,,,,,,,,,,,,77.4,,75.2,66.0
REC02251,Agriculture Officer,Statistics,Policy,Bachelor,7,20.2,24.3,79.8,71.5,3,65.3,Intermediate,,,72.1,,,,,,57.5,,,,,,,,,,,,61.0,,,,,,,,,,,,,,,,,,,63.6,,,,,,51.8
REC02252,Agriculture Officer,Education,Training,Bachelor,9,76.8,64.7,88.2,57.1,1,70.4,Intermediate,,,70.0,,,,,,66.6,,,,,,,,,,,,63.8,,,,,,,,,,,,,,,,,,,63.0,,,,,,79.6
REC02253,Education Officer,Environment,IT,PhD,11,84.6,73.5,75.7,54.6,1,63.4,Developing,,,,46.3,,,57.7,,65.5,,,,,,,64.1,,,,,,,,,,,,60.7,,,,,,,,,,,,,,,,,,
REC02254,Data Analyst,Computer Science,Data & Analytics,PhD,5,94.1,46.2,80.9,65.3,2,68.0,Intermediate,,,,,,,,,54.2,,66.6,,,,,,,,,,,,,,,,,,,,,,,,,,,,,,,,67.5,,60.8,62.4
REC02255,Legal Officer,Cybersecurity,Statistics Division,Bachelor,14,47.4,39.3,89.4,49.2,5,66.8,Intermediate,,,,,,,71.1,,,,,,,,,,,,,,,,,,,,,,62.0,,,,,58.4,,,,,,63.9,,59.9,,,,
REC02256,Biotechnology Faculty,Statistics,Administration,Master,17,66.1,60.4,67.6,92.9,7,70.9,Intermediate,,,,,72.5,,,,65.5,,,,,,,,,,,,,89.3,,,76.5,,,,,,54.8,,,,,,,,,,,,,,,
REC02257,Cybersecurity Analyst,Cybersecurity,DIID,Bachelor,7,53.1,47.1,87.5,79.8,1,74.5,Intermediate,,,,,,,,56.5,67.6,,,,,,,,,,,,,,,,,,,,,,,,68.8,,,,,,83.3,,,82.9,,,,
REC02258,Policy Analyst,Finance,Statistics Division,PhD,1,75.0,18.1,54.5,75.8,5,54.9,Developing,,,,,,,,,53.6,,,,,,,,,,,,,,,,,,,,,,,,,46.5,,,,,,57.5,54.3,,,,,39.6
REC02259,Project Manager,Administration,Policy,Bachelor,9,78.3,42.7,88.1,56.7,4,69.4,Intermediate,,,,,,,67.1,,73.8,,,,,,,,,,,,,,,,,,66.3,,,,,,,,,55.5,68.2,,,,,,,,,
REC02260,Agriculture Officer,Artificial Intelligence,Training,Master,11,68.7,48.9,79.1,77.1,7,69.6,Intermediate,,,61.5,,,,,,66.2,,,,,,,,,,,,54.6,,,,,,,,,,,,,,,,,,,69.2,,,,,,50.8
REC02261,Research Officer,Statistics,Research,PhD,3,28.9,21.9,73.0,70.6,2,61.1,Developing,,,,,,,,,52.6,,62.9,,,,,,,,,,,,,,,,,,,,,,,,,,,,,52.4,55.3,,,,,55.4
REC02262,Finance Officer,Public Policy,Policy,Master,8,53.3,54.2,73.2,83.3,2,67.9,Intermediate,58.0,,,,,,,,,,66.6,,,,,,,,70.0,63.9,,,,,,,,,,,,,,,,,,,,,,,,,,54.9
REC02263,Policy Analyst,Finance,Administration,Master,2,50.7,31.6,88.3,83.6,3,73.8,Intermediate,,,,,,,,,63.2,,,,,,,,,,,,,,,,,,,,,,,,,65.2,,,,,,64.0,62.2,,,,,75.1
REC02264,HR Officer,Administration,Training,Master,9,63.9,26.3,66.5,94.5,2,68.2,Intermediate,,,,,,,58.9,,70.6,,,,,,,,,,,,,,70.3,,,68.5,,,,,,,,,,,,,,66.8,,,,,,
REC02265,Finance Officer,Public Policy,MoSPI,Bachelor,0,48.8,35.5,53.3,90.7,2,57.6,Developing,60.2,,,,,,,,,,51.1,,,,,,,,41.0,49.1,,,,,,,,,,,,,,,,,,,,,,,,,,61.5
REC02266,Data Analyst,Biotechnology,Administration,Master,15,109.4,52.7,79.4,100.0,3,80.4,Advanced,,,,,,,,,83.0,,72.4,,,,,,,,,,,,,,,,,,,,,,,,,,,,,,,,74.2,,80.9,80.1
REC02267,Project Manager,Administration,MoSPI,PhD,9,18.1,13.0,83.3,69.4,3,65.6,Intermediate,,,,,,,61.1,,67.7,,,,,,,,,,,,,,,,,,60.1,,,,,,,,,47.3,48.7,,,,,,,,,
REC02268,Finance Officer,Data Science,MoSPI,Bachelor,9,74.3,61.4,92.4,70.2,6,76.2,Intermediate,70.9,,,,,,,,,,71.6,,,,,,,,72.3,76.6,,,,,,,,,,,,,,,,,,,,,,,,,,80.7
REC02269,Finance Officer,Statistics,Research,Bachelor,5,57.3,34.3,73.7,88.9,1,69.1,Intermediate,75.4,,,,,,,,,,76.0,,,,,,,,63.4,50.1,,,,,,,,,,,,,,,,,,,,,,,,,,58.7
REC02270,HR Officer,Biotechnology,Data & Analytics,Bachelor,0,42.3,65.9,59.5,58.1,8,53.0,Developing,,,,,,,47.9,,64.3,,,,,,,,,,,,,,54.3,,,46.4,,,,,,,,,,,,,,59.3,,,,,,
REC02271,AI Engineer,Data Science,Statistics Division,Master,0,51.7,29.8,86.0,57.2,3,64.8,Developing,,,,,,,,,,,,,61.5,,,,,,,,,,,,,,,,,62.6,,58.2,,,,,,,60.2,,,,,50.7,,
REC02272,HR Officer,Biotechnology,Training,Bachelor,0,53.1,33.7,71.2,46.8,10,54.5,Developing,,,,,,,59.5,,46.7,,,,,,,,,,,,,,49.1,,,49.5,,,,,,,,,,,,,,47.4,,,,,,
REC02273,Software Engineer,Data Science,DIID,Bachelor,13,18.9,49.5,88.6,68.8,2,71.1,Intermediate,,,,,,,,,,,,,,,,,,,,,,,,59.5,,,,,,,,,,,,78.5,,,61.7,,,,74.1,70.8,,
REC02274,Economist,Environment,Administration,PhD,10,58.2,37.2,83.1,73.5,3,70.5,Intermediate,,,,,,,,,64.2,,,,,70.1,65.0,,,,,,,,,,,,,,,,,,,,,,,,,58.9,,,,,,74.3
REC02275,Legal Officer,Education,Administration,Master,8,67.9,27.3,93.9,69.6,5,74.9,Intermediate,,,,,,,81.7,,,,,,,,,,,,,,,,,,,,,,60.6,,,,,75.9,,,,,,58.4,,76.1,,,,
REC02276,AI Engineer,Data Science,Statistics Division,Bachelor,0,36.0,39.3,79.4,71.7,3,65.5,Intermediate,,,,,,,,,,,,,52.6,,,,,,,,,,,,,,,,,65.9,,64.7,,,,,,,64.1,,,,,62.1,,
REC02277,Education Officer,Public Policy,Administration,Master,5,46.4,33.5,69.7,78.8,6,63.9,Developing,,,,50.0,,,52.8,,71.6,,,,,,,67.0,,,,,,,,,,,,68.1,,,,,,,,,,,,,,,,,,
REC02278,Data Analyst,Administration,IT,Bachelor,4,66.7,42.0,62.5,72.9,3,59.2,Developing,,,,,,,,,56.7,,51.7,,,,,,,,,,,,,,,,,,,,,,,,,,,,,,,,55.5,,65.3,50.8
REC02279,Statistical Officer,Education,Training,Master,0,58.1,42.2,70.7,65.6,5,60.3,Developing,,,,,,,,,57.9,,48.9,,,,,,,,,,,,,,,,,,,,,,,,67.1,,,,,,,,,,52.4,55.9
REC02280,Cybersecurity Analyst,Biotechnology,Administration,Master,1,75.0,36.8,85.4,59.2,4,66.3,Intermediate,,,,,,,,51.6,65.8,,,,,,,,,,,,,,,,,,,,,,,,54.5,,,,,,58.1,,,59.2,,,,
REC02281,Finance Officer,Environment,Training,Bachelor,6,36.3,48.1,65.9,56.1,1,54.6,Developing,55.9,,,,,,,,,,55.9,,,,,,,,46.9,27.4,,,,,,,,,,,,,,,,,,,,,,,,,,59.4
REC02282,HR Officer,Artificial Intelligence,Training,Master,16,81.4,52.8,73.0,74.7,3,68.6,Intermediate,,,,,,,62.1,,74.7,,,,,,,,,,,,,,66.5,,,71.7,,,,,,,,,,,,,,64.7,,,,,,
REC02283,Public Health Officer,Statistics,Policy,Bachelor,0,39.5,40.5,85.8,84.1,5,72.6,Intermediate,,,,,,60.6,,,83.7,,,,,,,,,62.4,,,,,,,,,,,,,,,,,,,,70.5,,64.4,,,,,,
REC02284,Research Officer,Statistics,Training,Master,8,60.6,48.8,72.7,65.1,4,63.6,Developing,,,,,,,,,60.2,,63.4,,,,,,,,,,,,,,,,,,,,,,,,,,,,,61.3,75.8,,,,,64.5
REC02285,Research Officer,Cybersecurity,Statistics Division,PhD,11,66.3,27.2,87.7,75.1,3,73.6,Intermediate,,,,,,,,,66.1,,70.9,,,,,,,,,,,,,,,,,,,,,,,,,,,,,73.3,69.3,,,,,68.1
REC02286,Database Administrator,Data Science,Training,Master,4,47.9,63.8,75.4,66.3,1,63.5,Developing,,,,,,,,,,59.7,,60.4,,,,,,,,,,,,,,,,,,,,,,,,57.8,,,60.2,,,,53.9,,,
REC02287,Economist,Statistics,Research,Master,7,53.2,44.4,76.4,73.1,4,66.0,Intermediate,,,,,,,,,66.4,,,,,58.2,51.0,,,,,,,,,,,,,,,,,,,,,,,,,71.8,,,,,,53.9
REC02288,Data Scientist,Education,Statistics Division,Bachelor,0,9.6,2.0,69.3,58.4,2,53.3,Developing,,,,,,,,,42.0,,49.9,,,,,,,,,,,,,,,,,,,50.5,,,,,,,,,46.3,,,,,,,43.9
REC02289,Cybersecurity Analyst,Data Science,Data & Analytics,Bachelor,0,21.8,29.3,56.9,73.5,3,53.1,Developing,,,,,,,,51.4,54.7,,,,,,,,,,,,,,,,,,,,,,,,45.3,,,,,,48.4,,,47.1,,,,
REC02290,Agriculture Officer,Artificial Intelligence,IT,Master,7,54.9,54.0,68.1,75.8,4,63.9,Developing,,,65.1,,,,,,64.8,,,,,,,,,,,,70.2,,,,,,,,,,,,,,,,,,,60.7,,,,,,60.2
REC02291,Database Administrator,Data Science,DIID,PhD,17,56.8,34.4,90.4,82.0,1,77.5,Intermediate,,,,,,,,,,74.1,,66.1,,,,,,,,,,,,,,,,,,,,,,,,74.3,,,73.7,,,,74.3,,,
REC02292,Agriculture Officer,Cybersecurity,Policy,Bachelor,1,76.2,49.7,100.0,74.4,4,80.2,Advanced,,,86.1,,,,,,74.3,,,,,,,,,,,,79.2,,,,,,,,,,,,,,,,,,,72.6,,,,,,82.9
REC02293,Environmental Officer,Public Policy,Training,Bachelor,0,17.1,41.0,61.0,61.0,3,52.1,Developing,,,,,,,,,51.9,,,,,,,,48.4,,,,48.1,,,,,,,,,,,,,,,,,,,59.6,,,,,,44.3
REC02294,Data Scientist,Education,Research,Bachelor,9,86.2,67.8,86.1,66.7,5,72.9,Intermediate,,,,,,,,,61.3,,75.9,,,,,,,,,,,,,,,,,,,65.4,,,,,,,,,83.9,,,,,,,75.1
REC02295,Data Scientist,Agriculture,Training,Master,11,52.7,28.3,68.2,68.9,1,61.1,Developing,,,,,,,,,64.3,,51.5,,,,,,,,,,,,,,,,,,,52.6,,,,,,,,,61.0,,,,,,,63.5
REC02296,Administrative Officer,Data Science,Research,Master,14,86.2,64.1,87.9,61.9,1,72.6,Intermediate,,65.6,,,,,81.5,,62.1,,,,,,,,,,,,,,,,,,,,,,,,,,,,65.9,,,73.3,,,,,,
REC02297,Agriculture Officer,Finance,IT,Bachelor,18,84.1,47.3,76.8,92.7,1,76.2,Intermediate,,,90.7,,,,,,77.6,,,,,,,,,,,,74.9,,,,,,,,,,,,,,,,,,,74.6,,,,,,59.6
REC02298,HR Officer,Biotechnology,Policy,PhD,8,99.5,93.3,44.4,100.0,5,62.3,Developing,,,,,,,73.2,,68.5,,,,,,,,,,,,,,49.8,,,74.3,,,,,,,,,,,,,,53.3,,,,,,
REC02299,Biotechnology Faculty,Administration,DIID,PhD,7,94.5,96.7,68.2,72.0,2,65.5,Intermediate,,,,,59.4,,,,61.5,,,,,,,,,,,,,59.3,,,62.7,,,,,,68.6,,,,,,,,,,,,,,,
REC02300,Database Administrator,Computer Science,Research,Bachelor,16,55.3,19.3,79.5,65.4,4,66.1,Intermediate,,,,,,,,,,64.4,,63.3,,,,,,,,,,,,,,,,,,,,,,,,58.8,,,64.4,,,,53.6,,,
REC02301,Database Administrator,Artificial Intelligence,Administration,Bachelor,6,44.3,31.2,63.2,61.4,4,55.0,Developing,,,,,,,,,,64.8,,36.1,,,,,,,,,,,,,,,,,,,,,,,,53.9,,,59.9,,,,43.3,,,
REC02302,Biotechnology Faculty,Administration,MoSPI,Master,6,99.0,55.3,71.4,72.4,8,66.1,Intermediate,,,,,67.7,,,,58.7,,,,,,,,,,,,,53.4,,,56.9,,,,,,74.3,,,,,,,,,,,,,,,
REC02303,Policy Analyst,Administration,MoSPI,PhD,5,66.4,43.0,66.6,81.3,3,63.8,Developing,,,,,,,,,48.3,,,,,,,,,,,,,,,,,,,,,,,,,61.4,,,,,,56.0,61.6,,,,,68.2
REC02304,Policy Analyst,Agriculture,Administration,Master,3,58.4,68.4,80.2,68.1,3,66.4,Intermediate,,,,,,,,,62.9,,,,,,,,,,,,,,,,,,,,,,,,,40.7,,,,,,56.9,55.5,,,,,72.1
REC02305,Statistical Officer,Cybersecurity,Data & Analytics,Master,11,37.2,47.8,78.0,77.8,1,69.7,Intermediate,,,,,,,,,75.4,,77.3,,,,,,,,,,,,,,,,,,,,,,,,72.9,,,,,,,,,,75.3,66.3
REC02306,Research Officer,Data Science,Statistics Division,PhD,9,50.0,78.0,94.5,56.4,6,72.4,Intermediate,,,,,,,,,69.4,,81.3,,,,,,,,,,,,,,,,,,,,,,,,,,,,,58.6,67.6,,,,,73.3
REC02307,Public Health Officer,Education,MoSPI,Master,10,39.6,36.0,77.6,77.3,2,68.6,Intermediate,,,,,,80.8,,,59.9,,,,,,,,,62.0,,,,,,,,,,,,,,,,,,,,69.8,,77.1,,,,,,
REC02308,Cybersecurity Analyst,Computer Science,Administration,Master,2,31.7,33.4,65.3,64.4,3,55.9,Developing,,,,,,,,61.1,47.0,,,,,,,,,,,,,,,,,,,,,,,,49.9,,,,,,58.0,,,49.3,,,,
REC02309,Administrative Officer,Education,MoSPI,PhD,5,73.3,64.2,65.2,68.4,1,60.4,Developing,,48.2,,,,,50.4,,61.3,,,,,,,,,,,,,,,,,,,,,,,,,,,,60.3,,,62.9,,,,,,
REC02310,HR Officer,Education,Administration,PhD,8,73.8,27.6,61.5,77.1,2,59.6,Developing,,,,,,,50.0,,44.7,,,,,,,,,,,,,,60.1,,,57.7,,,,,,,,,,,,,,44.5,,,,,,
REC02311,Education Officer,Environment,MoSPI,Bachelor,1,25.8,33.9,77.0,60.7,1,60.8,Developing,,,,62.1,,,62.2,,60.0,,,,,,,61.0,,,,,,,,,,,,50.6,,,,,,,,,,,,,,,,,,
REC02312,Statistical Officer,Education,MoSPI,Master,11,46.7,46.0,78.2,82.5,1,70.9,Intermediate,,,,,,,,,77.3,,67.1,,,,,,,,,,,,,,,,,,,,,,,,74.8,,,,,,,,,,73.6,56.9
REC02313,Cybersecurity Analyst,Administration,Administration,Bachelor,3,12.8,24.1,53.5,71.8,1,50.2,Developing,,,,,,,,38.8,43.7,,,,,,,,,,,,,,,,,,,,,,,,46.3,,,,,,47.7,,,44.3,,,,
REC02314,Data Scientist,Public Health,MoSPI,Bachelor,6,30.7,36.4,85.1,63.0,2,66.9,Intermediate,,,,,,,,,63.6,,67.8,,,,,,,,,,,,,,,,,,,64.0,,,,,,,,,71.6,,,,,,,62.5
REC02315,Biotechnology Faculty,Education,IT,Bachelor,0,14.6,32.9,92.4,64.5,4,69.0,Intermediate,,,,,56.3,,,,69.8,,,,,,,,,,,,,60.9,,,77.7,,,,,,62.0,,,,,,,,,,,,,,,
REC02316,Economist,Finance,Research,Master,3,43.3,73.3,41.4,56.4,1,43.3,Beginner,,,,,,,,,41.6,,,,,44.9,48.0,,,,,,,,,,,,,,,,,,,,,,,,,48.4,,,,,,32.5
REC02317,HR Officer,Administration,Policy,Master,4,95.4,69.2,67.7,63.6,1,62.0,Developing,,,,,,,73.7,,53.2,,,,,,,,,,,,,,61.0,,,56.6,,,,,,,,,,,,,,59.9,,,,,,
REC02318,Biotechnology Faculty,Public Health,DIID,Master,11,75.1,41.2,76.3,96.4,3,74.5,Intermediate,,,,,61.3,,,,78.8,,,,,,,,,,,,,71.3,,,63.8,,,,,,71.6,,,,,,,,,,,,,,,
REC02319,Statistical Officer,Artificial Intelligence,Statistics Division,Bachelor,4,13.7,2.0,83.6,83.1,3,68.7,Intermediate,,,,,,,,,62.6,,56.1,,,,,,,,,,,,,,,,,,,,,,,,60.7,,,,,,,,,,62.3,62.2
REC02320,Legal Officer,Administration,Policy,Master,0,62.7,64.5,68.6,68.4,4,61.1,Developing,,,,,,,67.6,,,,,,,,,,,,,,,,,,,,,,53.8,,,,,61.5,,,,,,50.2,,59.3,,,,
REC02321,Software Engineer,Cybersecurity,Data & Analytics,Master,6,65.4,39.9,99.7,80.9,4,80.1,Advanced,,,,,,,,,,,,,,,,,,,,,,,,57.9,,,,,,,,,,,,66.7,,,75.8,,,,73.3,73.9,,
REC02322,Economist,Data Science,Statistics Division,Master,12,111.7,53.5,86.1,60.5,4,72.6,Intermediate,,,,,,,,,67.7,,,,,78.0,71.7,,,,,,,,,,,,,,,,,,,,,,,,,82.5,,,,,,66.2
REC02323,Data Analyst,Administration,Policy,Bachelor,11,79.5,48.9,97.6,51.1,3,72.6,Intermediate,,,,,,,,,69.7,,59.4,,,,,,,,,,,,,,,,,,,,,,,,,,,,,,,,62.6,,70.6,64.7
REC02324,Legal Officer,Administration,MoSPI,Master,4,46.4,34.4,90.2,83.7,4,76.0,Intermediate,,,,,,,64.8,,,,,,,,,,,,,,,,,,,,,,68.3,,,,,75.2,,,,,,76.3,,84.9,,,,
REC02325,Public Health Officer,Biotechnology,IT,Master,6,32.6,70.7,92.3,62.3,6,71.0,Intermediate,,,,,,62.0,,,61.2,,,,,,,,,58.6,,,,,,,,,,,,,,,,,,,,75.2,,74.3,,,,,,
REC02326,Research Officer,Cybersecurity,IT,Bachelor,13,54.4,42.2,69.6,67.0,2,61.9,Developing,,,,,,,,,55.8,,67.1,,,,,,,,,,,,,,,,,,,,,,,,,,,,,56.0,52.9,,,,,62.1
REC02327,Data Analyst,Agriculture,MoSPI,Master,6,74.2,24.6,97.2,75.1,2,77.1,Intermediate,,,,,,,,,64.8,,71.7,,,,,,,,,,,,,,,,,,,,,,,,,,,,,,,,70.9,,60.4,65.1
REC02328,Agriculture Officer,Environment,Data & Analytics,Bachelor,1,17.7,36.8,73.2,79.1,4,64.0,Developing,,,62.3,,,,,,63.3,,,,,,,,,,,,59.3,,,,,,,,,,,,,,,,,,,66.1,,,,,,63.6
REC02329,Database Administrator,Cybersecurity,Training,Master,8,83.4,35.6,63.1,62.6,3,58.2,Developing,,,,,,,,,,53.7,,56.0,,,,,,,,,,,,,,,,,,,,,,,,57.9,,,61.7,,,,57.1,,,
REC02330,Research Officer,Cybersecurity,Policy,Bachelor,0,57.2,38.4,67.1,89.1,2,65.5,Intermediate,,,,,,,,,64.1,,64.3,,,,,,,,,,,,,,,,,,,,,,,,,,,,,62.5,56.7,,,,,70.3
REC02331,Finance Officer,Statistics,DIID,Bachelor,11,81.6,33.9,63.0,76.7,5,62.3,Developing,65.8,,,,,,,,,,63.3,,,,,,,,63.0,56.6,,,,,,,,,,,,,,,,,,,,,,,,,,51.9
REC02332,Project Manager,Public Policy,IT,Master,10,15.0,20.8,75.7,48.2,1,56.7,Developing,,,,,,,59.0,,45.1,,,,,,,,,,,,,,,,,,54.5,,,,,,,,,57.4,55.3,,,,,,,,,
REC02333,Policy Analyst,Administration,Training,Master,0,74.6,21.6,82.0,100.0,1,76.0,Intermediate,,,,,,,,,72.3,,,,,,,,,,,,,,,,,,,,,,,,,71.3,,,,,,64.7,72.0,,,,,61.4
REC02334,HR Officer,Education,MoSPI,Bachelor,5,76.6,63.7,84.5,87.9,1,75.5,Intermediate,,,,,,,62.9,,62.9,,,,,,,,,,,,,,80.2,,,62.5,,,,,,,,,,,,,,60.1,,,,,,
REC02335,Agriculture Officer,Artificial Intelligence,Training,Bachelor,4,43.4,38.0,55.3,74.6,6,54.9,Developing,,,63.2,,,,,,51.6,,,,,,,,,,,,57.8,,,,,,,,,,,,,,,,,,,40.6,,,,,,51.2
REC02336,Agriculture Officer,Biotechnology,IT,Master,12,72.9,44.5,74.0,82.2,5,69.0,Intermediate,,,50.4,,,,,,59.1,,,,,,,,,,,,73.9,,,,,,,,,,,,,,,,,,,66.8,,,,,,62.8
REC02337,Environmental Officer,Public Health,Statistics Division,Bachelor,10,38.1,17.8,82.1,91.3,3,74.0,Intermediate,,,,,,,,,74.4,,,,,,,,74.1,,,,74.8,,,,,,,,,,,,,,,,,,,69.3,,,,,,71.9
REC02338,Cybersecurity Analyst,Statistics,Administration,Bachelor,3,25.6,22.4,81.2,86.8,4,69.7,Intermediate,,,,,,,,42.7,64.7,,,,,,,,,,,,,,,,,,,,,,,,72.4,,,,,,64.6,,,71.1,,,,
REC02339,Statistical Officer,Finance,Policy,Bachelor,3,61.8,51.5,84.4,94.9,8,76.4,Intermediate,,,,,,,,,69.1,,68.2,,,,,,,,,,,,,,,,,,,,,,,,60.4,,,,,,,,,,75.1,71.5
REC02340,HR Officer,Economics,Data & Analytics,Bachelor,4,30.1,41.9,85.0,49.4,4,61.5,Developing,,,,,,,65.0,,48.7,,,,,,,,,,,,,,44.9,,,59.7,,,,,,,,,,,,,,48.7,,,,,,
REC02341,Biotechnology Faculty,Administration,Administration,Bachelor,0,40.6,46.8,57.8,75.3,2,55.8,Developing,,,,,50.5,,,,69.9,,,,,,,,,,,,,38.9,,,65.1,,,,,,40.2,,,,,,,,,,,,,,,
REC02342,Economist,Economics,Research,PhD,9,59.2,64.4,84.0,100.0,4,79.7,Intermediate,,,,,,,,,73.5,,,,,86.4,71.7,,,,,,,,,,,,,,,,,,,,,,,,,74.1,,,,,,81.1
REC02343,Finance Officer,Public Policy,DIID,Master,9,98.4,61.6,67.8,84.3,2,68.2,Intermediate,65.9,,,,,,,,,,66.3,,,,,,,,61.8,62.9,,,,,,,,,,,,,,,,,,,,,,,,,,64.4
REC02344,Economist,Agriculture,Administration,Master,14,93.8,83.6,81.9,65.7,5,71.4,Intermediate,,,,,,,,,78.6,,,,,71.1,58.9,,,,,,,,,,,,,,,,,,,,,,,,,65.0,,,,,,65.5
REC02345,Data Analyst,Public Health,Training,PhD,13,57.6,13.6,72.7,53.0,4,58.6,Developing,,,,,,,,,42.8,,52.1,,,,,,,,,,,,,,,,,,,,,,,,,,,,,,,,55.3,,56.5,65.6
REC02346,HR Officer,Economics,MoSPI,Master,9,59.8,45.0,81.6,70.7,4,68.8,Intermediate,,,,,,,61.3,,61.7,,,,,,,,,,,,,,66.4,,,69.5,,,,,,,,,,,,,,58.6,,,,,,
REC02347,Biotechnology Faculty,Environment,Data & Analytics,PhD,15,101.3,36.3,67.4,78.9,1,67.3,Intermediate,,,,,63.7,,,,66.1,,,,,,,,,,,,,69.0,,,77.5,,,,,,57.9,,,,,,,,,,,,,,,
REC02348,Agriculture Officer,Cybersecurity,DIID,Bachelor,17,84.3,22.5,81.1,97.4,3,78.4,Intermediate,,,73.1,,,,,,79.8,,,,,,,,,,,,77.4,,,,,,,,,,,,,,,,,,,77.6,,,,,,63.9
REC02349,Statistical Officer,Environment,MoSPI,PhD,3,51.2,58.5,79.9,69.3,1,66.6,Intermediate,,,,,,,,,60.7,,58.4,,,,,,,,,,,,,,,,,,,,,,,,50.6,,,,,,,,,,65.3,71.2
REC02350,Education Officer,Cybersecurity,Policy,Master,3,58.1,53.7,71.5,87.8,2,68.3,Intermediate,,,,62.7,,,63.1,,66.8,,,,,,,69.1,,,,,,,,,,,,66.3,,,,,,,,,,,,,,,,,,
REC02351,Cybersecurity Analyst,Administration,MoSPI,PhD,10,28.5,12.2,81.0,88.0,3,70.1,Intermediate,,,,,,,,60.9,57.7,,,,,,,,,,,,,,,,,,,,,,,,62.1,,,,,,61.8,,,54.8,,,,
REC02352,HR Officer,Environment,MoSPI,Bachelor,3,82.8,57.2,86.3,72.0,3,72.7,Intermediate,,,,,,,66.6,,58.3,,,,,,,,,,,,,,67.7,,,79.3,,,,,,,,,,,,,,74.2,,,,,,
REC02353,Finance Officer,Economics,Data & Analytics,Bachelor,0,89.1,38.0,71.5,85.0,2,67.0,Intermediate,56.2,,,,,,,,,,50.4,,,,,,,,62.1,63.3,,,,,,,,,,,,,,,,,,,,,,,,,,56.1
REC02354,Data Analyst,Cybersecurity,Statistics Division,Master,8,50.5,47.7,76.1,49.8,2,59.7,Developing,,,,,,,,,46.1,,61.9,,,,,,,,,,,,,,,,,,,,,,,,,,,,,,,,65.2,,56.0,59.9
REC02355,Education Officer,Artificial Intelligence,Training,PhD,15,83.9,72.6,61.2,95.4,2,68.5,Intermediate,,,,70.2,,,56.1,,69.4,,,,,,,66.2,,,,,,,,,,,,64.4,,,,,,,,,,,,,,,,,,
REC02356,Research Officer,Administration,Research,Bachelor,7,50.0,8.2,75.6,68.5,1,63.0,Developing,,,,,,,,,68.5,,60.7,,,,,,,,,,,,,,,,,,,,,,,,,,,,,52.6,55.1,,,,,49.8
REC02357,Cybersecurity Analyst,Artificial Intelligence,Statistics Division,Master,3,64.9,57.9,74.8,85.4,1,70.4,Intermediate,,,,,,,,70.1,77.5,,,,,,,,,,,,,,,,,,,,,,,,71.1,,,,,,63.9,,,76.0,,,,
REC02358,Administrative Officer,Public Health,Research,Bachelor,0,5.0,48.8,41.9,76.8,5,45.3,Beginner,,35.5,,,,,31.3,,35.3,,,,,,,,,,,,,,,,,,,,,,,,,,,,43.1,,,48.3,,,,,,
REC02359,Policy Analyst,Finance,IT,Master,9,12.2,31.2,80.8,86.6,4,70.9,Intermediate,,,,,,,,,67.3,,,,,,,,,,,,,,,,,,,,,,,,,67.0,,,,,,72.3,77.6,,,,,64.7
REC02360,AI Engineer,Artificial Intelligence,Training,PhD,3,15.9,13.3,100.0,69.6,5,73.1,Intermediate,,,,,,,,,,,,,62.4,,,,,,,,,,,,,,,,,60.1,,60.6,,,,,,,61.7,,,,,66.1,,
REC02361,Policy Analyst,Agriculture,Training,Master,8,50.0,59.8,79.5,78.7,2,69.7,Intermediate,,,,,,,,,70.6,,,,,,,,,,,,,,,,,,,,,,,,,63.4,,,,,,60.8,59.8,,,,,64.9
REC02362,HR Officer,Public Policy,Administration,Bachelor,2,41.1,66.6,80.4,72.6,2,67.6,Intermediate,,,,,,,57.4,,74.4,,,,,,,,,,,,,,63.9,,,61.6,,,,,,,,,,,,,,59.2,,,,,,
REC02363,Research Officer,Education,Data & Analytics,PhD,2,65.8,39.0,75.1,81.5,1,66.5,Intermediate,,,,,,,,,55.5,,55.6,,,,,,,,,,,,,,,,,,,,,,,,,,,,,54.3,48.7,,,,,59.4
REC02364,Economist,Administration,Policy,Master,11,90.8,34.2,78.9,97.7,2,76.8,Intermediate,,,,,,,,,69.5,,,,,76.7,63.9,,,,,,,,,,,,,,,,,,,,,,,,,61.3,,,,,,82.1
REC02365,Software Engineer,Data Science,DIID,Master,4,53.7,44.7,48.4,51.7,3,44.3,Beginner,,,,,,,,,,,,,,,,,,,,,,,,39.0,,,,,,,,,,,,29.6,,,35.8,,,,44.4,38.6,,
REC02366,HR Officer,Artificial Intelligence,Research,Master,2,41.3,42.8,73.1,68.6,3,61.8,Developing,,,,,,,47.4,,62.0,,,,,,,,,,,,,,53.1,,,51.2,,,,,,,,,,,,,,73.9,,,,,,
REC02367,Legal Officer,Economics,Data & Analytics,PhD,5,69.4,75.8,100.0,57.7,5,76.0,Intermediate,,,,,,,66.4,,,,,,,,,,,,,,,,,,,,,,78.5,,,,,79.3,,,,,,64.7,,78.1,,,,
REC02368,Project Manager,Public Policy,Training,Bachelor,3,26.9,38.5,75.4,72.4,1,63.5,Developing,,,,,,,59.1,,72.2,,,,,,,,,,,,,,,,,,53.4,,,,,,,,,49.7,63.7,,,,,,,,,
REC02369,Cybersecurity Analyst,Public Health,MoSPI,PhD,7,33.8,50.7,87.6,85.6,6,75.2,Intermediate,,,,,,,,72.9,82.3,,,,,,,,,,,,,,,,,,,,,,,,58.3,,,,,,84.1,,,62.9,,,,
REC02370,Biotechnology Faculty,Cybersecurity,Research,Bachelor,7,52.6,68.2,69.4,89.0,7,68.5,Intermediate,,,,,71.8,,,,69.8,,,,,,,,,,,,,71.5,,,50.7,,,,,,74.7,,,,,,,,,,,,,,,
REC02371,Finance Officer,Environment,Data & Analytics,Bachelor,6,27.0,33.2,56.6,73.7,5,54.1,Developing,51.0,,,,,,,,,,50.8,,,,,,,,37.8,52.7,,,,,,,,,,,,,,,,,,,,,,,,,,57.2
REC02372,AI Engineer,Data Science,IT,Master,8,70.9,55.2,97.8,70.0,1,78.1,Intermediate,,,,,,,,,,,,,64.6,,,,,,,,,,,,,,,,,75.1,,78.3,,,,,,,81.0,,,,,69.5,,
REC02373,Biotechnology Faculty,Agriculture,Administration,Master,5,78.7,19.0,73.5,72.7,5,64.6,Developing,,,,,67.5,,,,58.1,,,,,,,,,,,,,42.0,,,66.8,,,,,,59.3,,,,,,,,,,,,,,,
REC02374,AI Engineer,Cybersecurity,DIID,Master,0,61.5,62.3,83.7,69.2,1,69.2,Intermediate,,,,,,,,,,,,,70.2,,,,,,,,,,,,,,,,,59.5,,66.0,,,,,,,69.0,,,,,65.3,,
REC02375,Agriculture Officer,Agriculture,Research,PhD,9,66.9,29.5,83.4,84.7,4,74.7,Intermediate,,,74.2,,,,,,83.8,,,,,,,,,,,,67.5,,,,,,,,,,,,,,,,,,,82.9,,,,,,64.2
REC02376,Statistical Officer,Biotechnology,Policy,Bachelor,14,74.1,49.2,85.7,82.7,3,77.1,Intermediate,,,,,,,,,81.7,,71.6,,,,,,,,,,,,,,,,,,,,,,,,78.4,,,,,,,,,,81.5,76.5
REC02377,Research Officer,Finance,IT,PhD,0,29.1,39.2,75.7,66.6,3,60.9,Developing,,,,,,,,,48.1,,61.9,,,,,,,,,,,,,,,,,,,,,,,,,,,,,55.0,45.4,,,,,55.1
REC02378,Cybersecurity Analyst,Public Health,IT,Master,16,123.7,60.4,62.5,100.0,1,72.6,Intermediate,,,,,,,,67.6,69.2,,,,,,,,,,,,,,,,,,,,,,,,83.7,,,,,,68.4,,,63.5,,,,
REC02379,Statistical Officer,Artificial Intelligence,Policy,Master,3,47.1,39.5,59.9,93.2,2,62.9,Developing,,,,,,,,,52.2,,62.1,,,,,,,,,,,,,,,,,,,,,,,,58.0,,,,,,,,,,67.1,66.1
REC02380,Agriculture Officer,Education,DIID,Master,8,64.2,62.9,85.0,74.5,2,72.0,Intermediate,,,69.6,,,,,,68.0,,,,,,,,,,,,62.1,,,,,,,,,,,,,,,,,,,70.3,,,,,,55.1
REC02381,Agriculture Officer,Education,Training,PhD,5,60.1,48.5,100.0,45.8,2,70.4,Intermediate,,,62.1,,,,,,62.8,,,,,,,,,,,,49.3,,,,,,,,,,,,,,,,,,,73.4,,,,,,68.7
REC02382,Finance Officer,Statistics,MoSPI,Master,7,81.7,62.0,92.7,81.2,4,79.2,Intermediate,79.4,,,,,,,,,,72.4,,,,,,,,70.6,78.4,,,,,,,,,,,,,,,,,,,,,,,,,,72.2
REC02383,AI Engineer,Data Science,Policy,PhD,0,45.7,20.7,74.8,70.0,4,62.2,Developing,,,,,,,,,,,,,54.2,,,,,,,,,,,,,,,,,53.1,,53.8,,,,,,,56.1,,,,,66.3,,
REC02384,Education Officer,Administration,Data & Analytics,Master,4,22.2,29.0,90.1,51.7,2,64.1,Developing,,,,53.7,,,65.5,,60.2,,,,,,,49.0,,,,,,,,,,,,53.7,,,,,,,,,,,,,,,,,,
REC02385,Data Scientist,Cybersecurity,Training,Master,6,66.2,56.1,80.7,39.4,3,59.0,Developing,,,,,,,,,54.3,,61.7,,,,,,,,,,,,,,,,,,,39.5,,,,,,,,,47.0,,,,,,,55.3
REC02386,Statistical Officer,Administration,DIID,Bachelor,5,44.3,63.0,76.8,52.6,7,59.2,Developing,,,,,,,,,42.4,,51.4,,,,,,,,,,,,,,,,,,,,,,,,42.8,,,,,,,,,,48.1,58.7
REC02387,Education Officer,Biotechnology,Research,Master,0,25.4,48.3,84.4,72.4,7,67.8,Intermediate,,,,64.5,,,53.5,,62.6,,,,,,,77.5,,,,,,,,,,,,53.7,,,,,,,,,,,,,,,,,,
REC02388,Database Administrator,Computer Science,Research,Master,6,40.6,36.3,53.4,78.4,5,54.8,Developing,,,,,,,,,,47.1,,64.0,,,,,,,,,,,,,,,,,,,,,,,,50.3,,,43.9,,,,52.8,,,
REC02389,AI Engineer,Computer Science,Research,Bachelor,0,40.4,29.0,57.9,66.5,3,52.4,Developing,,,,,,,,,,,,,48.9,,,,,,,,,,,,,,,,,54.4,,37.6,,,,,,,45.7,,,,,53.2,,
REC02390,Project Manager,Data Science,DIID,Master,2,29.2,25.9,73.3,89.4,3,67.2,Intermediate,,,,,,,70.0,,60.6,,,,,,,,,,,,,,,,,,64.5,,,,,,,,,66.8,60.8,,,,,,,,,
REC02391,Public Health Officer,Cybersecurity,Statistics Division,Bachelor,9,74.6,38.8,55.8,79.6,1,59.6,Developing,,,,,,69.3,,,55.8,,,,,,,,,60.7,,,,,,,,,,,,,,,,,,,,71.3,,49.8,,,,,,
REC02392,Education Officer,Artificial Intelligence,Statistics Division,Master,8,47.0,32.1,90.8,71.1,4,72.2,Intermediate,,,,65.0,,,63.0,,74.2,,,,,,,68.3,,,,,,,,,,,,52.1,,,,,,,,,,,,,,,,,,
REC02393,Statistical Officer,Education,Statistics Division,Master,7,39.4,26.7,56.0,68.2,3,53.5,Developing,,,,,,,,,50.4,,63.2,,,,,,,,,,,,,,,,,,,,,,,,48.9,,,,,,,,,,55.3,50.0
REC02394,HR Officer,Data Science,Training,Bachelor,11,59.8,47.7,72.6,61.6,1,62.8,Developing,,,,,,,71.8,,62.6,,,,,,,,,,,,,,64.4,,,59.3,,,,,,,,,,,,,,59.9,,,,,,
REC02395,Software Engineer,Cybersecurity,Statistics Division,Bachelor,8,66.8,33.6,59.1,80.4,1,60.4,Developing,,,,,,,,,,,,,,,,,,,,,,,,56.9,,,,,,,,,,,,73.4,,,62.1,,,,49.9,55.9,,
REC02396,Public Health Officer,Biotechnology,Training,PhD,1,65.0,49.9,75.3,85.4,3,69.3,Intermediate,,,,,,51.4,,,71.9,,,,,,,,,64.7,,,,,,,,,,,,,,,,,,,,78.3,,61.6,,,,,,
REC02397,Education Officer,Cybersecurity,Data & Analytics,Bachelor,6,48.6,51.2,75.7,64.0,2,63.0,Developing,,,,57.5,,,50.4,,59.4,,,,,,,55.0,,,,,,,,,,,,70.0,,,,,,,,,,,,,,,,,,
REC02398,Biotechnology Faculty,Agriculture,Research,Bachelor,6,61.6,63.2,97.7,71.3,1,78.0,Intermediate,,,,,64.7,,,,81.7,,,,,,,,,,,,,69.8,,,72.5,,,,,,84.6,,,,,,,,,,,,,,,
REC02399,Finance Officer,Statistics,Policy,Master,6,46.7,22.6,86.5,63.0,2,67.2,Intermediate,65.6,,,,,,,,,,56.2,,,,,,,,57.3,64.3,,,,,,,,,,,,,,,,,,,,,,,,,,61.8
REC02400,Database Administrator,Cybersecurity,Research,Master,2,24.0,44.3,81.8,69.9,4,65.6,Intermediate,,,,,,,,,,62.9,,58.7,,,,,,,,,,,,,,,,,,,,,,,,63.9,,,50.8,,,,60.6,,,
REC02401,Administrative Officer,Biotechnology,Administration,Bachelor,6,71.1,9.4,73.4,73.9,2,64.7,Developing,,50.1,,,,,62.7,,68.5,,,,,,,,,,,,,,,,,,,,,,,,,,,,65.5,,,54.3,,,,,,
REC02402,Software Engineer,Data Science,Administration,Bachelor,3,26.4,28.1,65.1,96.4,5,65.1,Intermediate,,,,,,,,,,,,,,,,,,,,,,,,61.7,,,,,,,,,,,,76.7,,,57.7,,,,66.2,54.7,,
REC02403,Public Health Officer,Public Health,Statistics Division,Bachelor,5,97.1,71.5,71.9,70.9,8,66.9,Intermediate,,,,,,67.4,,,61.2,,,,,,,,,72.5,,,,,,,,,,,,,,,,,,,,70.2,,65.4,,,,,,
REC02404,Public Health Officer,Public Policy,Policy,Bachelor,0,31.6,21.0,75.0,66.6,6,60.1,Developing,,,,,,56.4,,,52.3,,,,,,,,,58.5,,,,,,,,,,,,,,,,,,,,52.0,,40.8,,,,,,
REC02405,AI Engineer,Data Science,Policy,Bachelor,0,45.8,31.5,68.6,71.6,5,60.3,Developing,,,,,,,,,,,,,54.7,,,,,,,,,,,,,,,,,58.5,,61.5,,,,,,,53.8,,,,,62.3,,
REC02406,Research Officer,Public Policy,Administration,Master,17,102.7,84.2,100.0,86.1,2,88.7,Advanced,,,,,,,,,100.0,,86.5,,,,,,,,,,,,,,,,,,,,,,,,,,,,,91.7,81.8,,,,,89.9
REC02407,Agriculture Officer,Public Policy,Research,Master,8,77.7,43.1,46.7,94.2,1,59.3,Developing,,,58.2,,,,,,67.8,,,,,,,,,,,,60.8,,,,,,,,,,,,,,,,,,,63.7,,,,,,57.7
REC02408,Cybersecurity Analyst,Public Policy,Training,Master,0,28.3,47.0,87.0,71.2,3,68.2,Intermediate,,,,,,,,56.4,71.3,,,,,,,,,,,,,,,,,,,,,,,,48.7,,,,,,55.9,,,62.9,,,,
REC02409,Economist,Economics,MoSPI,Master,7,66.1,62.2,82.3,69.2,2,70.3,Intermediate,,,,,,,,,76.2,,,,,65.2,82.3,,,,,,,,,,,,,,,,,,,,,,,,,67.2,,,,,,63.2
REC02410,Administrative Officer,Statistics,Administration,Master,10,73.7,41.1,56.9,78.5,2,59.6,Developing,,62.2,,,,,57.8,,61.1,,,,,,,,,,,,,,,,,,,,,,,,,,,,62.0,,,53.1,,,,,,
REC02411,Finance Officer,Statistics,Data & Analytics,Master,2,5.0,49.6,64.6,76.9,6,57.9,Developing,47.8,,,,,,,,,,60.2,,,,,,,,53.2,55.8,,,,,,,,,,,,,,,,,,,,,,,,,,45.5
REC02412,Economist,Data Science,Statistics Division,Master,3,82.0,38.0,83.8,71.3,1,70.4,Intermediate,,,,,,,,,64.5,,,,,69.1,57.0,,,,,,,,,,,,,,,,,,,,,,,,,74.5,,,,,,63.4
REC02413,Research Officer,Environment,MoSPI,Master,7,52.3,52.4,73.7,56.4,4,59.9,Developing,,,,,,,,,56.9,,55.1,,,,,,,,,,,,,,,,,,,,,,,,,,,,,51.0,61.3,,,,,47.7
REC02414,Project Manager,Public Health,Policy,Bachelor,6,59.7,31.3,53.8,48.9,6,47.8,Beginner,,,,,,,38.2,,50.0,,,,,,,,,,,,,,,,,,49.9,,,,,,,,,53.5,48.5,,,,,,,,,
REC02415,Biotechnology Faculty,Public Policy,Administration,PhD,9,24.3,17.6,80.6,89.2,1,71.2,Intermediate,,,,,64.4,,,,67.5,,,,,,,,,,,,,62.5,,,71.1,,,,,,69.8,,,,,,,,,,,,,,,
REC02416,Data Scientist,Cybersecurity,Training,Bachelor,6,49.4,29.3,68.2,73.1,4,61.1,Developing,,,,,,,,,50.4,,55.5,,,,,,,,,,,,,,,,,,,62.4,,,,,,,,,62.8,,,,,,,52.0
REC02417,Data Scientist,Administration,DIID,Master,5,46.2,42.5,70.0,82.6,3,64.3,Developing,,,,,,,,,59.8,,46.4,,,,,,,,,,,,,,,,,,,68.8,,,,,,,,,52.5,,,,,,,52.9
REC02418,Database Administrator,Cybersecurity,Administration,Master,5,34.6,19.3,84.9,75.7,2,69.8,Intermediate,,,,,,,,,,67.4,,59.4,,,,,,,,,,,,,,,,,,,,,,,,81.3,,,60.7,,,,66.2,,,
REC02419,Finance Officer,Agriculture,Research,Master,20,113.0,67.2,93.4,70.2,2,80.1,Advanced,75.9,,,,,,,,,,72.9,,,,,,,,72.6,76.5,,,,,,,,,,,,,,,,,,,,,,,,,,81.3
REC02420,Education Officer,Data Science,Data & Analytics,Master,0,5.0,14.9,81.1,77.4,3,65.1,Intermediate,,,,65.4,,,56.0,,58.1,,,,,,,47.8,,,,,,,,,,,,60.3,,,,,,,,,,,,,,,,,,
REC02421,Finance Officer,Economics,MoSPI,Master,4,39.6,41.3,67.8,70.1,1,59.5,Developing,66.2,,,,,,,,,,50.0,,,,,,,,54.0,45.8,,,,,,,,,,,,,,,,,,,,,,,,,,56.7
REC02422,Public Health Officer,Biotechnology,Administration,Master,16,84.6,59.3,98.5,75.6,4,81.9,Advanced,,,,,,75.3,,,77.2,,,,,,,,,79.1,,,,,,,,,,,,,,,,,,,,80.2,,73.7,,,,,,
REC02423,Public Health Officer,Administration,Statistics Division,Bachelor,0,50.2,49.0,84.5,83.9,3,72.5,Intermediate,,,,,,63.1,,,58.4,,,,,,,,,73.7,,,,,,,,,,,,,,,,,,,,77.1,,61.8,,,,,,
REC02424,Software Engineer,Artificial Intelligence,Statistics Division,Master,6,72.4,40.4,75.6,63.3,5,63.3,Developing,,,,,,,,,,,,,,,,,,,,,,,,60.3,,,,,,,,,,,,58.2,,,63.7,,,,47.8,55.5,,
REC02425,Policy Analyst,Agriculture,Policy,Master,12,82.5,41.8,72.3,93.4,4,71.6,Intermediate,,,,,,,,,60.3,,,,,,,,,,,,,,,,,,,,,,,,,59.2,,,,,,64.4,69.4,,,,,64.3
REC02426,Policy Analyst,Public Health,Research,Master,15,122.2,96.7,81.7,74.7,1,75.2,Intermediate,,,,,,,,,61.7,,,,,,,,,,,,,,,,,,,,,,,,,64.5,,,,,,66.9,80.5,,,,,63.3
REC02427,Software Engineer,Cybersecurity,Training,Master,11,76.1,30.3,92.6,97.8,1,83.1,Advanced,,,,,,,,,,,,,,,,,,,,,,,,67.9,,,,,,,,,,,,88.5,,,77.5,,,,74.8,75.5,,
REC02428,Project Manager,Biotechnology,Data & Analytics,Bachelor,6,53.9,37.0,82.8,72.5,3,68.8,Intermediate,,,,,,,68.6,,63.7,,,,,,,,,,,,,,,,,,53.6,,,,,,,,,68.2,57.4,,,,,,,,,
REC02429,AI Engineer,Cybersecurity,Statistics Division,Master,11,66.4,57.4,81.2,72.2,1,70.5,Intermediate,,,,,,,,,,,,,62.0,,,,,,,,,,,,,,,,,71.8,,61.9,,,,,,,76.7,,,,,66.4,,
REC02430,Database Administrator,Data Science,Research,Bachelor,2,17.4,27.0,59.3,71.7,4,54.2,Developing,,,,,,,,,,42.4,,46.9,,,,,,,,,,,,,,,,,,,,,,,,54.4,,,56.2,,,,62.4,,,
REC02431,Data Scientist,Education,MoSPI,Master,17,104.5,67.8,79.2,87.7,3,77.7,Intermediate,,,,,,,,,71.3,,74.0,,,,,,,,,,,,,,,,,,,89.7,,,,,,,,,85.0,,,,,,,70.6
REC02432,Agriculture Officer,Agriculture,Statistics Division,Master,0,7.2,16.3,100.0,67.3,5,72.1,Intermediate,,,74.6,,,,,,66.7,,,,,,,,,,,,58.4,,,,,,,,,,,,,,,,,,,54.6,,,,,,65.2
REC02433,Legal Officer,Cybersecurity,Data & Analytics,PhD,0,17.4,32.4,46.2,77.8,1,49.0,Beginner,,,,,,,54.1,,,,,,,,,,,,,,,,,,,,,,34.7,,,,,36.8,,,,,,62.2,,51.0,,,,
REC02434,Agriculture Officer,Statistics,Research,Master,4,83.2,37.1,80.2,88.1,1,73.4,Intermediate,,,69.5,,,,,,64.8,,,,,,,,,,,,61.4,,,,,,,,,,,,,,,,,,,71.1,,,,,,72.8
REC02435,AI Engineer,Computer Science,DIID,Master,7,87.8,44.4,84.6,83.7,1,75.8,Intermediate,,,,,,,,,,,,,65.3,,,,,,,,,,,,,,,,,74.2,,84.6,,,,,,,68.5,,,,,72.4,,
REC02436,Statistical Officer,Statistics,IT,Master,16,61.5,36.7,89.9,80.0,3,77.2,Intermediate,,,,,,,,,70.9,,77.6,,,,,,,,,,,,,,,,,,,,,,,,81.1,,,,,,,,,,63.1,78.2
REC02437,Public Health Officer,Cybersecurity,Training,Bachelor,7,93.3,41.5,73.8,66.6,4,64.3,Developing,,,,,,56.4,,,65.0,,,,,,,,,54.4,,,,,,,,,,,,,,,,,,,,55.9,,50.7,,,,,,
REC02438,Research Officer,Economics,Research,Master,5,32.3,44.8,78.1,68.3,1,64.3,Developing,,,,,,,,,58.6,,62.4,,,,,,,,,,,,,,,,,,,,,,,,,,,,,60.6,59.9,,,,,56.8
REC02439,Data Scientist,Environment,Data & Analytics,PhD,6,68.2,48.3,74.5,63.4,2,62.8,Developing,,,,,,,,,63.8,,58.5,,,,,,,,,,,,,,,,,,,44.4,,,,,,,,,55.1,,,,,,,58.4
REC02440,Finance Officer,Finance,Policy,Master,5,76.4,33.7,77.5,84.2,5,71.0,Intermediate,62.8,,,,,,,,,,66.6,,,,,,,,73.4,67.0,,,,,,,,,,,,,,,,,,,,,,,,,,71.9
REC02441,Education Officer,Public Policy,Policy,Master,5,55.1,33.1,72.9,69.6,4,62.9,Developing,,,,58.8,,,56.3,,51.8,,,,,,,67.4,,,,,,,,,,,,58.3,,,,,,,,,,,,,,,,,,
REC02442,HR Officer,Environment,Training,Bachelor,11,63.8,44.4,42.7,74.7,6,50.2,Developing,,,,,,,48.6,,45.0,,,,,,,,,,,,,,44.9,,,42.4,,,,,,,,,,,,,,53.6,,,,,,
REC02443,Policy Analyst,Public Health,Administration,Bachelor,0,50.6,51.7,71.2,66.8,7,60.5,Developing,,,,,,,,,59.6,,,,,,,,,,,,,,,,,,,,,,,,,42.1,,,,,,64.6,55.7,,,,,53.2
REC02444,Data Analyst,Economics,IT,Master,8,63.8,56.5,48.7,71.5,2,52.6,Developing,,,,,,,,,50.6,,57.1,,,,,,,,,,,,,,,,,,,,,,,,,,,,,,,,48.1,,47.4,49.2
REC02445,Finance Officer,Agriculture,DIID,PhD,10,37.2,27.4,85.9,72.2,3,70.3,Intermediate,86.4,,,,,,,,,,77.5,,,,,,,,51.2,59.4,,,,,,,,,,,,,,,,,,,,,,,,,,62.1
REC02446,Data Scientist,Public Policy,IT,PhD,8,12.1,56.8,96.9,49.9,4,68.2,Intermediate,,,,,,,,,56.7,,63.4,,,,,,,,,,,,,,,,,,,59.1,,,,,,,,,59.1,,,,,,,68.5
REC02447,Legal Officer,Public Policy,Data & Analytics,Master,16,36.4,24.3,90.5,61.4,2,70.0,Intermediate,,,,,,,72.4,,,,,,,,,,,,,,,,,,,,,,49.9,,,,,76.3,,,,,,66.0,,59.4,,,,
REC02448,Legal Officer,Cybersecurity,Administration,PhD,3,61.7,47.2,69.2,76.4,4,63.7,Developing,,,,,,,67.3,,,,,,,,,,,,,,,,,,,,,,70.3,,,,,51.7,,,,,,48.4,,66.6,,,,
REC02449,Economist,Education,IT,Master,10,68.9,40.2,76.7,74.7,4,68.1,Intermediate,,,,,,,,,59.5,,,,,69.5,65.3,,,,,,,,,,,,,,,,,,,,,,,,,56.9,,,,,,70.9
REC02450,Agriculture Officer,Education,Statistics Division,Master,0,46.6,30.8,87.3,80.8,4,71.8,Intermediate,,,61.2,,,,,,54.9,,,,,,,,,,,,72.1,,,,,,,,,,,,,,,,,,,57.5,,,,,,69.0
REC02451,Legal Officer,Economics,Administration,Bachelor,18,83.4,64.1,59.0,87.3,2,65.7,Intermediate,,,,,,,59.1,,,,,,,,,,,,,,,,,,,,,,70.9,,,,,52.0,,,,,,79.0,,67.8,,,,
REC02452,Agriculture Officer,Administration,IT,Bachelor,3,84.0,60.4,84.3,82.6,4,75.1,Intermediate,,,73.5,,,,,,72.0,,,,,,,,,,,,72.6,,,,,,,,,,,,,,,,,,,75.0,,,,,,71.6
REC02453,Database Administrator,Computer Science,Statistics Division,Bachelor,12,74.3,38.7,64.2,74.8,3,62.7,Developing,,,,,,,,,,60.1,,59.1,,,,,,,,,,,,,,,,,,,,,,,,65.6,,,63.4,,,,66.3,,,
REC02454,Finance Officer,Data Science,MoSPI,Master,0,69.2,20.6,76.4,43.3,3,56.3,Developing,48.2,,,,,,,,,,39.5,,,,,,,,51.3,57.8,,,,,,,,,,,,,,,,,,,,,,,,,,52.9
REC02455,Public Health Officer,Environment,Training,Master,13,59.9,62.5,87.1,92.9,2,80.3,Advanced,,,,,,84.8,,,81.1,,,,,,,,,82.1,,,,,,,,,,,,,,,,,,,,88.4,,64.7,,,,,,
REC02456,Environmental Officer,Biotechnology,Research,Bachelor,11,47.5,39.1,95.0,85.1,4,80.2,Advanced,,,,,,,,,87.2,,,,,,,,79.5,,,,83.7,,,,,,,,,,,,,,,,,,,69.5,,,,,,72.3
REC02457,Administrative Officer,Statistics,Administration,Master,11,37.2,42.3,86.8,65.9,2,69.3,Intermediate,,72.1,,,,,64.3,,62.4,,,,,,,,,,,,,,,,,,,,,,,,,,,,58.3,,,68.7,,,,,,
REC02458,Education Officer,Public Policy,MoSPI,Bachelor,4,53.4,37.8,85.9,61.6,1,68.3,Intermediate,,,,68.7,,,61.9,,72.8,,,,,,,72.5,,,,,,,,,,,,71.7,,,,,,,,,,,,,,,,,,
REC02459,HR Officer,Public Health,Policy,Master,10,51.9,51.4,98.5,71.5,2,78.2,Intermediate,,,,,,,72.6,,73.1,,,,,,,,,,,,,,74.8,,,83.9,,,,,,,,,,,,,,67.6,,,,,,
REC02460,Data Analyst,Computer Science,MoSPI,PhD,10,78.3,41.8,88.6,80.1,2,77.0,Intermediate,,,,,,,,,73.9,,72.4,,,,,,,,,,,,,,,,,,,,,,,,,,,,,,,,90.3,,64.8,77.7
REC02461,Data Scientist,Environment,MoSPI,Bachelor,7,59.9,24.9,65.9,85.1,1,63.9,Developing,,,,,,,,,60.4,,74.0,,,,,,,,,,,,,,,,,,,52.7,,,,,,,,,58.9,,,,,,,50.8
REC02462,AI Engineer,Computer Science,Policy,Master,8,51.3,32.3,94.4,68.9,2,73.0,Intermediate,,,,,,,,,,,,,64.3,,,,,,,,,,,,,,,,,69.5,,63.4,,,,,,,52.2,,,,,59.4,,
REC02463,AI Engineer,Cybersecurity,Research,Bachelor,4,17.0,9.7,73.7,60.1,2,56.7,Developing,,,,,,,,,,,,,45.9,,,,,,,,,,,,,,,,,42.0,,40.0,,,,,,,48.2,,,,,60.1,,
REC02464,Project Manager,Public Health,Policy,PhD,4,62.0,42.9,64.4,65.8,3,58.1,Developing,,,,,,,53.9,,53.9,,,,,,,,,,,,,,,,,,53.5,,,,,,,,,53.2,64.2,,,,,,,,,
REC02465,Public Health Officer,Agriculture,DIID,Master,1,10.7,47.9,74.1,73.6,5,62.3,Developing,,,,,,60.9,,,55.5,,,,,,,,,58.2,,,,,,,,,,,,,,,,,,,,59.2,,59.6,,,,,,
REC02466,Administrative Officer,Public Policy,Statistics Division,PhD,11,45.3,32.0,90.6,91.8,1,79.4,Intermediate,,74.1,,,,,82.9,,71.0,,,,,,,,,,,,,,,,,,,,,,,,,,,,84.1,,,72.0,,,,,,
REC02467,Software Engineer,Cybersecurity,Policy,Master,4,86.5,60.5,60.9,66.7,2,58.1,Developing,,,,,,,,,,,,,,,,,,,,,,,,45.5,,,,,,,,,,,,46.8,,,57.0,,,,56.8,66.5,,
REC02468,Biotechnology Faculty,Artificial Intelligence,MoSPI,Bachelor,5,62.0,57.1,63.5,59.5,4,56.2,Developing,,,,,52.3,,,,55.6,,,,,,,,,,,,,55.6,,,45.4,,,,,,57.2,,,,,,,,,,,,,,,
REC02469,Data Scientist,Finance,IT,Bachelor,4,70.5,51.1,95.1,86.9,3,80.6,Advanced,,,,,,,,,70.0,,74.8,,,,,,,,,,,,,,,,,,,70.6,,,,,,,,,82.8,,,,,,,75.3
REC02470,Finance Officer,Statistics,Statistics Division,Bachelor,14,55.4,45.2,82.0,70.2,8,69.3,Intermediate,62.7,,,,,,,,,,67.8,,,,,,,,62.5,62.5,,,,,,,,,,,,,,,,,,,,,,,,,,64.7
REC02471,Database Administrator,Computer Science,Research,Master,5,85.8,42.5,80.9,82.9,5,74.0,Intermediate,,,,,,,,,,72.9,,78.5,,,,,,,,,,,,,,,,,,,,,,,,77.6,,,77.6,,,,71.8,,,
REC02472,Policy Analyst,Data Science,IT,PhD,3,44.7,14.8,94.2,65.3,2,70.3,Intermediate,,,,,,,,,64.7,,,,,,,,,,,,,,,,,,,,,,,,,49.3,,,,,,60.4,69.0,,,,,53.7
REC02473,Data Analyst,Public Health,Administration,PhD,11,64.3,36.9,70.3,82.9,1,67.9,Intermediate,,,,,,,,,68.3,,71.8,,,,,,,,,,,,,,,,,,,,,,,,,,,,,,,,65.0,,71.2,72.5
REC02474,Data Analyst,Artificial Intelligence,Data & Analytics,Master,0,37.7,40.8,51.1,87.1,7,54.7,Developing,,,,,,,,,44.9,,43.9,,,,,,,,,,,,,,,,,,,,,,,,,,,,,,,,37.3,,61.0,56.6
REC02475,Public Health Officer,Public Health,Statistics Division,PhD,7,58.2,57.8,80.5,66.8,6,67.0,Intermediate,,,,,,58.0,,,60.3,,,,,,,,,51.8,,,,,,,,,,,,,,,,,,,,70.7,,64.4,,,,,,
REC02476,Project Manager,Computer Science,IT,PhD,6,101.6,40.7,63.3,71.0,6,61.0,Developing,,,,,,,58.8,,51.3,,,,,,,,,,,,,,,,,,61.8,,,,,,,,,52.5,59.1,,,,,,,,,
REC02477,Public Health Officer,Agriculture,IT,Master,6,46.5,33.7,92.9,71.1,2,73.6,Intermediate,,,,,,68.0,,,65.1,,,,,,,,,70.6,,,,,,,,,,,,,,,,,,,,62.3,,78.3,,,,,,
REC02478,Statistical Officer,Agriculture,DIID,PhD,5,65.6,82.8,86.0,85.6,4,76.5,Intermediate,,,,,,,,,75.5,,78.9,,,,,,,,,,,,,,,,,,,,,,,,76.7,,,,,,,,,,68.6,59.4
REC02479,Finance Officer,Economics,Data & Analytics,Master,5,62.5,46.0,76.6,87.9,5,70.8,Intermediate,72.5,,,,,,,,,,72.4,,,,,,,,63.1,68.1,,,,,,,,,,,,,,,,,,,,,,,,,,52.2
REC02480,Project Manager,Cybersecurity,DIID,Bachelor,0,43.7,21.8,85.1,72.1,2,67.8,Intermediate,,,,,,,57.3,,58.9,,,,,,,,,,,,,,,,,,59.0,,,,,,,,,57.4,66.2,,,,,,,,,
REC02481,Policy Analyst,Administration,IT,Bachelor,0,48.9,28.6,67.3,72.2,3,59.2,Developing,,,,,,,,,45.5,,,,,,,,,,,,,,,,,,,,,,,,,43.1,,,,,,62.3,54.2,,,,,63.0
REC02482,Database Administrator,Cybersecurity,IT,Bachelor,5,101.5,89.4,81.3,86.1,4,76.8,Intermediate,,,,,,,,,,80.1,,70.3,,,,,,,,,,,,,,,,,,,,,,,,83.2,,,79.7,,,,66.0,,,
REC02483,Administrative Officer,Biotechnology,Research,Master,9,60.6,42.9,72.6,55.8,3,60.5,Developing,,71.5,,,,,58.4,,64.3,,,,,,,,,,,,,,,,,,,,,,,,,,,,49.1,,,56.4,,,,,,
REC02484,Biotechnology Faculty,Education,Statistics Division,Bachelor,5,54.9,72.0,69.8,89.2,3,68.0,Intermediate,,,,,69.4,,,,53.9,,,,,,,,,,,,,63.6,,,69.3,,,,,,60.3,,,,,,,,,,,,,,,
REC02485,Agriculture Officer,Biotechnology,DIID,PhD,3,35.6,50.8,67.2,65.2,5,57.3,Developing,,,42.1,,,,,,52.2,,,,,,,,,,,,46.0,,,,,,,,,,,,,,,,,,,52.6,,,,,,58.9
REC02486,Finance Officer,Statistics,DIID,Master,0,88.2,84.7,95.5,30.2,2,65.9,Intermediate,62.7,,,,,,,,,,64.0,,,,,,,,60.6,68.9,,,,,,,,,,,,,,,,,,,,,,,,,,56.1
REC02487,Finance Officer,Economics,Research,Bachelor,6,41.6,27.1,58.1,64.5,3,52.7,Developing,44.6,,,,,,,,,,43.9,,,,,,,,48.9,56.3,,,,,,,,,,,,,,,,,,,,,,,,,,45.7
REC02488,Finance Officer,Public Policy,MoSPI,Bachelor,4,75.2,54.1,72.0,100.0,5,73.2,Intermediate,69.9,,,,,,,,,,70.0,,,,,,,,72.3,76.8,,,,,,,,,,,,,,,,,,,,,,,,,,64.8
REC02489,Software Engineer,Data Science,Research,Master,9,78.3,68.0,76.7,78.9,3,71.0,Intermediate,,,,,,,,,,,,,,,,,,,,,,,,58.7,,,,,,,,,,,,80.5,,,76.7,,,,68.4,64.8,,
REC02490,Public Health Officer,Public Health,Statistics Division,Master,11,111.6,66.2,69.3,96.0,1,74.2,Intermediate,,,,,,73.5,,,69.8,,,,,,,,,79.8,,,,,,,,,,,,,,,,,,,,73.7,,72.1,,,,,,
REC02491,Education Officer,Public Policy,Statistics Division,Bachelor,12,73.1,22.8,70.5,81.1,3,66.8,Intermediate,,,,66.5,,,62.5,,68.6,,,,,,,65.3,,,,,,,,,,,,57.0,,,,,,,,,,,,,,,,,,
REC02492,Data Analyst,Statistics,Policy,Bachelor,2,40.5,37.7,100.0,59.3,4,71.9,Intermediate,,,,,,,,,75.4,,49.8,,,,,,,,,,,,,,,,,,,,,,,,,,,,,,,,59.7,,56.7,61.6
REC02493,Statistical Officer,Agriculture,Administration,Bachelor,4,63.7,46.8,91.8,84.5,4,78.1,Intermediate,,,,,,,,,68.4,,78.3,,,,,,,,,,,,,,,,,,,,,,,,76.3,,,,,,,,,,74.1,74.1
REC02494,Agriculture Officer,Economics,Administration,Bachelor,0,45.5,60.6,50.2,63.7,2,49.5,Beginner,,,56.0,,,,,,47.9,,,,,,,,,,,,50.1,,,,,,,,,,,,,,,,,,,48.5,,,,,,44.4
REC02495,HR Officer,Cybersecurity,MoSPI,Master,9,61.1,48.1,81.7,72.4,1,70.1,Intermediate,,,,,,,64.5,,64.0,,,,,,,,,,,,,,59.9,,,79.2,,,,,,,,,,,,,,73.3,,,,,,
REC02496,Data Scientist,Biotechnology,MoSPI,Master,10,82.5,66.2,57.2,88.3,2,63.4,Developing,,,,,,,,,66.5,,52.9,,,,,,,,,,,,,,,,,,,57.7,,,,,,,,,66.8,,,,,,,58.3
REC02497,Biotechnology Faculty,Agriculture,MoSPI,Bachelor,11,94.5,73.0,84.3,78.4,3,75.6,Intermediate,,,,,71.7,,,,74.4,,,,,,,,,,,,,63.2,,,73.4,,,,,,73.1,,,,,,,,,,,,,,,
REC02498,AI Engineer,Computer Science,Statistics Division,PhD,0,84.4,47.4,66.1,75.5,1,62.3,Developing,,,,,,,,,,,,,60.8,,,,,,,,,,,,,,,,,72.1,,53.4,,,,,,,50.9,,,,,52.6,,
REC02499,Data Scientist,Statistics,IT,Master,0,33.7,52.9,76.0,76.4,3,65.5,Intermediate,,,,,,,,,54.9,,59.3,,,,,,,,,,,,,,,,,,,60.5,,,,,,,,,75.8,,,,,,,63.2
REC02500,Software Engineer,Computer Science,DIID,PhD,16,91.9,35.1,67.4,100.0,4,73.5,Intermediate,,,,,,,,,,,,,,,,,,,,,,,,76.2,,,,,,,,,,,,79.7,,,68.5,,,,76.4,74.6,,
REC02501,Environmental Officer,Public Policy,MoSPI,Master,10,81.8,47.4,71.6,62.4,1,62.4,Developing,,,,,,,,,56.0,,,,,,,,66.9,,,,68.0,,,,,,,,,,,,,,,,,,,43.1,,,,,,50.2
REC02502,Public Health Officer,Agriculture,Data & Analytics,Bachelor,9,36.4,43.0,66.2,57.7,2,56.2,Developing,,,,,,68.1,,,58.4,,,,,,,,,50.1,,,,,,,,,,,,,,,,,,,,51.8,,47.0,,,,,,
REC02503,Administrative Officer,Public Health,DIID,Master,9,96.7,58.4,64.1,64.3,4,60.6,Developing,,64.0,,,,,64.0,,54.4,,,,,,,,,,,,,,,,,,,,,,,,,,,,55.8,,,54.7,,,,,,
REC02504,Cybersecurity Analyst,Statistics,Data & Analytics,Master,5,31.0,40.7,76.6,47.0,3,57.1,Developing,,,,,,,,52.8,42.9,,,,,,,,,,,,,,,,,,,,,,,,62.1,,,,,,57.5,,,47.2,,,,
REC02505,Agriculture Officer,Artificial Intelligence,Data & Analytics,Bachelor,7,55.2,64.7,100.0,67.5,5,77.6,Intermediate,,,73.1,,,,,,79.2,,,,,,,,,,,,69.9,,,,,,,,,,,,,,,,,,,68.4,,,,,,69.4
REC02506,Legal Officer,Cybersecurity,IT,Master,13,53.9,78.5,64.3,68.1,3,61.2,Developing,,,,,,,52.5,,,,,,,,,,,,,,,,,,,,,,60.2,,,,,73.5,,,,,,57.2,,67.9,,,,
REC02507,Finance Officer,Economics,Training,Bachelor,9,43.3,27.7,59.9,58.8,4,53.2,Developing,43.9,,,,,,,,,,43.7,,,,,,,,56.5,56.8,,,,,,,,,,,,,,,,,,,,,,,,,,60.7
REC02508,Data Scientist,Finance,Statistics Division,Master,13,36.3,52.1,61.8,68.9,4,58.5,Developing,,,,,,,,,54.8,,51.6,,,,,,,,,,,,,,,,,,,63.3,,,,,,,,,63.5,,,,,,,67.1
REC02509,Data Analyst,Artificial Intelligence,Statistics Division,Master,1,45.3,43.5,83.1,82.9,4,71.3,Intermediate,,,,,,,,,62.8,,75.6,,,,,,,,,,,,,,,,,,,,,,,,,,,,,,,,82.1,,48.8,62.8
REC02510,Database Administrator,Artificial Intelligence,Policy,Master,9,81.6,61.4,84.6,100.0,1,81.6,Advanced,,,,,,,,,,86.9,,73.8,,,,,,,,,,,,,,,,,,,,,,,,84.9,,,90.2,,,,74.0,,,
REC02511,Administrative Officer,Economics,MoSPI,Master,0,41.3,58.4,71.9,87.6,5,66.3,Intermediate,,67.8,,,,,50.9,,44.5,,,,,,,,,,,,,,,,,,,,,,,,,,,,72.8,,,57.0,,,,,,
REC02512,Administrative Officer,Statistics,IT,Master,0,35.3,52.6,87.8,80.5,2,71.9,Intermediate,,68.0,,,,,66.7,,63.9,,,,,,,,,,,,,,,,,,,,,,,,,,,,59.3,,,55.8,,,,,,
REC02513,Agriculture Officer,Artificial Intelligence,Administration,Master,0,5.0,26.5,60.8,77.2,2,55.7,Developing,,,67.0,,,,,,49.2,,,,,,,,,,,,48.2,,,,,,,,,,,,,,,,,,,55.3,,,,,,52.1
REC02514,Cybersecurity Analyst,Public Policy,DIID,PhD,6,5.7,52.6,64.9,88.9,1,63.2,Developing,,,,,,,,55.4,61.2,,,,,,,,,,,,,,,,,,,,,,,,72.3,,,,,,53.4,,,72.8,,,,
REC02515,Public Health Officer,Public Health,DIID,Bachelor,5,56.6,6.0,76.9,93.5,5,71.1,Intermediate,,,,,,66.8,,,66.1,,,,,,,,,68.0,,,,,,,,,,,,,,,,,,,,64.5,,64.7,,,,,,
REC02516,Research Officer,Administration,Administration,Bachelor,13,62.1,64.2,83.1,74.7,5,71.8,Intermediate,,,,,,,,,75.5,,73.3,,,,,,,,,,,,,,,,,,,,,,,,,,,,,73.7,46.0,,,,,57.3
REC02517,Economist,Biotechnology,Administration,Bachelor,6,74.5,52.4,67.1,72.4,1,62.5,Developing,,,,,,,,,72.7,,,,,56.5,54.5,,,,,,,,,,,,,,,,,,,,,,,,,58.1,,,,,,52.1
REC02518,Environmental Officer,Public Health,MoSPI,Bachelor,19,57.1,49.8,80.1,65.7,3,67.7,Intermediate,,,,,,,,,59.2,,,,,,,,56.1,,,,68.1,,,,,,,,,,,,,,,,,,,60.3,,,,,,62.0
REC02519,AI Engineer,Artificial Intelligence,Administration,Bachelor,7,70.6,54.5,74.0,74.6,3,66.8,Intermediate,,,,,,,,,,,,,62.2,,,,,,,,,,,,,,,,,71.6,,58.6,,,,,,,54.5,,,,,68.9,,
REC02520,Economist,Administration,Training,Bachelor,10,72.1,78.8,74.3,54.6,4,62.8,Developing,,,,,,,,,68.2,,,,,56.6,61.4,,,,,,,,,,,,,,,,,,,,,,,,,65.5,,,,,,60.7
REC02521,Cybersecurity Analyst,Agriculture,Data & Analytics,PhD,11,76.3,45.3,80.7,76.2,6,71.4,Intermediate,,,,,,,,66.8,71.7,,,,,,,,,,,,,,,,,,,,,,,,69.1,,,,,,58.2,,,75.9,,,,
REC02522,Agriculture Officer,Finance,Statistics Division,Bachelor,13,51.9,39.4,86.8,67.7,4,71.5,Intermediate,,,67.2,,,,,,64.3,,,,,,,,,,,,78.4,,,,,,,,,,,,,,,,,,,72.3,,,,,,75.1
REC02523,Environmental Officer,Agriculture,Data & Analytics,Master,8,49.4,33.3,78.7,58.4,2,62.6,Developing,,,,,,,,,48.5,,,,,,,,67.6,,,,53.1,,,,,,,,,,,,,,,,,,,60.6,,,,,,56.4
REC02524,Cybersecurity Analyst,Education,MoSPI,Master,7,64.6,53.6,87.7,99.9,3,81.1,Advanced,,,,,,,,74.4,77.4,,,,,,,,,,,,,,,,,,,,,,,,77.8,,,,,,81.3,,,75.0,,,,
REC02525,Data Scientist,Cybersecurity,Training,Master,2,39.9,47.6,58.6,77.7,2,57.5,Developing,,,,,,,,,50.2,,57.9,,,,,,,,,,,,,,,,,,,54.1,,,,,,,,,68.3,,,,,,,52.8
REC02526,Environmental Officer,Economics,Research,PhD,4,47.8,15.7,51.6,81.0,2,54.7,Developing,,,,,,,,,50.2,,,,,,,,51.3,,,,53.5,,,,,,,,,,,,,,,,,,,69.3,,,,,,51.3
REC02527,Database Administrator,Cybersecurity,IT,Master,0,59.5,24.6,53.3,57.0,2,47.6,Beginner,,,,,,,,,,39.0,,25.7,,,,,,,,,,,,,,,,,,,,,,,,42.0,,,48.4,,,,47.1,,,
REC02528,Statistical Officer,Education,Data & Analytics,PhD,3,60.7,28.0,80.0,76.3,2,68.8,Intermediate,,,,,,,,,55.3,,75.3,,,,,,,,,,,,,,,,,,,,,,,,67.5,,,,,,,,,,81.9,52.8
REC02529,Statistical Officer,Artificial Intelligence,Policy,Bachelor,8,83.7,52.7,50.1,59.3,3,50.7,Developing,,,,,,,,,45.7,,54.7,,,,,,,,,,,,,,,,,,,,,,,,44.5,,,,,,,,,,52.1,47.9
REC02530,Environmental Officer,Agriculture,MoSPI,Bachelor,10,54.2,38.6,83.5,69.3,3,69.0,Intermediate,,,,,,,,,60.2,,,,,,,,71.6,,,,63.5,,,,,,,,,,,,,,,,,,,65.5,,,,,,56.6
REC02531,Statistical Officer,Administration,IT,Bachelor,9,66.0,23.3,74.8,91.1,4,71.2,Intermediate,,,,,,,,,72.2,,78.3,,,,,,,,,,,,,,,,,,,,,,,,63.4,,,,,,,,,,65.2,58.2
REC02532,Statistical Officer,Finance,DIID,PhD,0,17.9,43.9,74.5,73.3,1,62.8,Developing,,,,,,,,,63.6,,70.3,,,,,,,,,,,,,,,,,,,,,,,,60.7,,,,,,,,,,50.0,57.8
REC02533,Environmental Officer,Environment,Training,Bachelor,0,18.6,47.5,54.8,64.1,7,49.7,Beginner,,,,,,,,,35.5,,,,,,,,61.1,,,,48.1,,,,,,,,,,,,,,,,,,,42.6,,,,,,45.7
REC02534,Environmental Officer,Administration,Data & Analytics,Master,3,37.7,36.8,59.6,56.9,1,50.8,Developing,,,,,,,,,40.8,,,,,,,,42.2,,,,45.8,,,,,,,,,,,,,,,,,,,48.7,,,,,,47.1
REC02535,Economist,Biotechnology,IT,Bachelor,6,89.3,51.7,91.4,95.3,6,82.1,Advanced,,,,,,,,,80.5,,,,,71.3,76.0,,,,,,,,,,,,,,,,,,,,,,,,,72.2,,,,,,72.7
REC02536,AI Engineer,Data Science,MoSPI,Bachelor,0,35.1,41.8,56.2,61.4,1,49.7,Beginner,,,,,,,,,,,,,38.9,,,,,,,,,,,,,,,,,50.1,,26.4,,,,,,,51.6,,,,,47.9,,
REC02537,Policy Analyst,Biotechnology,Data & Analytics,Bachelor,5,33.0,48.7,69.4,59.9,3,58.1,Developing,,,,,,,,,63.8,,,,,,,,,,,,,,,,,,,,,,,,,51.2,,,,,,56.6,52.4,,,,,64.0
REC02538,Software Engineer,Computer Science,MoSPI,Bachelor,2,32.5,43.7,74.0,60.9,2,59.4,Developing,,,,,,,,,,,,,,,,,,,,,,,,44.7,,,,,,,,,,,,61.5,,,54.1,,,,49.1,60.7,,
REC02539,Project Manager,Artificial Intelligence,IT,Bachelor,4,61.5,31.0,79.1,81.3,3,69.1,Intermediate,,,,,,,64.2,,54.5,,,,,,,,,,,,,,,,,,56.6,,,,,,,,,68.8,61.8,,,,,,,,,
REC02540,Legal Officer,Public Health,DIID,Bachelor,8,23.3,43.0,74.0,63.7,8,60.9,Developing,,,,,,,53.6,,,,,,,,,,,,,,,,,,,,,,59.9,,,,,56.0,,,,,,61.8,,55.8,,,,
REC02541,Economist,Education,Research,Master,11,56.1,43.2,72.1,53.9,3,59.7,Developing,,,,,,,,,62.8,,,,,51.1,53.5,,,,,,,,,,,,,,,,,,,,,,,,,57.6,,,,,,71.3
REC02542,Legal Officer,Public Policy,Administration,PhD,5,74.3,53.1,73.8,48.5,4,58.9,Developing,,,,,,,60.4,,,,,,,,,,,,,,,,,,,,,,62.4,,,,,42.9,,,,,,57.7,,54.8,,,,
REC02543,Economist,Artificial Intelligence,Statistics Division,PhD,9,53.1,20.6,76.9,96.9,3,72.6,Intermediate,,,,,,,,,76.2,,,,,56.8,60.2,,,,,,,,,,,,,,,,,,,,,,,,,61.9,,,,,,71.4
REC02544,Software Engineer,Artificial Intelligence,Policy,Bachelor,3,60.6,54.0,82.4,69.5,1,67.4,Intermediate,,,,,,,,,,,,,,,,,,,,,,,,61.7,,,,,,,,,,,,52.0,,,66.5,,,,45.5,61.1,,
REC02545,Research Officer,Environment,MoSPI,Bachelor,5,36.6,32.8,80.0,70.7,2,65.6,Intermediate,,,,,,,,,55.7,,55.0,,,,,,,,,,,,,,,,,,,,,,,,,,,,,58.4,56.9,,,,,70.3
REC02546,Project Manager,Economics,Statistics Division,Bachelor,7,73.8,51.2,82.4,56.4,3,65.8,Intermediate,,,,,,,55.3,,57.6,,,,,,,,,,,,,,,,,,69.2,,,,,,,,,60.2,65.7,,,,,,,,,
REC02547,Data Analyst,Administration,Training,Bachelor,11,90.3,53.0,81.1,60.0,1,69.0,Intermediate,,,,,,,,,68.7,,72.8,,,,,,,,,,,,,,,,,,,,,,,,,,,,,,,,81.6,,72.5,64.9
REC02548,Research Officer,Biotechnology,MoSPI,Master,3,31.4,26.1,94.7,93.5,1,79.6,Intermediate,,,,,,,,,74.4,,83.0,,,,,,,,,,,,,,,,,,,,,,,,,,,,,75.1,71.6,,,,,69.7
REC02549,Policy Analyst,Finance,Training,Master,3,12.6,43.0,67.2,66.0,1,56.5,Developing,,,,,,,,,59.2,,,,,,,,,,,,,,,,,,,,,,,,,50.8,,,,,,49.8,52.0,,,,,48.5
REC02550,Data Analyst,Education,DIID,Bachelor,2,46.8,26.1,59.1,55.6,5,50.5,Developing,,,,,,,,,45.5,,42.6,,,,,,,,,,,,,,,,,,,,,,,,,,,,,,,,53.5,,48.4,42.7
REC02551,Economist,Finance,IT,Master,11,99.9,65.6,64.9,78.1,5,66.1,Intermediate,,,,,,,,,68.6,,,,,80.1,69.1,,,,,,,,,,,,,,,,,,,,,,,,,53.2,,,,,,61.7
REC02552,Policy Analyst,Administration,Research,Bachelor,7,57.9,56.8,86.1,50.0,3,65.1,Intermediate,,,,,,,,,63.8,,,,,,,,,,,,,,,,,,,,,,,,,59.5,,,,,,51.3,72.3,,,,,53.3
REC02553,Policy Analyst,Public Policy,Administration,Bachelor,4,16.6,36.9,73.4,71.5,2,61.8,Developing,,,,,,,,,44.2,,,,,,,,,,,,,,,,,,,,,,,,,61.8,,,,,,56.5,62.1,,,,,66.2
REC02554,Database Administrator,Computer Science,Policy,Master,11,75.8,33.5,81.4,74.8,3,71.7,Intermediate,,,,,,,,,,70.3,,68.9,,,,,,,,,,,,,,,,,,,,,,,,70.8,,,80.7,,,,70.9,,,
REC02555,Public Health Officer,Cybersecurity,Data & Analytics,Bachelor,5,63.5,44.9,65.8,66.2,1,59.5,Developing,,,,,,60.8,,,57.9,,,,,,,,,60.2,,,,,,,,,,,,,,,,,,,,59.5,,56.9,,,,,,
REC02556,Agriculture Officer,Cybersecurity,Data & Analytics,Master,7,74.6,62.3,66.1,86.8,4,65.4,Intermediate,,,48.7,,,,,,58.0,,,,,,,,,,,,47.5,,,,,,,,,,,,,,,,,,,61.6,,,,,,60.0
REC02557,Data Scientist,Data Science,DIID,Master,5,65.0,51.4,71.8,52.5,5,57.8,Developing,,,,,,,,,50.4,,43.1,,,,,,,,,,,,,,,,,,,56.6,,,,,,,,,56.8,,,,,,,47.1
REC02558,Public Health Officer,Economics,Training,Bachelor,7,44.2,48.9,85.8,69.4,2,70.2,Intermediate,,,,,,69.7,,,76.4,,,,,,,,,61.2,,,,,,,,,,,,,,,,,,,,68.4,,66.4,,,,,,
REC02559,Education Officer,Public Health,Research,Bachelor,11,79.3,64.9,87.3,89.9,7,80.1,Advanced,,,,71.7,,,75.1,,92.8,,,,,,,76.6,,,,,,,,,,,,80.1,,,,,,,,,,,,,,,,,,
REC02560,Legal Officer,Public Policy,Administration,Bachelor,3,35.1,33.7,53.6,73.3,1,52.2,Developing,,,,,,,33.1,,,,,,,,,,,,,,,,,,,,,,55.4,,,,,58.4,,,,,,44.9,,40.5,,,,
REC02561,AI Engineer,Data Science,Training,Master,13,60.5,10.6,68.3,97.2,1,68.9,Intermediate,,,,,,,,,,,,,54.0,,,,,,,,,,,,,,,,,74.4,,63.4,,,,,,,54.6,,,,,66.1,,
REC02562,Finance Officer,Finance,Policy,PhD,6,74.8,50.3,81.9,100.0,4,78.4,Intermediate,69.8,,,,,,,,,,79.4,,,,,,,,78.1,78.1,,,,,,,,,,,,,,,,,,,,,,,,,,70.8
REC02563,Finance Officer,Finance,Data & Analytics,Bachelor,6,78.1,5.9,62.7,75.8,3,60.0,Developing,72.2,,,,,,,,,,57.0,,,,,,,,49.5,59.8,,,,,,,,,,,,,,,,,,,,,,,,,,44.6
REC02564,Economist,Administration,Data & Analytics,PhD,6,51.5,71.9,81.3,61.2,1,66.1,Intermediate,,,,,,,,,54.7,,,,,53.2,67.0,,,,,,,,,,,,,,,,,,,,,,,,,70.2,,,,,,68.8
REC02565,AI Engineer,Computer Science,Training,Bachelor,8,55.6,49.0,86.7,72.6,2,72.1,Intermediate,,,,,,,,,,,,,58.4,,,,,,,,,,,,,,,,,77.7,,76.5,,,,,,,61.8,,,,,66.7,,
REC02566,Biotechnology Faculty,Statistics,Research,Master,5,101.3,72.8,68.0,92.3,4,70.8,Intermediate,,,,,72.1,,,,70.1,,,,,,,,,,,,,62.8,,,69.3,,,,,,65.6,,,,,,,,,,,,,,,
REC02567,Biotechnology Faculty,Environment,Statistics Division,Bachelor,7,76.9,27.2,71.3,74.5,1,64.6,Developing,,,,,53.5,,,,57.8,,,,,,,,,,,,,55.8,,,66.1,,,,,,65.2,,,,,,,,,,,,,,,
REC02568,HR Officer,Public Policy,Statistics Division,Master,9,55.3,47.0,80.8,81.7,6,71.7,Intermediate,,,,,,,53.9,,65.7,,,,,,,,,,,,,,75.3,,,70.3,,,,,,,,,,,,,,75.9,,,,,,
REC02569,Agriculture Officer,Administration,IT,Bachelor,5,65.0,53.1,84.6,60.6,5,67.4,Intermediate,,,59.3,,,,,,54.8,,,,,,,,,,,,58.6,,,,,,,,,,,,,,,,,,,81.7,,,,,,58.1
REC02570,Policy Analyst,Public Policy,Administration,Master,6,73.3,27.5,94.3,70.4,1,74.9,Intermediate,,,,,,,,,67.1,,,,,,,,,,,,,,,,,,,,,,,,,67.8,,,,,,63.7,72.8,,,,,68.7
REC02571,Statistical Officer,Administration,DIID,Master,6,61.5,68.6,76.4,88.6,3,72.0,Intermediate,,,,,,,,,65.1,,63.9,,,,,,,,,,,,,,,,,,,,,,,,80.5,,,,,,,,,,69.2,65.8
REC02572,Software Engineer,Computer Science,Data & Analytics,Master,7,71.6,19.9,78.7,87.0,4,71.6,Intermediate,,,,,,,,,,,,,,,,,,,,,,,,74.9,,,,,,,,,,,,68.5,,,64.1,,,,56.8,66.4,,
REC02573,AI Engineer,Artificial Intelligence,Data & Analytics,Bachelor,6,55.8,53.8,76.4,75.0,1,67.3,Intermediate,,,,,,,,,,,,,67.7,,,,,,,,,,,,,,,,,65.5,,74.2,,,,,,,56.2,,,,,56.9,,
REC02574,Data Analyst,Administration,IT,Bachelor,7,58.7,66.4,79.3,61.8,4,66.1,Intermediate,,,,,,,,,62.1,,61.1,,,,,,,,,,,,,,,,,,,,,,,,,,,,,,,,69.5,,66.8,67.8
REC02575,HR Officer,Agriculture,Administration,Bachelor,0,5.0,44.2,53.8,59.2,1,46.3,Beginner,,,,,,,39.6,,30.3,,,,,,,,,,,,,,46.4,,,39.1,,,,,,,,,,,,,,43.4,,,,,,
REC02576,Education Officer,Economics,Administration,Master,9,87.7,33.2,79.6,62.5,2,67.1,Intermediate,,,,63.9,,,69.2,,61.9,,,,,,,75.7,,,,,,,,,,,,56.7,,,,,,,,,,,,,,,,,,
REC02577,Policy Analyst,Administration,Statistics Division,Master,11,113.1,56.1,92.9,80.4,6,81.1,Advanced,,,,,,,,,77.8,,,,,,,,,,,,,,,,,,,,,,,,,66.0,,,,,,83.4,76.4,,,,,80.1
REC02578,Education Officer,Artificial Intelligence,Policy,Master,0,58.3,38.2,88.3,93.2,2,76.7,Intermediate,,,,56.4,,,70.2,,63.3,,,,,,,68.6,,,,,,,,,,,,77.1,,,,,,,,,,,,,,,,,,
REC02579,Administrative Officer,Agriculture,Training,Bachelor,7,19.3,53.8,87.0,76.2,1,71.0,Intermediate,,67.5,,,,,57.3,,63.9,,,,,,,,,,,,,,,,,,,,,,,,,,,,69.7,,,67.7,,,,,,
REC02580,Economist,Environment,Administration,Bachelor,4,58.9,46.5,58.5,71.8,4,56.3,Developing,,,,,,,,,57.9,,,,,62.8,54.9,,,,,,,,,,,,,,,,,,,,,,,,,47.4,,,,,,37.0
REC02581,Biotechnology Faculty,Public Health,Training,PhD,5,69.6,24.8,81.9,67.0,4,68.3,Intermediate,,,,,66.5,,,,65.2,,,,,,,,,,,,,79.3,,,71.1,,,,,,63.8,,,,,,,,,,,,,,,
REC02582,Environmental Officer,Public Policy,Training,Master,9,64.3,53.0,60.9,56.3,3,54.9,Developing,,,,,,,,,53.9,,,,,,,,61.8,,,,53.5,,,,,,,,,,,,,,,,,,,47.5,,,,,,55.2
REC02583,Policy Analyst,Administration,Statistics Division,Master,0,92.1,40.9,55.8,60.1,4,52.8,Developing,,,,,,,,,48.0,,,,,,,,,,,,,,,,,,,,,,,,,45.6,,,,,,48.7,62.8,,,,,48.5
REC02584,Database Administrator,Data Science,Data & Analytics,PhD,8,73.1,38.8,78.2,86.2,2,72.9,Intermediate,,,,,,,,,,67.5,,72.4,,,,,,,,,,,,,,,,,,,,,,,,72.0,,,79.5,,,,72.7,,,
REC02585,HR Officer,Environment,IT,PhD,11,84.5,60.2,81.9,43.2,4,63.6,Developing,,,,,,,49.9,,62.6,,,,,,,,,,,,,,68.3,,,65.9,,,,,,,,,,,,,,65.8,,,,,,
REC02586,Cybersecurity Analyst,Economics,Research,PhD,4,37.9,66.5,61.8,57.4,2,53.4,Developing,,,,,,,,44.8,58.5,,,,,,,,,,,,,,,,,,,,,,,,44.7,,,,,,44.2,,,56.1,,,,
REC02587,Policy Analyst,Statistics,IT,Bachelor,20,86.3,43.6,74.2,69.4,1,68.6,Intermediate,,,,,,,,,71.6,,,,,,,,,,,,,,,,,,,,,,,,,76.5,,,,,,70.5,69.6,,,,,62.5
REC02588,Education Officer,Statistics,Training,Master,9,49.4,36.9,83.3,89.8,1,74.5,Intermediate,,,,67.7,,,70.7,,70.6,,,,,,,66.1,,,,,,,,,,,,68.9,,,,,,,,,,,,,,,,,,
REC02589,Biotechnology Faculty,Education,Policy,Bachelor,3,71.7,46.2,84.6,65.9,3,68.4,Intermediate,,,,,55.4,,,,49.9,,,,,,,,,,,,,58.7,,,83.6,,,,,,58.4,,,,,,,,,,,,,,,
REC02590,Administrative Officer,Agriculture,Administration,Master,3,59.7,58.8,86.1,70.0,3,70.1,Intermediate,,59.2,,,,,57.9,,68.3,,,,,,,,,,,,,,,,,,,,,,,,,,,,60.9,,,66.3,,,,,,
REC02591,Economist,Administration,Statistics Division,Master,4,45.7,50.4,87.7,70.9,1,70.5,Intermediate,,,,,,,,,62.0,,,,,63.1,57.4,,,,,,,,,,,,,,,,,,,,,,,,,63.0,,,,,,71.8
REC02592,Biotechnology Faculty,Cybersecurity,Policy,Master,2,50.7,39.3,54.5,85.7,2,57.2,Developing,,,,,54.1,,,,53.1,,,,,,,,,,,,,49.5,,,47.0,,,,,,56.9,,,,,,,,,,,,,,,
REC02593,Cybersecurity Analyst,Biotechnology,IT,Master,17,88.5,34.9,85.9,57.0,5,69.7,Intermediate,,,,,,,,64.3,67.2,,,,,,,,,,,,,,,,,,,,,,,,74.2,,,,,,68.3,,,59.1,,,,
REC02594,Finance Officer,Environment,Administration,Master,8,25.0,28.3,71.1,66.3,2,60.1,Developing,59.0,,,,,,,,,,70.0,,,,,,,,42.9,62.2,,,,,,,,,,,,,,,,,,,,,,,,,,58.6
REC02595,Cybersecurity Analyst,Education,DIID,Master,15,69.9,44.1,100.0,84.7,2,84.1,Advanced,,,,,,,,77.5,75.3,,,,,,,,,,,,,,,,,,,,,,,,76.0,,,,,,74.9,,,92.6,,,,
REC02596,Research Officer,Artificial Intelligence,Research,Master,4,44.9,52.4,95.1,76.4,3,76.3,Intermediate,,,,,,,,,66.8,,65.9,,,,,,,,,,,,,,,,,,,,,,,,,,,,,76.5,65.6,,,,,79.2
REC02597,Software Engineer,Computer Science,MoSPI,Master,0,58.1,44.3,64.8,79.9,5,61.3,Developing,,,,,,,,,,,,,,,,,,,,,,,,53.1,,,,,,,,,,,,57.7,,,64.2,,,,54.5,52.7,,
REC02598,AI Engineer,Data Science,Administration,PhD,7,84.8,68.9,70.4,83.4,4,68.8,Intermediate,,,,,,,,,,,,,71.2,,,,,,,,,,,,,,,,,66.4,,73.6,,,,,,,52.7,,,,,66.5,,
REC02599,Data Analyst,Computer Science,Research,Bachelor,9,89.1,63.8,65.2,75.7,4,64.7,Developing,,,,,,,,,67.3,,61.8,,,,,,,,,,,,,,,,,,,,,,,,,,,,,,,,64.9,,64.6,67.4
REC02600,AI Engineer,Data Science,Research,Bachelor,6,61.2,30.1,61.5,69.4,2,56.8,Developing,,,,,,,,,,,,,52.6,,,,,,,,,,,,,,,,,53.2,,54.7,,,,,,,49.1,,,,,43.7,,
REC02601,Administrative Officer,Environment,Research,Master,0,29.1,64.9,58.7,80.3,2,58.0,Developing,,55.0,,,,,51.2,,64.7,,,,,,,,,,,,,,,,,,,,,,,,,,,,45.2,,,69.5,,,,,,
REC02602,Data Analyst,Economics,Administration,Bachelor,5,89.0,65.1,79.2,81.7,3,72.2,Intermediate,,,,,,,,,81.9,,61.9,,,,,,,,,,,,,,,,,,,,,,,,,,,,,,,,66.8,,65.4,57.0
REC02603,Statistical Officer,Cybersecurity,Statistics Division,Master,3,61.4,39.1,81.2,80.9,3,70.9,Intermediate,,,,,,,,,62.0,,62.1,,,,,,,,,,,,,,,,,,,,,,,,65.5,,,,,,,,,,73.5,72.1
REC02604,Project Manager,Environment,Research,Master,1,42.3,51.0,61.2,63.8,1,54.4,Developing,,,,,,,56.2,,48.4,,,,,,,,,,,,,,,,,,48.5,,,,,,,,,55.2,44.9,,,,,,,,,
REC02605,Data Analyst,Education,Data & Analytics,Master,0,5.0,37.9,81.3,68.0,2,63.3,Developing,,,,,,,,,63.2,,52.3,,,,,,,,,,,,,,,,,,,,,,,,,,,,,,,,48.7,,59.6,60.3
REC02606,Cybersecurity Analyst,Computer Science,IT,Master,30,134.3,77.1,85.9,91.4,2,84.6,Advanced,,,,,,,,82.4,75.3,,,,,,,,,,,,,,,,,,,,,,,,78.7,,,,,,79.5,,,70.2,,,,
REC02607,Education Officer,Data Science,Training,Master,7,114.4,58.2,77.2,62.3,3,67.2,Intermediate,,,,69.0,,,49.8,,55.6,,,,,,,64.5,,,,,,,,,,,,78.5,,,,,,,,,,,,,,,,,,
REC02608,Data Scientist,Statistics,MoSPI,PhD,0,70.4,51.6,54.0,69.5,6,53.4,Developing,,,,,,,,,38.3,,56.6,,,,,,,,,,,,,,,,,,,49.1,,,,,,,,,49.2,,,,,,,49.4
REC02609,Policy Analyst,Public Policy,Research,Bachelor,9,56.7,67.3,69.0,61.6,2,60.0,Developing,,,,,,,,,60.2,,,,,,,,,,,,,,,,,,,,,,,,,44.6,,,,,,52.6,55.4,,,,,60.9
REC02610,Education Officer,Administration,Training,Bachelor,0,24.3,52.0,55.2,87.6,3,58.0,Developing,,,,63.9,,,59.4,,56.0,,,,,,,63.4,,,,,,,,,,,,53.4,,,,,,,,,,,,,,,,,,
REC02611,Administrative Officer,Administration,DIID,Master,0,64.8,40.4,66.5,88.6,3,64.2,Developing,,60.3,,,,,61.3,,52.4,,,,,,,,,,,,,,,,,,,,,,,,,,,,57.0,,,45.1,,,,,,
REC02612,AI Engineer,Cybersecurity,MoSPI,PhD,6,5.0,43.5,79.2,72.6,5,65.4,Intermediate,,,,,,,,,,,,,63.2,,,,,,,,,,,,,,,,,64.7,,60.0,,,,,,,64.2,,,,,67.6,,
REC02613,Agriculture Officer,Finance,MoSPI,PhD,3,36.2,37.2,71.9,89.7,3,66.4,Intermediate,,,49.1,,,,,,67.8,,,,,,,,,,,,60.0,,,,,,,,,,,,,,,,,,,54.0,,,,,,62.1
REC02614,Software Engineer,Artificial Intelligence,IT,Bachelor,5,91.6,54.0,79.5,54.0,4,64.0,Developing,,,,,,,,,,,,,,,,,,,,,,,,65.7,,,,,,,,,,,,55.6,,,52.7,,,,60.6,56.7,,
REC02615,HR Officer,Administration,Research,Master,9,82.6,27.1,81.5,63.1,3,66.0,Intermediate,,,,,,,45.0,,50.0,,,,,,,,,,,,,,55.2,,,58.9,,,,,,,,,,,,,,63.5,,,,,,
REC02616,Policy Analyst,Administration,IT,Master,0,36.0,39.1,86.2,78.0,1,70.3,Intermediate,,,,,,,,,54.7,,,,,,,,,,,,,,,,,,,,,,,,,55.4,,,,,,65.1,76.0,,,,,63.3
REC02617,Cybersecurity Analyst,Administration,Policy,PhD,4,66.0,68.1,71.3,86.9,3,69.0,Intermediate,,,,,,,,74.2,62.8,,,,,,,,,,,,,,,,,,,,,,,,71.1,,,,,,61.9,,,65.6,,,,
REC02618,Software Engineer,Cybersecurity,DIID,Bachelor,6,49.2,27.0,60.7,83.8,1,60.4,Developing,,,,,,,,,,,,,,,,,,,,,,,,55.1,,,,,,,,,,,,51.7,,,62.8,,,,50.4,64.4,,
REC02619,Cybersecurity Analyst,Public Policy,Research,Bachelor,6,40.9,42.2,73.1,67.2,1,62.4,Developing,,,,,,,,54.2,60.4,,,,,,,,,,,,,,,,,,,,,,,,67.5,,,,,,69.8,,,53.1,,,,
REC02620,Research Officer,Agriculture,Statistics Division,Master,15,105.4,51.0,82.3,80.8,4,76.5,Intermediate,,,,,,,,,81.1,,69.3,,,,,,,,,,,,,,,,,,,,,,,,,,,,,79.8,82.2,,,,,69.6
REC02621,Environmental Officer,Public Policy,Research,Bachelor,6,56.8,29.6,72.8,59.1,2,59.7,Developing,,,,,,,,,56.4,,,,,,,,51.0,,,,65.5,,,,,,,,,,,,,,,,,,,57.9,,,,,,42.7
REC02622,Research Officer,Statistics,Training,Bachelor,14,62.5,58.7,85.4,86.0,1,76.4,Intermediate,,,,,,,,,71.8,,71.7,,,,,,,,,,,,,,,,,,,,,,,,,,,,,57.4,81.3,,,,,70.1
REC02623,Finance Officer,Statistics,Statistics Division,Bachelor,8,117.9,89.6,88.4,81.9,4,80.3,Advanced,72.1,,,,,,,,,,78.5,,,,,,,,88.3,75.5,,,,,,,,,,,,,,,,,,,,,,,,,,72.8
REC02624,HR Officer,Economics,Data & Analytics,Bachelor,2,21.9,10.9,55.9,69.2,1,51.5,Developing,,,,,,,55.9,,51.5,,,,,,,,,,,,,,54.8,,,46.9,,,,,,,,,,,,,,42.9,,,,,,
REC02625,Legal Officer,Economics,Training,Master,15,64.8,54.4,77.5,73.5,1,69.3,Intermediate,,,,,,,60.4,,,,,,,,,,,,,,,,,,,,,,72.0,,,,,70.4,,,,,,66.9,,64.3,,,,
REC02626,HR Officer,Public Policy,Administration,Bachelor,13,35.4,36.1,61.3,89.7,4,64.0,Developing,,,,,,,76.7,,68.3,,,,,,,,,,,,,,66.9,,,59.8,,,,,,,,,,,,,,60.9,,,,,,
REC02627,Database Administrator,Artificial Intelligence,Research,Master,0,57.8,73.4,93.6,86.8,3,78.7,Intermediate,,,,,,,,,,78.0,,75.0,,,,,,,,,,,,,,,,,,,,,,,,63.2,,,72.1,,,,62.3,,,
REC02628,Economist,Agriculture,Research,Master,15,105.1,48.6,94.9,71.3,3,79.8,Intermediate,,,,,,,,,73.1,,,,,79.2,81.7,,,,,,,,,,,,,,,,,,,,,,,,,84.8,,,,,,66.7
REC02629,Environmental Officer,Public Health,Training,Master,13,60.8,52.5,95.3,91.0,2,83.0,Advanced,,,,,,,,,79.4,,,,,,,,80.1,,,,80.1,,,,,,,,,,,,,,,,,,,73.6,,,,,,80.0
REC02630,Public Health Officer,Education,DIID,PhD,8,77.0,64.6,82.8,72.2,3,71.3,Intermediate,,,,,,66.8,,,71.4,,,,,,,,,52.7,,,,,,,,,,,,,,,,,,,,75.1,,67.2,,,,,,
REC02631,Agriculture Officer,Agriculture,Administration,PhD,10,77.9,41.5,64.1,55.2,4,55.9,Developing,,,56.1,,,,,,50.9,,,,,,,,,,,,36.1,,,,,,,,,,,,,,,,,,,60.3,,,,,,49.7
REC02632,Finance Officer,Data Science,Statistics Division,PhD,2,31.6,54.5,66.0,58.5,4,54.6,Developing,41.2,,,,,,,,,,47.5,,,,,,,,54.3,50.6,,,,,,,,,,,,,,,,,,,,,,,,,,49.0
REC02633,Research Officer,Education,Policy,Bachelor,9,77.4,27.3,75.0,67.0,1,63.8,Developing,,,,,,,,,50.3,,49.5,,,,,,,,,,,,,,,,,,,,,,,,,,,,,64.5,46.4,,,,,60.1
REC02634,Statistical Officer,Agriculture,Policy,Master,2,49.6,29.1,79.4,58.1,3,61.4,Developing,,,,,,,,,64.3,,53.1,,,,,,,,,,,,,,,,,,,,,,,,38.8,,,,,,,,,,47.5,59.4
REC02635,Statistical Officer,Finance,Statistics Division,Bachelor,5,58.1,36.7,60.3,85.2,3,61.7,Developing,,,,,,,,,67.0,,65.9,,,,,,,,,,,,,,,,,,,,,,,,56.2,,,,,,,,,,61.1,54.7
REC02636,Research Officer,Data Science,Administration,Master,9,58.6,60.1,80.7,35.3,1,58.6,Developing,,,,,,,,,53.3,,64.7,,,,,,,,,,,,,,,,,,,,,,,,,,,,,61.9,50.5,,,,,45.9
REC02637,Administrative Officer,Data Science,MoSPI,Bachelor,7,76.2,43.5,65.9,63.3,1,59.0,Developing,,42.0,,,,,64.0,,58.2,,,,,,,,,,,,,,,,,,,,,,,,,,,,45.5,,,62.1,,,,,,
REC02638,Agriculture Officer,Statistics,Statistics Division,Bachelor,5,74.1,81.3,76.4,65.5,2,66.3,Intermediate,,,64.5,,,,,,55.8,,,,,,,,,,,,68.2,,,,,,,,,,,,,,,,,,,64.4,,,,,,68.7
REC02639,Statistical Officer,Biotechnology,IT,PhD,10,40.2,22.8,87.6,85.9,1,75.1,Intermediate,,,,,,,,,69.2,,76.8,,,,,,,,,,,,,,,,,,,,,,,,66.6,,,,,,,,,,73.1,69.8
REC02640,Software Engineer,Computer Science,Data & Analytics,Bachelor,0,28.4,36.6,65.7,69.4,4,56.4,Developing,,,,,,,,,,,,,,,,,,,,,,,,56.5,,,,,,,,,,,,35.8,,,43.9,,,,55.3,52.4,,
REC02641,Finance Officer,Public Policy,Research,Master,8,5.0,50.7,67.4,51.8,1,53.6,Developing,53.0,,,,,,,,,,46.1,,,,,,,,44.9,58.2,,,,,,,,,,,,,,,,,,,,,,,,,,59.4
REC02642,Education Officer,Artificial Intelligence,Policy,Bachelor,0,25.6,27.8,93.4,80.1,1,73.6,Intermediate,,,,68.8,,,56.7,,60.1,,,,,,,75.0,,,,,,,,,,,,64.1,,,,,,,,,,,,,,,,,,
REC02643,Policy Analyst,Finance,Administration,PhD,4,64.6,25.3,77.2,80.8,2,68.1,Intermediate,,,,,,,,,62.1,,,,,,,,,,,,,,,,,,,,,,,,,56.1,,,,,,54.9,67.4,,,,,63.8
REC02644,Economist,Finance,Training,Master,2,75.3,34.6,63.8,51.4,3,53.5,Developing,,,,,,,,,47.7,,,,,48.3,47.6,,,,,,,,,,,,,,,,,,,,,,,,,46.4,,,,,,60.3
REC02645,Administrative Officer,Artificial Intelligence,DIID,Bachelor,4,76.4,28.1,82.2,72.2,3,68.6,Intermediate,,61.9,,,,,66.9,,59.2,,,,,,,,,,,,,,,,,,,,,,,,,,,,56.8,,,53.9,,,,,,
REC02646,Agriculture Officer,Artificial Intelligence,IT,Bachelor,2,43.7,49.4,100.0,75.4,6,78.7,Intermediate,,,77.9,,,,,,83.0,,,,,,,,,,,,80.8,,,,,,,,,,,,,,,,,,,71.8,,,,,,69.2
REC02647,Research Officer,Finance,Administration,PhD,12,85.3,30.5,68.9,94.2,3,70.9,Intermediate,,,,,,,,,75.4,,64.1,,,,,,,,,,,,,,,,,,,,,,,,,,,,,65.9,75.0,,,,,66.0
REC02648,AI Engineer,Artificial Intelligence,IT,Master,11,46.7,54.8,98.3,47.1,9,70.9,Intermediate,,,,,,,,,,,,,61.3,,,,,,,,,,,,,,,,,78.2,,59.7,,,,,,,67.1,,,,,72.4,,
REC02649,Policy Analyst,Artificial Intelligence,DIID,Bachelor,1,53.5,48.5,61.8,78.9,3,60.1,Developing,,,,,,,,,58.1,,,,,,,,,,,,,,,,,,,,,,,,,57.2,,,,,,60.9,64.8,,,,,54.6
REC02650,Biotechnology Faculty,Artificial Intelligence,MoSPI,Bachelor,15,78.3,54.5,93.6,71.0,5,77.2,Intermediate,,,,,81.8,,,,59.9,,,,,,,,,,,,,75.9,,,78.5,,,,,,61.8,,,,,,,,,,,,,,,
REC02651,Legal Officer,Environment,Research,PhD,6,68.3,53.6,75.4,84.5,1,70.2,Intermediate,,,,,,,61.0,,,,,,,,,,,,,,,,,,,,,,62.4,,,,,71.4,,,,,,70.3,,70.1,,,,
REC02652,Agriculture Officer,Artificial Intelligence,Statistics Division,Master,14,94.0,65.5,93.1,76.3,2,80.3,Advanced,,,87.3,,,,,,77.9,,,,,,,,,,,,71.5,,,,,,,,,,,,,,,,,,,87.7,,,,,,69.4
REC02653,Legal Officer,Public Policy,DIID,Master,4,69.1,30.4,70.6,61.6,3,59.1,Developing,,,,,,,53.2,,,,,,,,,,,,,,,,,,,,,,41.7,,,,,53.1,,,,,,62.2,,45.0,,,,
REC02654,Data Analyst,Biotechnology,Policy,Bachelor,0,56.0,49.1,82.7,44.3,3,60.6,Developing,,,,,,,,,53.8,,56.3,,,,,,,,,,,,,,,,,,,,,,,,,,,,,,,,60.9,,58.5,57.8
REC02655,Education Officer,Environment,Policy,Bachelor,7,22.7,28.8,62.6,83.2,2,60.5,Developing,,,,62.9,,,47.6,,58.7,,,,,,,68.0,,,,,,,,,,,,62.1,,,,,,,,,,,,,,,,,,
REC02656,Policy Analyst,Education,Training,Master,0,83.7,51.2,74.3,93.7,3,72.3,Intermediate,,,,,,,,,72.7,,,,,,,,,,,,,,,,,,,,,,,,,70.5,,,,,,70.7,70.4,,,,,65.3
REC02657,Statistical Officer,Environment,MoSPI,Master,0,28.6,15.2,74.7,59.7,4,58.1,Developing,,,,,,,,,60.1,,50.7,,,,,,,,,,,,,,,,,,,,,,,,53.0,,,,,,,,,,46.0,56.1
REC02658,Data Analyst,Administration,IT,Master,3,82.9,73.7,76.9,62.3,1,65.1,Intermediate,,,,,,,,,59.2,,69.9,,,,,,,,,,,,,,,,,,,,,,,,,,,,,,,,53.6,,54.3,63.5
REC02659,Statistical Officer,Economics,Administration,Master,2,79.3,59.3,76.6,63.4,3,63.8,Developing,,,,,,,,,58.6,,60.9,,,,,,,,,,,,,,,,,,,,,,,,53.6,,,,,,,,,,52.0,50.8
REC02660,Cybersecurity Analyst,Computer Science,Data & Analytics,Bachelor,5,82.3,77.8,49.6,77.2,3,56.2,Developing,,,,,,,,57.6,57.0,,,,,,,,,,,,,,,,,,,,,,,,61.1,,,,,,48.5,,,52.9,,,,
REC02661,Legal Officer,Environment,Training,PhD,0,56.9,11.8,80.7,72.2,3,66.5,Intermediate,,,,,,,66.7,,,,,,,,,,,,,,,,,,,,,,64.7,,,,,64.9,,,,,,66.2,,48.3,,,,
REC02662,Database Administrator,Artificial Intelligence,Data & Analytics,PhD,6,54.1,26.7,69.6,70.7,5,61.7,Developing,,,,,,,,,,58.9,,54.0,,,,,,,,,,,,,,,,,,,,,,,,53.0,,,66.0,,,,66.1,,,
REC02663,Data Scientist,Computer Science,Policy,PhD,13,94.6,33.5,83.4,75.5,3,73.7,Intermediate,,,,,,,,,71.5,,63.3,,,,,,,,,,,,,,,,,,,59.0,,,,,,,,,75.4,,,,,,,85.4
REC02664,Legal Officer,Administration,Administration,Bachelor,12,78.2,54.6,77.2,77.1,5,71.1,Intermediate,,,,,,,72.7,,,,,,,,,,,,,,,,,,,,,,73.6,,,,,65.4,,,,,,75.7,,72.5,,,,
REC02665,Legal Officer,Cybersecurity,Administration,Master,0,59.9,58.3,60.6,79.5,1,59.2,Developing,,,,,,,61.6,,,,,,,,,,,,,,,,,,,,,,44.4,,,,,51.6,,,,,,65.6,,42.2,,,,
REC02666,HR Officer,Public Health,Training,Bachelor,7,110.9,72.9,71.1,92.3,1,73.0,Intermediate,,,,,,,71.4,,66.1,,,,,,,,,,,,,,72.2,,,65.5,,,,,,,,,,,,,,68.5,,,,,,
REC02667,Software Engineer,Computer Science,Statistics Division,Bachelor,4,56.6,32.6,79.4,71.0,2,66.5,Intermediate,,,,,,,,,,,,,,,,,,,,,,,,58.3,,,,,,,,,,,,66.3,,,54.6,,,,60.2,69.5,,
REC02668,Agriculture Officer,Finance,Data & Analytics,Master,6,83.9,52.7,89.9,80.4,3,77.5,Intermediate,,,84.0,,,,,,79.1,,,,,,,,,,,,63.8,,,,,,,,,,,,,,,,,,,69.4,,,,,,76.7
REC02669,Agriculture Officer,Cybersecurity,Statistics Division,Master,6,73.7,60.4,88.6,71.7,3,74.8,Intermediate,,,71.0,,,,,,78.8,,,,,,,,,,,,69.4,,,,,,,,,,,,,,,,,,,80.4,,,,,,85.8
REC02670,Public Health Officer,Education,IT,Master,12,49.9,30.6,78.5,80.4,3,69.2,Intermediate,,,,,,63.5,,,60.0,,,,,,,,,54.7,,,,,,,,,,,,,,,,,,,,57.6,,74.9,,,,,,
REC02671,Finance Officer,Public Policy,DIID,Bachelor,2,46.7,42.7,56.9,69.1,4,53.8,Developing,53.3,,,,,,,,,,56.8,,,,,,,,60.9,36.4,,,,,,,,,,,,,,,,,,,,,,,,,,42.8
REC02672,Data Scientist,Computer Science,MoSPI,PhD,8,8.8,11.0,75.7,78.7,7,64.1,Developing,,,,,,,,,60.5,,60.5,,,,,,,,,,,,,,,,,,,64.6,,,,,,,,,60.5,,,,,,,43.4
REC02673,Agriculture Officer,Data Science,Research,Master,4,72.0,48.8,75.3,50.8,5,60.2,Developing,,,57.8,,,,,,66.5,,,,,,,,,,,,50.5,,,,,,,,,,,,,,,,,,,50.0,,,,,,65.5
REC02674,AI Engineer,Data Science,DIID,Master,0,53.9,50.1,58.7,58.1,2,52.1,Developing,,,,,,,,,,,,,44.3,,,,,,,,,,,,,,,,,50.3,,46.8,,,,,,,44.4,,,,,65.8,,
REC02675,Software Engineer,Data Science,MoSPI,Master,0,69.8,33.7,80.9,71.3,2,67.9,Intermediate,,,,,,,,,,,,,,,,,,,,,,,,57.4,,,,,,,,,,,,70.1,,,58.7,,,,69.8,67.7,,
REC02676,Economist,Agriculture,Policy,Bachelor,7,60.6,41.9,79.7,95.2,2,74.5,Intermediate,,,,,,,,,74.1,,,,,76.4,64.2,,,,,,,,,,,,,,,,,,,,,,,,,59.6,,,,,,65.7
REC02677,Research Officer,Finance,Research,Bachelor,1,38.3,35.8,89.4,68.6,4,69.9,Intermediate,,,,,,,,,54.8,,70.9,,,,,,,,,,,,,,,,,,,,,,,,,,,,,71.4,51.5,,,,,79.7
REC02678,Policy Analyst,Public Health,IT,Master,13,60.2,58.9,79.4,62.1,4,66.8,Intermediate,,,,,,,,,52.5,,,,,,,,,,,,,,,,,,,,,,,,,69.1,,,,,,72.3,70.0,,,,,64.7
REC02679,Administrative Officer,Agriculture,MoSPI,Bachelor,0,59.1,46.4,65.2,54.1,3,54.0,Developing,,51.3,,,,,51.4,,53.2,,,,,,,,,,,,,,,,,,,,,,,,,,,,49.7,,,38.3,,,,,,
REC02680,Data Scientist,Education,Policy,Bachelor,2,42.5,60.5,83.6,91.8,5,74.2,Intermediate,,,,,,,,,71.6,,61.9,,,,,,,,,,,,,,,,,,,65.9,,,,,,,,,62.4,,,,,,,72.3
REC02681,AI Engineer,Computer Science,IT,PhD,22,136.0,69.4,100.0,63.1,2,82.5,Advanced,,,,,,,,,,,,,76.9,,,,,,,,,,,,,,,,,74.8,,81.0,,,,,,,69.7,,,,,73.5,,
REC02682,Agriculture Officer,Economics,Data & Analytics,Bachelor,8,68.5,29.2,59.1,87.9,4,62.1,Developing,,,54.4,,,,,,72.1,,,,,,,,,,,,60.6,,,,,,,,,,,,,,,,,,,52.1,,,,,,53.3
REC02683,Data Scientist,Education,MoSPI,Bachelor,8,41.2,45.1,84.1,85.6,5,72.8,Intermediate,,,,,,,,,57.6,,67.1,,,,,,,,,,,,,,,,,,,78.9,,,,,,,,,62.6,,,,,,,56.5
REC02684,Research Officer,Public Health,MoSPI,Master,18,88.9,68.4,91.1,71.2,3,78.7,Intermediate,,,,,,,,,72.7,,78.9,,,,,,,,,,,,,,,,,,,,,,,,,,,,,90.7,84.4,,,,,76.4
REC02685,Data Scientist,Biotechnology,Training,Master,5,41.2,69.4,81.9,72.4,1,69.1,Intermediate,,,,,,,,,66.4,,67.9,,,,,,,,,,,,,,,,,,,55.6,,,,,,,,,62.7,,,,,,,78.8
REC02686,Software Engineer,Artificial Intelligence,Administration,Bachelor,2,86.0,46.3,69.8,77.3,2,64.5,Developing,,,,,,,,,,,,,,,,,,,,,,,,42.4,,,,,,,,,,,,62.4,,,58.0,,,,60.8,61.4,,
REC02687,HR Officer,Education,Policy,Master,2,87.8,36.5,73.9,84.0,2,68.8,Intermediate,,,,,,,73.0,,53.1,,,,,,,,,,,,,,57.0,,,66.6,,,,,,,,,,,,,,66.4,,,,,,
REC02688,Database Administrator,Data Science,Training,Master,0,24.7,20.4,63.3,64.5,4,53.9,Developing,,,,,,,,,,41.8,,65.4,,,,,,,,,,,,,,,,,,,,,,,,50.3,,,51.6,,,,48.5,,,
REC02689,Policy Analyst,Data Science,DIID,Master,5,70.1,49.0,83.5,56.5,1,66.2,Intermediate,,,,,,,,,64.4,,,,,,,,,,,,,,,,,,,,,,,,,56.8,,,,,,67.7,68.1,,,,,60.8
REC02690,AI Engineer,Computer Science,Training,Master,5,37.8,62.6,68.6,76.9,4,63.3,Developing,,,,,,,,,,,,,57.4,,,,,,,,,,,,,,,,,65.4,,63.0,,,,,,,50.7,,,,,75.4,,
REC02691,Agriculture Officer,Environment,Policy,Master,1,80.6,52.7,75.8,75.3,4,66.7,Intermediate,,,53.5,,,,,,66.5,,,,,,,,,,,,55.9,,,,,,,,,,,,,,,,,,,55.2,,,,,,60.8
REC02692,Policy Analyst,Economics,Policy,Master,12,123.2,44.2,72.2,90.5,4,73.4,Intermediate,,,,,,,,,61.2,,,,,,,,,,,,,,,,,,,,,,,,,65.7,,,,,,68.9,73.3,,,,,74.6
REC02693,Cybersecurity Analyst,Administration,Statistics Division,Master,9,58.5,48.8,85.2,99.7,2,80.1,Advanced,,,,,,,,83.2,75.6,,,,,,,,,,,,,,,,,,,,,,,,76.9,,,,,,79.5,,,82.7,,,,
REC02694,Finance Officer,Public Policy,Administration,Bachelor,9,72.9,53.1,73.6,78.2,2,68.7,Intermediate,74.9,,,,,,,,,,62.0,,,,,,,,65.5,66.9,,,,,,,,,,,,,,,,,,,,,,,,,,78.9
REC02695,Cybersecurity Analyst,Artificial Intelligence,Research,Master,9,24.5,53.3,88.5,82.8,2,74.8,Intermediate,,,,,,,,78.2,70.7,,,,,,,,,,,,,,,,,,,,,,,,62.6,,,,,,68.7,,,77.6,,,,
REC02696,Economist,Finance,Statistics Division,Bachelor,4,51.5,44.9,56.5,56.8,4,50.9,Developing,,,,,,,,,41.2,,,,,50.7,59.6,,,,,,,,,,,,,,,,,,,,,,,,,45.4,,,,,,51.0
REC02697,Economist,Public Policy,IT,Bachelor,13,53.6,61.3,76.7,76.9,5,69.5,Intermediate,,,,,,,,,68.0,,,,,64.1,72.2,,,,,,,,,,,,,,,,,,,,,,,,,68.9,,,,,,70.7
REC02698,Economist,Administration,Data & Analytics,Bachelor,8,53.2,75.3,80.8,75.3,3,70.0,Intermediate,,,,,,,,,66.1,,,,,60.8,61.6,,,,,,,,,,,,,,,,,,,,,,,,,66.2,,,,,,65.2
REC02699,Cybersecurity Analyst,Artificial Intelligence,MoSPI,Bachelor,5,81.7,37.1,80.4,68.7,1,68.7,Intermediate,,,,,,,,70.4,72.7,,,,,,,,,,,,,,,,,,,,,,,,69.7,,,,,,59.0,,,67.4,,,,
REC02700,Finance Officer,Environment,Policy,Bachelor,10,59.7,32.9,75.6,54.4,3,61.5,Developing,59.6,,,,,,,,,,68.2,,,,,,,,63.8,59.2,,,,,,,,,,,,,,,,,,,,,,,,,,56.4
REC02701,Cybersecurity Analyst,Biotechnology,Training,Master,10,52.3,24.4,94.7,89.2,3,80.3,Advanced,,,,,,,,82.2,73.1,,,,,,,,,,,,,,,,,,,,,,,,75.6,,,,,,70.5,,,72.2,,,,
REC02702,Research Officer,Public Health,Policy,Master,3,37.9,13.3,71.4,57.1,5,56.7,Developing,,,,,,,,,57.3,,43.7,,,,,,,,,,,,,,,,,,,,,,,,,,,,,48.7,60.3,,,,,54.7
REC02703,Public Health Officer,Administration,Training,Master,6,39.5,17.2,72.5,90.8,2,67.8,Intermediate,,,,,,57.3,,,61.4,,,,,,,,,69.8,,,,,,,,,,,,,,,,,,,,64.3,,68.2,,,,,,
REC02704,Data Scientist,Public Policy,MoSPI,Master,4,48.8,38.0,82.6,99.3,1,75.7,Intermediate,,,,,,,,,66.0,,66.2,,,,,,,,,,,,,,,,,,,71.3,,,,,,,,,67.3,,,,,,,66.5
REC02705,Database Administrator,Cybersecurity,Training,Master,13,85.3,27.9,68.8,61.6,3,61.3,Developing,,,,,,,,,,65.8,,53.3,,,,,,,,,,,,,,,,,,,,,,,,51.8,,,65.3,,,,61.8,,,
REC02706,Economist,Education,Statistics Division,Master,5,62.9,54.2,85.4,63.2,3,68.7,Intermediate,,,,,,,,,61.2,,,,,64.2,74.1,,,,,,,,,,,,,,,,,,,,,,,,,60.9,,,,,,62.3
REC02707,Data Scientist,Data Science,Research,Master,5,49.5,30.0,77.1,59.1,5,61.5,Developing,,,,,,,,,69.7,,62.6,,,,,,,,,,,,,,,,,,,48.4,,,,,,,,,47.8,,,,,,,55.6
REC02708,Cybersecurity Analyst,Artificial Intelligence,Policy,Master,0,41.1,40.6,80.5,84.1,2,69.9,Intermediate,,,,,,,,59.7,55.9,,,,,,,,,,,,,,,,,,,,,,,,65.0,,,,,,80.1,,,64.4,,,,
REC02709,Economist,Public Policy,IT,PhD,12,94.9,59.9,74.2,85.7,1,72.1,Intermediate,,,,,,,,,61.9,,,,,73.1,68.8,,,,,,,,,,,,,,,,,,,,,,,,,67.8,,,,,,64.8
REC02710,Software Engineer,Data Science,Policy,Bachelor,8,68.0,67.8,75.6,82.4,6,71.6,Intermediate,,,,,,,,,,,,,,,,,,,,,,,,70.7,,,,,,,,,,,,77.8,,,77.5,,,,74.6,75.0,,
REC02711,Database Administrator,Data Science,IT,Master,11,66.4,53.6,61.8,68.3,3,60.3,Developing,,,,,,,,,,50.5,,63.1,,,,,,,,,,,,,,,,,,,,,,,,58.1,,,85.3,,,,70.8,,,
REC02712,AI Engineer,Data Science,DIID,PhD,1,58.3,56.8,40.8,85.7,3,51.7,Developing,,,,,,,,,,,,,46.2,,,,,,,,,,,,,,,,,49.1,,49.8,,,,,,,54.4,,,,,59.8,,
REC02713,Database Administrator,Artificial Intelligence,Statistics Division,Master,9,74.5,62.9,66.7,91.4,3,69.8,Intermediate,,,,,,,,,,76.8,,74.6,,,,,,,,,,,,,,,,,,,,,,,,68.0,,,79.5,,,,65.7,,,
REC02714,Data Analyst,Statistics,Statistics Division,PhD,8,58.7,44.6,97.8,57.2,2,72.5,Intermediate,,,,,,,,,63.6,,52.0,,,,,,,,,,,,,,,,,,,,,,,,,,,,,,,,57.5,,75.9,65.7
REC02715,Database Administrator,Artificial Intelligence,Research,Bachelor,11,60.4,36.8,74.0,89.5,4,70.9,Intermediate,,,,,,,,,,79.3,,66.0,,,,,,,,,,,,,,,,,,,,,,,,66.7,,,74.5,,,,57.2,,,
REC02716,Data Scientist,Agriculture,DIID,Bachelor,8,73.0,40.9,82.4,61.4,3,67.8,Intermediate,,,,,,,,,73.1,,73.0,,,,,,,,,,,,,,,,,,,62.9,,,,,,,,,57.8,,,,,,,72.3
REC02717,Economist,Biotechnology,DIID,PhD,4,59.9,36.7,82.9,75.7,5,70.7,Intermediate,,,,,,,,,75.2,,,,,75.7,61.4,,,,,,,,,,,,,,,,,,,,,,,,,68.3,,,,,,67.0
REC02718,Data Scientist,Computer Science,Administration,Master,8,61.0,51.8,89.8,80.6,6,76.8,Intermediate,,,,,,,,,84.0,,79.9,,,,,,,,,,,,,,,,,,,64.7,,,,,,,,,72.7,,,,,,,72.6
REC02719,Statistical Officer,Economics,Data & Analytics,Bachelor,0,24.4,43.9,80.2,74.1,5,66.1,Intermediate,,,,,,,,,70.4,,63.0,,,,,,,,,,,,,,,,,,,,,,,,60.6,,,,,,,,,,63.4,53.5
REC02720,Statistical Officer,Finance,Statistics Division,Bachelor,15,78.9,31.0,88.1,90.3,3,79.7,Intermediate,,,,,,,,,78.7,,73.0,,,,,,,,,,,,,,,,,,,,,,,,73.9,,,,,,,,,,72.9,81.3
REC02721,Research Officer,Statistics,MoSPI,PhD,15,100.1,60.9,75.6,72.7,5,70.5,Intermediate,,,,,,,,,75.2,,77.0,,,,,,,,,,,,,,,,,,,,,,,,,,,,,63.2,68.5,,,,,68.8
REC02722,Environmental Officer,Finance,Training,Master,4,54.8,48.1,64.5,61.6,2,56.6,Developing,,,,,,,,,58.5,,,,,,,,54.0,,,,43.8,,,,,,,,,,,,,,,,,,,56.5,,,,,,57.1
REC02723,Public Health Officer,Economics,MoSPI,Master,5,48.6,19.7,91.4,76.8,2,74.7,Intermediate,,,,,,75.9,,,74.5,,,,,,,,,71.0,,,,,,,,,,,,,,,,,,,,73.8,,75.2,,,,,,
REC02724,Project Manager,Computer Science,Data & Analytics,Master,1,63.1,41.8,46.3,73.1,1,50.3,Developing,,,,,,,57.3,,44.6,,,,,,,,,,,,,,,,,,47.4,,,,,,,,,46.3,45.5,,,,,,,,,
REC02725,Environmental Officer,Artificial Intelligence,Administration,Master,5,86.9,36.8,76.3,70.4,1,66.2,Intermediate,,,,,,,,,53.0,,,,,,,,59.5,,,,63.5,,,,,,,,,,,,,,,,,,,65.0,,,,,,56.1
REC02726,Biotechnology Faculty,Artificial Intelligence,Policy,Bachelor,9,81.6,30.7,96.0,93.3,4,83.4,Advanced,,,,,82.5,,,,74.5,,,,,,,,,,,,,80.2,,,69.6,,,,,,72.9,,,,,,,,,,,,,,,
REC02727,Data Analyst,Environment,DIID,Master,0,51.9,17.8,74.1,92.8,3,69.1,Intermediate,,,,,,,,,64.8,,70.0,,,,,,,,,,,,,,,,,,,,,,,,,,,,,,,,59.9,,65.4,66.9
REC02728,Biotechnology Faculty,Environment,Training,Bachelor,0,53.6,53.8,75.0,92.7,5,71.1,Intermediate,,,,,59.9,,,,73.6,,,,,,,,,,,,,66.9,,,74.3,,,,,,72.7,,,,,,,,,,,,,,,
REC02729,Policy Analyst,Public Policy,Administration,Master,9,52.7,39.2,73.0,62.6,2,61.6,Developing,,,,,,,,,50.5,,,,,,,,,,,,,,,,,,,,,,,,,65.4,,,,,,58.1,57.6,,,,,56.1
REC02730,Database Administrator,Artificial Intelligence,Administration,PhD,12,51.4,74.3,76.4,81.3,1,70.5,Intermediate,,,,,,,,,,63.5,,64.5,,,,,,,,,,,,,,,,,,,,,,,,76.6,,,70.1,,,,66.8,,,
REC02731,Database Administrator,Cybersecurity,Statistics Division,PhD,2,26.2,12.6,83.7,89.7,6,70.9,Intermediate,,,,,,,,,,59.0,,65.9,,,,,,,,,,,,,,,,,,,,,,,,52.2,,,63.8,,,,61.8,,,
REC02732,Policy Analyst,Statistics,Statistics Division,Master,4,42.1,49.7,67.1,71.6,4,59.5,Developing,,,,,,,,,47.3,,,,,,,,,,,,,,,,,,,,,,,,,49.4,,,,,,59.9,53.3,,,,,49.8
REC02733,Software Engineer,Data Science,Training,Master,11,68.0,66.5,82.4,82.0,1,74.1,Intermediate,,,,,,,,,,,,,,,,,,,,,,,,69.3,,,,,,,,,,,,63.8,,,74.0,,,,73.0,70.4,,
REC02734,Data Analyst,Data Science,Policy,Master,6,76.0,45.7,74.0,78.0,1,68.0,Intermediate,,,,,,,,,70.5,,64.1,,,,,,,,,,,,,,,,,,,,,,,,,,,,,,,,71.8,,55.7,67.7
REC02735,Public Health Officer,Public Policy,Statistics Division,Bachelor,3,12.6,26.7,69.2,77.8,4,60.8,Developing,,,,,,68.2,,,52.2,,,,,,,,,54.7,,,,,,,,,,,,,,,,,,,,55.4,,57.0,,,,,,
REC02736,Economist,Education,Research,Bachelor,0,8.3,10.7,50.5,76.1,4,48.8,Beginner,,,,,,,,,43.4,,,,,44.8,42.1,,,,,,,,,,,,,,,,,,,,,,,,,39.0,,,,,,45.9
REC02737,Statistical Officer,Data Science,DIID,PhD,6,32.9,4.3,92.2,67.0,2,70.5,Intermediate,,,,,,,,,60.3,,68.7,,,,,,,,,,,,,,,,,,,,,,,,73.5,,,,,,,,,,68.0,61.1
REC02738,Administrative Officer,Administration,Research,PhD,3,24.5,24.0,82.2,100.0,3,74.7,Intermediate,,84.2,,,,,64.6,,81.0,,,,,,,,,,,,,,,,,,,,,,,,,,,,62.0,,,65.0,,,,,,
REC02739,Cybersecurity Analyst,Artificial Intelligence,Training,PhD,11,83.2,58.8,81.0,95.0,4,78.3,Intermediate,,,,,,,,68.5,76.3,,,,,,,,,,,,,,,,,,,,,,,,78.2,,,,,,80.2,,,82.9,,,,
REC02740,Finance Officer,Finance,Training,Master,1,57.7,50.0,88.9,57.6,3,68.0,Intermediate,56.6,,,,,,,,,,74.3,,,,,,,,60.2,66.1,,,,,,,,,,,,,,,,,,,,,,,,,,65.1
REC02741,Data Scientist,Economics,Policy,Bachelor,2,66.3,42.8,60.7,89.2,3,63.6,Developing,,,,,,,,,60.6,,53.6,,,,,,,,,,,,,,,,,,,81.1,,,,,,,,,71.7,,,,,,,57.5
REC02742,Project Manager,Computer Science,Training,Bachelor,6,108.1,75.4,85.0,82.5,4,77.5,Intermediate,,,,,,,82.3,,77.9,,,,,,,,,,,,,,,,,,72.4,,,,,,,,,63.3,77.5,,,,,,,,,
REC02743,Data Analyst,Public Policy,Training,Bachelor,4,5.0,39.0,70.1,53.1,5,54.3,Developing,,,,,,,,,57.4,,44.1,,,,,,,,,,,,,,,,,,,,,,,,,,,,,,,,59.0,,53.4,46.4
REC02744,Research Officer,Artificial Intelligence,MoSPI,Master,1,33.6,2.0,57.4,75.7,2,53.8,Developing,,,,,,,,,50.9,,52.7,,,,,,,,,,,,,,,,,,,,,,,,,,,,,45.1,50.9,,,,,47.0
REC02745,Software Engineer,Cybersecurity,Policy,PhD,1,44.7,39.3,80.6,72.3,2,67.0,Intermediate,,,,,,,,,,,,,,,,,,,,,,,,57.6,,,,,,,,,,,,77.6,,,62.6,,,,58.8,60.8,,
REC02746,Policy Analyst,Statistics,Administration,Master,13,52.4,73.3,79.6,70.4,4,69.6,Intermediate,,,,,,,,,67.4,,,,,,,,,,,,,,,,,,,,,,,,,73.1,,,,,,63.8,74.0,,,,,70.6
REC02747,Finance Officer,Data Science,Training,PhD,5,78.0,66.0,82.0,74.3,5,71.5,Intermediate,78.5,,,,,,,,,,69.1,,,,,,,,53.1,72.6,,,,,,,,,,,,,,,,,,,,,,,,,,71.8
REC02748,Public Health Officer,Administration,Statistics Division,PhD,8,81.9,56.9,72.6,84.3,3,69.9,Intermediate,,,,,,74.6,,,62.0,,,,,,,,,72.1,,,,,,,,,,,,,,,,,,,,61.6,,67.8,,,,,,
REC02749,AI Engineer,Cybersecurity,IT,Bachelor,9,80.2,54.3,69.7,85.4,3,69.1,Intermediate,,,,,,,,,,,,,70.8,,,,,,,,,,,,,,,,,59.3,,74.7,,,,,,,67.2,,,,,72.6,,
REC02750,Environmental Officer,Public Policy,Policy,Master,7,61.7,17.9,86.9,73.3,8,72.5,Intermediate,,,,,,,,,65.3,,,,,,,,80.6,,,,67.4,,,,,,,,,,,,,,,,,,,78.3,,,,,,76.0
REC02751,AI Engineer,Computer Science,Training,Master,3,47.0,40.5,70.0,70.4,3,61.5,Developing,,,,,,,,,,,,,58.8,,,,,,,,,,,,,,,,,49.6,,64.5,,,,,,,63.9,,,,,61.1,,
REC02752,Statistical Officer,Artificial Intelligence,Research,Master,15,87.5,77.9,91.8,73.7,4,78.5,Intermediate,,,,,,,,,81.4,,57.1,,,,,,,,,,,,,,,,,,,,,,,,72.5,,,,,,,,,,81.4,76.5
REC02753,Education Officer,Public Health,MoSPI,Bachelor,4,46.2,47.3,54.2,78.6,1,57.0,Developing,,,,55.4,,,56.2,,61.1,,,,,,,70.4,,,,,,,,,,,,62.9,,,,,,,,,,,,,,,,,,
REC02754,HR Officer,Biotechnology,Data & Analytics,Master,3,67.8,37.7,77.7,84.5,2,69.6,Intermediate,,,,,,,68.8,,61.9,,,,,,,,,,,,,,60.4,,,55.7,,,,,,,,,,,,,,61.4,,,,,,
REC02755,Finance Officer,Agriculture,MoSPI,PhD,7,77.5,14.8,95.0,87.8,1,79.9,Intermediate,59.5,,,,,,,,,,75.0,,,,,,,,79.3,72.7,,,,,,,,,,,,,,,,,,,,,,,,,,64.7
REC02756,Cybersecurity Analyst,Agriculture,Statistics Division,Bachelor,12,49.5,29.1,73.6,55.1,1,59.8,Developing,,,,,,,,62.3,46.9,,,,,,,,,,,,,,,,,,,,,,,,61.3,,,,,,55.7,,,57.3,,,,
REC02757,Project Manager,Administration,Data & Analytics,PhD,4,72.1,37.7,72.9,66.9,4,62.5,Developing,,,,,,,63.0,,50.8,,,,,,,,,,,,,,,,,,58.6,,,,,,,,,49.3,58.5,,,,,,,,,
REC02758,Data Analyst,Artificial Intelligence,Data & Analytics,Master,5,32.3,10.9,53.5,56.6,2,47.3,Beginner,,,,,,,,,52.0,,46.9,,,,,,,,,,,,,,,,,,,,,,,,,,,,,,,,52.1,,39.4,34.2
REC02759,Data Analyst,Artificial Intelligence,DIID,Master,8,27.6,24.5,55.9,99.3,2,61.4,Developing,,,,,,,,,58.5,,63.1,,,,,,,,,,,,,,,,,,,,,,,,,,,,,,,,56.6,,52.4,58.6
REC02760,Research Officer,Finance,Training,PhD,0,39.0,43.7,79.9,76.1,1,67.7,Intermediate,,,,,,,,,59.4,,60.9,,,,,,,,,,,,,,,,,,,,,,,,,,,,,66.9,77.2,,,,,63.6
REC02761,Legal Officer,Public Policy,Data & Analytics,Master,11,72.8,52.4,69.7,82.6,1,68.3,Intermediate,,,,,,,71.5,,,,,,,,,,,,,,,,,,,,,,59.5,,,,,75.0,,,,,,72.6,,69.2,,,,
REC02762,Legal Officer,Cybersecurity,Data & Analytics,PhD,5,52.4,38.4,78.4,74.5,3,67.1,Intermediate,,,,,,,67.0,,,,,,,,,,,,,,,,,,,,,,65.3,,,,,58.5,,,,,,59.3,,59.3,,,,
REC02763,Administrative Officer,Cybersecurity,Data & Analytics,Master,14,55.9,50.0,74.3,87.0,6,71.7,Intermediate,,87.9,,,,,62.7,,72.2,,,,,,,,,,,,,,,,,,,,,,,,,,,,75.8,,,70.7,,,,,,
REC02764,Policy Analyst,Public Policy,Statistics Division,Master,10,53.7,41.5,82.1,68.1,5,68.5,Intermediate,,,,,,,,,58.2,,,,,,,,,,,,,,,,,,,,,,,,,71.0,,,,,,71.1,70.2,,,,,60.6
REC02765,Research Officer,Public Policy,Data & Analytics,Master,4,45.7,26.7,72.9,50.2,3,56.7,Developing,,,,,,,,,58.3,,58.5,,,,,,,,,,,,,,,,,,,,,,,,,,,,,56.9,49.5,,,,,49.4
REC02766,Environmental Officer,Cybersecurity,DIID,Bachelor,5,39.9,33.1,72.9,70.4,6,61.8,Developing,,,,,,,,,51.5,,,,,,,,42.5,,,,58.6,,,,,,,,,,,,,,,,,,,59.6,,,,,,59.5
REC02767,Software Engineer,Artificial Intelligence,Research,Master,6,102.1,41.2,87.1,80.9,2,76.6,Intermediate,,,,,,,,,,,,,,,,,,,,,,,,72.8,,,,,,,,,,,,73.6,,,74.0,,,,73.6,70.0,,
REC02768,Cybersecurity Analyst,Cybersecurity,Research,Master,16,116.7,60.4,78.6,100.0,3,81.4,Advanced,,,,,,,,76.2,85.4,,,,,,,,,,,,,,,,,,,,,,,,86.5,,,,,,79.6,,,85.9,,,,
REC02769,Education Officer,Administration,Training,Master,9,56.0,63.8,76.0,74.9,3,67.3,Intermediate,,,,58.1,,,57.5,,54.9,,,,,,,63.9,,,,,,,,,,,,72.9,,,,,,,,,,,,,,,,,,
REC02770,Policy Analyst,Artificial Intelligence,MoSPI,Master,7,14.3,45.7,95.0,84.6,3,77.9,Intermediate,,,,,,,,,82.6,,,,,,,,,,,,,,,,,,,,,,,,,72.5,,,,,,70.7,77.4,,,,,77.7
REC02771,Research Officer,Administration,Statistics Division,Bachelor,0,61.5,49.6,74.3,88.0,5,68.8,Intermediate,,,,,,,,,58.8,,65.4,,,,,,,,,,,,,,,,,,,,,,,,,,,,,60.5,66.9,,,,,61.6
REC02772,Education Officer,Public Health,Statistics Division,Bachelor,1,83.0,37.9,100.0,61.5,3,75.1,Intermediate,,,,72.2,,,68.9,,56.1,,,,,,,75.2,,,,,,,,,,,,59.8,,,,,,,,,,,,,,,,,,
REC02773,Legal Officer,Agriculture,Research,Master,5,56.8,32.5,70.3,100.0,3,70.6,Intermediate,,,,,,,74.9,,,,,,,,,,,,,,,,,,,,,,60.9,,,,,71.9,,,,,,67.2,,58.3,,,,
REC02774,Agriculture Officer,Economics,DIID,Bachelor,2,52.7,52.1,87.4,67.3,7,69.7,Intermediate,,,67.6,,,,,,74.4,,,,,,,,,,,,73.5,,,,,,,,,,,,,,,,,,,62.8,,,,,,45.2
REC02775,Environmental Officer,Administration,IT,Bachelor,6,68.5,79.2,99.0,72.6,5,79.9,Intermediate,,,,,,,,,68.8,,,,,,,,80.9,,,,75.3,,,,,,,,,,,,,,,,,,,80.3,,,,,,77.4
REC02776,Biotechnology Faculty,Cybersecurity,Data & Analytics,Master,15,106.3,38.3,84.5,89.3,4,78.5,Intermediate,,,,,66.6,,,,74.5,,,,,,,,,,,,,74.4,,,63.6,,,,,,76.4,,,,,,,,,,,,,,,
REC02777,Finance Officer,Data Science,DIID,Master,3,96.4,55.9,94.3,77.6,3,78.4,Intermediate,68.9,,,,,,,,,,75.2,,,,,,,,57.5,74.1,,,,,,,,,,,,,,,,,,,,,,,,,,75.9
REC02778,Public Health Officer,Public Policy,DIID,Bachelor,2,52.0,30.7,73.6,78.5,4,64.6,Developing,,,,,,52.5,,,56.9,,,,,,,,,59.4,,,,,,,,,,,,,,,,,,,,56.0,,58.7,,,,,,
REC02779,Biotechnology Faculty,Public Policy,DIID,Bachelor,9,71.8,58.2,79.9,73.5,4,70.0,Intermediate,,,,,72.3,,,,68.8,,,,,,,,,,,,,71.1,,,57.6,,,,,,62.8,,,,,,,,,,,,,,,
REC02780,Administrative Officer,Education,IT,Master,4,15.4,11.6,71.3,55.2,3,54.9,Developing,,48.8,,,,,54.5,,48.8,,,,,,,,,,,,,,,,,,,,,,,,,,,,46.7,,,52.0,,,,,,
REC02781,Software Engineer,Data Science,Training,Bachelor,3,65.9,25.1,67.3,83.8,6,63.6,Developing,,,,,,,,,,,,,,,,,,,,,,,,59.1,,,,,,,,,,,,45.2,,,64.0,,,,55.6,58.4,,
REC02782,Administrative Officer,Economics,IT,Bachelor,3,60.8,67.1,76.6,73.0,2,66.7,Intermediate,,62.5,,,,,59.3,,66.2,,,,,,,,,,,,,,,,,,,,,,,,,,,,46.1,,,72.5,,,,,,
REC02783,Data Analyst,Economics,Training,Bachelor,14,82.1,65.7,60.4,87.2,1,65.5,Intermediate,,,,,,,,,69.3,,59.0,,,,,,,,,,,,,,,,,,,,,,,,,,,,,,,,71.9,,58.0,61.6
REC02784,Biotechnology Faculty,Data Science,Policy,Master,1,51.3,35.9,58.5,89.0,1,60.2,Developing,,,,,45.2,,,,55.9,,,,,,,,,,,,,61.6,,,52.2,,,,,,61.1,,,,,,,,,,,,,,,
REC02785,Statistical Officer,Artificial Intelligence,MoSPI,Bachelor,11,82.7,62.0,84.1,76.0,3,74.1,Intermediate,,,,,,,,,71.4,,72.3,,,,,,,,,,,,,,,,,,,,,,,,71.8,,,,,,,,,,72.6,68.1
REC02786,Database Administrator,Computer Science,DIID,PhD,9,5.0,24.5,97.9,58.4,1,70.1,Intermediate,,,,,,,,,,56.1,,66.2,,,,,,,,,,,,,,,,,,,,,,,,67.1,,,61.4,,,,66.0,,,
REC02787,Data Scientist,Economics,Data & Analytics,PhD,7,56.6,54.6,92.1,70.5,2,73.5,Intermediate,,,,,,,,,70.8,,58.7,,,,,,,,,,,,,,,,,,,66.7,,,,,,,,,65.2,,,,,,,62.6
REC02788,HR Officer,Economics,Administration,Master,12,95.2,72.9,83.8,78.2,3,75.5,Intermediate,,,,,,,64.7,,82.9,,,,,,,,,,,,,,63.8,,,77.8,,,,,,,,,,,,,,67.8,,,,,,
REC02789,Research Officer,Biotechnology,Training,Master,0,27.5,32.6,92.5,63.3,3,68.1,Intermediate,,,,,,,,,61.8,,46.2,,,,,,,,,,,,,,,,,,,,,,,,,,,,,57.9,65.1,,,,,57.4
REC02790,Environmental Officer,Statistics,Administration,Bachelor,8,75.2,29.1,86.9,72.0,5,71.6,Intermediate,,,,,,,,,63.8,,,,,,,,66.1,,,,59.4,,,,,,,,,,,,,,,,,,,61.0,,,,,,64.8
REC02791,Project Manager,Statistics,Statistics Division,Bachelor,7,75.5,50.2,71.8,77.3,4,66.9,Intermediate,,,,,,,62.8,,71.1,,,,,,,,,,,,,,,,,,69.9,,,,,,,,,67.6,55.3,,,,,,,,,
REC02792,Biotechnology Faculty,Artificial Intelligence,DIID,Master,3,53.9,53.9,83.7,65.9,1,67.6,Intermediate,,,,,60.3,,,,65.4,,,,,,,,,,,,,57.0,,,62.4,,,,,,65.4,,,,,,,,,,,,,,,
REC02793,Project Manager,Statistics,Research,Bachelor,0,61.4,46.5,83.8,46.8,6,61.2,Developing,,,,,,,46.9,,39.5,,,,,,,,,,,,,,,,,,63.8,,,,,,,,,49.0,63.4,,,,,,,,,
REC02794,HR Officer,Cybersecurity,IT,Bachelor,0,34.1,38.7,63.8,88.5,2,61.9,Developing,,,,,,,57.5,,47.1,,,,,,,,,,,,,,51.9,,,63.8,,,,,,,,,,,,,,65.9,,,,,,
REC02795,Research Officer,Biotechnology,Administration,Bachelor,6,55.1,37.4,66.8,85.9,7,64.7,Developing,,,,,,,,,55.4,,69.4,,,,,,,,,,,,,,,,,,,,,,,,,,,,,65.1,58.2,,,,,52.8
REC02796,Database Administrator,Cybersecurity,Statistics Division,Bachelor,0,78.2,44.1,79.0,86.3,1,71.7,Intermediate,,,,,,,,,,61.5,,75.9,,,,,,,,,,,,,,,,,,,,,,,,60.7,,,65.3,,,,68.5,,,
REC02797,Project Manager,Environment,IT,PhD,11,83.8,57.8,81.1,100.0,4,79.8,Intermediate,,,,,,,79.9,,93.8,,,,,,,,,,,,,,,,,,71.0,,,,,,,,,80.6,69.4,,,,,,,,,
REC02798,Statistical Officer,Statistics,Research,Master,11,64.1,41.8,82.9,48.7,4,64.2,Developing,,,,,,,,,60.0,,70.0,,,,,,,,,,,,,,,,,,,,,,,,68.3,,,,,,,,,,57.2,62.1
REC02799,Environmental Officer,Education,IT,Master,6,44.4,28.5,72.3,62.8,5,60.5,Developing,,,,,,,,,59.7,,,,,,,,60.6,,,,57.5,,,,,,,,,,,,,,,,,,,55.6,,,,,,61.2
REC02800,Database Administrator,Data Science,Training,PhD,3,80.7,33.7,76.1,88.9,1,71.6,Intermediate,,,,,,,,,,62.3,,61.9,,,,,,,,,,,,,,,,,,,,,,,,70.9,,,79.9,,,,70.7,,,
REC02801,Data Scientist,Administration,DIID,Master,0,66.4,34.4,45.8,66.8,3,47.9,Beginner,,,,,,,,,46.4,,48.9,,,,,,,,,,,,,,,,,,,32.9,,,,,,,,,46.9,,,,,,,52.5
REC02802,Software Engineer,Computer Science,Research,Bachelor,4,60.4,45.9,51.5,71.0,3,52.8,Developing,,,,,,,,,,,,,,,,,,,,,,,,44.1,,,,,,,,,,,,59.2,,,52.7,,,,42.4,55.3,,
REC02803,Public Health Officer,Public Policy,Policy,Bachelor,11,18.3,10.2,58.5,80.1,3,57.3,Developing,,,,,,48.9,,,55.3,,,,,,,,,65.6,,,,,,,,,,,,,,,,,,,,57.8,,59.6,,,,,,
REC02804,Statistical Officer,Public Health,MoSPI,Master,10,63.3,54.4,83.0,88.2,4,76.0,Intermediate,,,,,,,,,75.4,,63.1,,,,,,,,,,,,,,,,,,,,,,,,78.7,,,,,,,,,,66.8,88.0
REC02805,Statistical Officer,Public Health,Research,PhD,11,81.1,47.0,79.6,81.9,4,73.4,Intermediate,,,,,,,,,68.5,,81.5,,,,,,,,,,,,,,,,,,,,,,,,93.9,,,,,,,,,,51.8,71.5
REC02806,Biotechnology Faculty,Education,IT,Master,7,58.4,60.6,87.3,100.0,3,80.7,Advanced,,,,,68.7,,,,80.1,,,,,,,,,,,,,75.2,,,83.0,,,,,,76.0,,,,,,,,,,,,,,,
REC02807,Education Officer,Cybersecurity,Research,Master,7,46.9,34.0,83.3,79.6,3,71.0,Intermediate,,,,68.7,,,67.7,,54.7,,,,,,,69.6,,,,,,,,,,,,66.8,,,,,,,,,,,,,,,,,,
REC02808,Public Health Officer,Data Science,DIID,Bachelor,9,26.9,57.7,86.9,48.0,5,63.2,Developing,,,,,,54.8,,,61.8,,,,,,,,,33.8,,,,,,,,,,,,,,,,,,,,67.9,,62.8,,,,,,
REC02809,Research Officer,Public Policy,IT,Master,2,65.4,51.3,53.9,88.0,5,59.6,Developing,,,,,,,,,55.0,,61.3,,,,,,,,,,,,,,,,,,,,,,,,,,,,,64.6,58.5,,,,,57.6
REC02810,Statistical Officer,Finance,Data & Analytics,Bachelor,0,36.9,29.2,86.7,61.8,6,65.2,Intermediate,,,,,,,,,45.9,,53.7,,,,,,,,,,,,,,,,,,,,,,,,61.8,,,,,,,,,,58.4,60.7
REC02811,Public Health Officer,Biotechnology,Policy,Master,7,27.9,37.7,79.2,98.7,3,73.4,Intermediate,,,,,,58.5,,,72.8,,,,,,,,,70.5,,,,,,,,,,,,,,,,,,,,74.0,,58.8,,,,,,
REC02812,Database Administrator,Artificial Intelligence,Data & Analytics,Bachelor,14,91.5,56.8,94.5,74.1,3,79.7,Intermediate,,,,,,,,,,76.7,,75.9,,,,,,,,,,,,,,,,,,,,,,,,72.2,,,82.5,,,,74.9,,,
REC02813,Biotechnology Faculty,Environment,Administration,Bachelor,10,72.9,52.5,63.7,74.6,2,62.2,Developing,,,,,56.8,,,,56.1,,,,,,,,,,,,,62.4,,,59.4,,,,,,69.1,,,,,,,,,,,,,,,
REC02814,Biotechnology Faculty,Public Policy,Administration,Master,0,93.2,70.7,75.7,64.6,8,65.8,Intermediate,,,,,74.1,,,,64.0,,,,,,,,,,,,,59.8,,,56.6,,,,,,67.2,,,,,,,,,,,,,,,
REC02815,Data Analyst,Administration,IT,Master,12,75.5,40.5,79.1,74.8,2,70.0,Intermediate,,,,,,,,,65.0,,60.5,,,,,,,,,,,,,,,,,,,,,,,,,,,,,,,,57.0,,77.0,71.7
REC02816,Economist,Statistics,DIID,Master,7,91.2,36.9,60.3,100.0,1,67.6,Intermediate,,,,,,,,,67.7,,,,,64.5,62.6,,,,,,,,,,,,,,,,,,,,,,,,,60.1,,,,,,66.9
REC02817,Research Officer,Agriculture,DIID,Bachelor,7,68.4,40.7,80.3,65.9,7,66.8,Intermediate,,,,,,,,,69.0,,66.3,,,,,,,,,,,,,,,,,,,,,,,,,,,,,61.4,56.4,,,,,55.6
REC02818,Biotechnology Faculty,Environment,Statistics Division,Master,3,38.1,23.5,60.5,79.2,1,57.4,Developing,,,,,49.2,,,,44.8,,,,,,,,,,,,,66.7,,,44.3,,,,,,54.0,,,,,,,,,,,,,,,
REC02819,Environmental Officer,Finance,Statistics Division,PhD,3,72.3,38.9,70.5,98.6,4,70.1,Intermediate,,,,,,,,,54.9,,,,,,,,69.9,,,,54.1,,,,,,,,,,,,,,,,,,,55.2,,,,,,73.2
REC02820,Data Analyst,Economics,Training,Bachelor,13,84.5,21.7,73.3,88.7,2,71.1,Intermediate,,,,,,,,,66.0,,56.2,,,,,,,,,,,,,,,,,,,,,,,,,,,,,,,,65.4,,75.3,72.3
REC02821,Legal Officer,Environment,IT,Master,18,69.6,35.1,73.9,86.5,4,71.4,Intermediate,,,,,,,72.1,,,,,,,,,,,,,,,,,,,,,,65.4,,,,,58.6,,,,,,72.3,,77.1,,,,
REC02822,Legal Officer,Administration,Research,Master,4,37.9,53.2,84.5,60.0,1,65.5,Intermediate,,,,,,,50.3,,,,,,,,,,,,,,,,,,,,,,66.6,,,,,69.6,,,,,,51.8,,62.8,,,,
REC02823,Data Scientist,Statistics,Statistics Division,Bachelor,5,36.2,44.5,77.7,59.6,3,61.6,Developing,,,,,,,,,47.8,,68.0,,,,,,,,,,,,,,,,,,,63.3,,,,,,,,,50.8,,,,,,,51.7
REC02824,Statistical Officer,Finance,Data & Analytics,PhD,7,12.1,28.2,86.0,86.2,3,73.0,Intermediate,,,,,,,,,72.4,,86.4,,,,,,,,,,,,,,,,,,,,,,,,67.0,,,,,,,,,,62.5,67.6
REC02825,Education Officer,Education,Statistics Division,Bachelor,3,27.3,42.2,54.1,86.3,1,56.3,Developing,,,,54.0,,,54.3,,46.4,,,,,,,48.4,,,,,,,,,,,,56.9,,,,,,,,,,,,,,,,,,
REC02826,Legal Officer,Cybersecurity,Data & Analytics,PhD,4,57.4,52.5,54.8,83.0,4,58.6,Developing,,,,,,,51.9,,,,,,,,,,,,,,,,,,,,,,62.6,,,,,54.9,,,,,,63.3,,62.9,,,,
REC02827,Research Officer,Artificial Intelligence,Data & Analytics,PhD,9,66.6,62.5,77.1,91.6,3,74.2,Intermediate,,,,,,,,,82.0,,65.2,,,,,,,,,,,,,,,,,,,,,,,,,,,,,77.1,72.8,,,,,69.2
REC02828,Data Analyst,Artificial Intelligence,Statistics Division,PhD,6,78.2,74.7,71.3,75.4,2,66.5,Intermediate,,,,,,,,,64.5,,67.6,,,,,,,,,,,,,,,,,,,,,,,,,,,,,,,,60.2,,62.6,62.6
REC02829,HR Officer,Education,Policy,Bachelor,16,81.4,50.9,89.9,75.8,3,77.7,Intermediate,,,,,,,70.7,,75.7,,,,,,,,,,,,,,86.8,,,65.5,,,,,,,,,,,,,,84.1,,,,,,
REC02830,Software Engineer,Computer Science,DIID,Bachelor,6,66.7,67.0,73.5,37.4,5,55.2,Developing,,,,,,,,,,,,,,,,,,,,,,,,47.2,,,,,,,,,,,,42.0,,,51.6,,,,55.5,50.3,,
REC02831,Legal Officer,Agriculture,Administration,Bachelor,9,61.8,49.7,61.5,49.7,4,52.4,Developing,,,,,,,41.3,,,,,,,,,,,,,,,,,,,,,,55.9,,,,,49.9,,,,,,46.6,,48.1,,,,
REC02832,Agriculture Officer,Artificial Intelligence,IT,Bachelor,7,80.7,46.1,70.1,95.4,3,71.3,Intermediate,,,69.3,,,,,,65.3,,,,,,,,,,,,68.0,,,,,,,,,,,,,,,,,,,75.3,,,,,,65.5
REC02833,Legal Officer,Public Health,Research,PhD,7,32.4,52.6,80.7,82.9,4,70.6,Intermediate,,,,,,,49.5,,,,,,,,,,,,,,,,,,,,,,64.9,,,,,68.7,,,,,,72.0,,77.7,,,,
REC02834,Statistical Officer,Artificial Intelligence,MoSPI,Master,15,81.7,34.5,100.0,100.0,4,88.9,Advanced,,,,,,,,,89.9,,87.0,,,,,,,,,,,,,,,,,,,,,,,,97.0,,,,,,,,,,75.8,70.8
REC02835,Public Health Officer,Statistics,MoSPI,PhD,9,47.5,34.0,80.5,81.7,1,70.9,Intermediate,,,,,,78.3,,,75.0,,,,,,,,,54.3,,,,,,,,,,,,,,,,,,,,68.3,,65.9,,,,,,
REC02836,Environmental Officer,Public Policy,Statistics Division,Master,5,8.7,31.4,64.6,75.8,2,57.9,Developing,,,,,,,,,51.2,,,,,,,,62.9,,,,53.2,,,,,,,,,,,,,,,,,,,57.4,,,,,,44.4
REC02837,Administrative Officer,Data Science,Statistics Division,PhD,7,60.4,67.0,73.6,74.2,4,65.9,Intermediate,,55.3,,,,,62.6,,54.0,,,,,,,,,,,,,,,,,,,,,,,,,,,,68.5,,,59.8,,,,,,
REC02838,Software Engineer,Computer Science,Training,Master,6,74.8,71.3,100.0,67.6,5,78.5,Intermediate,,,,,,,,,,,,,,,,,,,,,,,,82.5,,,,,,,,,,,,66.4,,,76.9,,,,59.2,72.7,,
REC02839,Education Officer,Environment,DIID,Master,14,57.5,64.2,59.2,100.0,3,67.3,Intermediate,,,,54.4,,,81.6,,68.1,,,,,,,59.6,,,,,,,,,,,,61.9,,,,,,,,,,,,,,,,,,
REC02840,Education Officer,Administration,IT,Master,10,86.0,62.7,99.6,62.5,2,77.6,Intermediate,,,,68.5,,,69.7,,77.5,,,,,,,64.7,,,,,,,,,,,,73.6,,,,,,,,,,,,,,,,,,
REC02841,Data Analyst,Biotechnology,MoSPI,Bachelor,6,43.1,23.5,84.3,90.9,2,75.0,Intermediate,,,,,,,,,83.0,,66.6,,,,,,,,,,,,,,,,,,,,,,,,,,,,,,,,64.4,,81.8,76.2
REC02842,Legal Officer,Public Health,Administration,Master,2,41.3,7.8,63.9,65.2,4,55.1,Developing,,,,,,,56.4,,,,,,,,,,,,,,,,,,,,,,55.9,,,,,47.8,,,,,,51.6,,49.0,,,,
REC02843,Statistical Officer,Education,IT,Bachelor,4,51.8,60.8,74.3,70.3,5,64.1,Developing,,,,,,,,,56.3,,63.2,,,,,,,,,,,,,,,,,,,,,,,,51.9,,,,,,,,,,62.6,60.2
REC02844,AI Engineer,Artificial Intelligence,Training,PhD,2,54.5,34.2,78.2,72.0,3,65.8,Intermediate,,,,,,,,,,,,,63.0,,,,,,,,,,,,,,,,,62.6,,56.9,,,,,,,61.5,,,,,58.4,,
REC02845,HR Officer,Public Health,Training,Bachelor,16,15.6,17.4,68.7,74.7,3,61.5,Developing,,,,,,,56.7,,53.9,,,,,,,,,,,,,,57.3,,,63.4,,,,,,,,,,,,,,62.9,,,,,,
REC02846,Research Officer,Agriculture,Administration,PhD,0,63.9,50.2,51.7,72.0,3,53.2,Developing,,,,,,,,,53.1,,53.5,,,,,,,,,,,,,,,,,,,,,,,,,,,,,48.8,57.9,,,,,46.2
REC02847,Administrative Officer,Education,Policy,Bachelor,18,74.8,64.9,78.1,76.7,2,72.2,Intermediate,,77.6,,,,,70.8,,74.0,,,,,,,,,,,,,,,,,,,,,,,,,,,,64.8,,,70.9,,,,,,
REC02848,Policy Analyst,Data Science,Policy,Bachelor,4,61.8,53.5,68.5,93.6,1,68.5,Intermediate,,,,,,,,,69.3,,,,,,,,,,,,,,,,,,,,,,,,,59.3,,,,,,64.7,65.4,,,,,64.9
REC02849,Research Officer,Economics,DIID,PhD,18,50.8,71.9,67.2,72.1,6,63.5,Developing,,,,,,,,,63.7,,61.6,,,,,,,,,,,,,,,,,,,,,,,,,,,,,62.3,54.2,,,,,60.1
REC02850,Research Officer,Public Policy,IT,Master,5,54.3,50.4,78.8,56.1,3,62.6,Developing,,,,,,,,,66.6,,55.3,,,,,,,,,,,,,,,,,,,,,,,,,,,,,55.1,61.6,,,,,55.6
REC02851,Environmental Officer,Agriculture,Research,Bachelor,4,62.3,38.6,69.1,89.9,1,67.7,Intermediate,,,,,,,,,59.7,,,,,,,,66.6,,,,67.3,,,,,,,,,,,,,,,,,,,71.5,,,,,,65.8
REC02852,Administrative Officer,Statistics,Training,PhD,7,52.2,50.0,63.5,71.2,1,59.4,Developing,,51.2,,,,,54.1,,65.0,,,,,,,,,,,,,,,,,,,,,,,,,,,,54.0,,,65.0,,,,,,
REC02853,Cybersecurity Analyst,Economics,DIID,PhD,6,61.2,31.4,72.7,95.2,2,70.2,Intermediate,,,,,,,,61.5,77.2,,,,,,,,,,,,,,,,,,,,,,,,61.1,,,,,,57.0,,,58.9,,,,
REC02854,Data Analyst,Agriculture,MoSPI,Master,19,83.9,59.4,96.5,70.3,2,80.7,Advanced,,,,,,,,,88.4,,80.4,,,,,,,,,,,,,,,,,,,,,,,,,,,,,,,,72.1,,91.5,74.9
REC02855,Environmental Officer,Artificial Intelligence,Policy,PhD,5,75.4,36.5,74.4,60.4,3,62.5,Developing,,,,,,,,,56.1,,,,,,,,55.2,,,,70.2,,,,,,,,,,,,,,,,,,,63.7,,,,,,56.1
REC02856,Research Officer,Environment,IT,PhD,0,28.3,11.5,97.7,79.3,2,75.5,Intermediate,,,,,,,,,64.8,,61.0,,,,,,,,,,,,,,,,,,,,,,,,,,,,,74.7,68.1,,,,,71.1
REC02857,Database Administrator,Cybersecurity,Data & Analytics,Master,3,40.9,18.1,64.2,79.2,3,59.9,Developing,,,,,,,,,,52.6,,63.7,,,,,,,,,,,,,,,,,,,,,,,,60.2,,,60.1,,,,51.7,,,
REC02858,HR Officer,Statistics,MoSPI,Master,2,59.8,70.9,75.0,65.9,2,63.5,Developing,,,,,,,55.3,,57.4,,,,,,,,,,,,,,51.5,,,66.7,,,,,,,,,,,,,,57.6,,,,,,
REC02859,Administrative Officer,Artificial Intelligence,Policy,Master,0,12.2,33.2,79.7,79.5,3,66.2,Intermediate,,54.7,,,,,65.6,,62.5,,,,,,,,,,,,,,,,,,,,,,,,,,,,54.4,,,64.9,,,,,,
REC02860,Database Administrator,Data Science,DIID,Bachelor,3,36.3,26.5,70.3,93.8,1,67.4,Intermediate,,,,,,,,,,67.3,,55.0,,,,,,,,,,,,,,,,,,,,,,,,65.5,,,57.7,,,,77.0,,,
REC02861,Agriculture Officer,Environment,Statistics Division,Master,10,44.1,19.3,74.2,66.7,3,61.3,Developing,,,53.5,,,,,,46.8,,,,,,,,,,,,53.1,,,,,,,,,,,,,,,,,,,41.6,,,,,,60.1
REC02862,Cybersecurity Analyst,Computer Science,Data & Analytics,Master,7,114.7,88.7,72.5,66.2,5,67.0,Intermediate,,,,,,,,62.9,61.1,,,,,,,,,,,,,,,,,,,,,,,,60.7,,,,,,69.4,,,68.6,,,,
REC02863,AI Engineer,Data Science,Administration,Master,7,41.8,35.2,63.5,84.6,3,62.1,Developing,,,,,,,,,,,,,53.3,,,,,,,,,,,,,,,,,61.2,,58.2,,,,,,,53.2,,,,,67.1,,
REC02864,Policy Analyst,Public Health,Statistics Division,PhD,5,81.8,58.3,55.2,94.2,2,63.5,Developing,,,,,,,,,60.7,,,,,,,,,,,,,,,,,,,,,,,,,69.1,,,,,,67.1,55.1,,,,,62.1
REC02865,AI Engineer,Computer Science,Research,Bachelor,5,40.8,30.9,64.1,52.8,4,52.8,Developing,,,,,,,,,,,,,50.7,,,,,,,,,,,,,,,,,40.9,,62.4,,,,,,,43.5,,,,,55.5,,
REC02866,AI Engineer,Artificial Intelligence,IT,Bachelor,6,88.4,17.8,87.2,74.4,3,73.6,Intermediate,,,,,,,,,,,,,61.3,,,,,,,,,,,,,,,,,74.7,,70.9,,,,,,,71.1,,,,,78.1,,
REC02867,Research Officer,Environment,MoSPI,Bachelor,4,69.5,21.4,74.8,71.3,3,64.2,Developing,,,,,,,,,43.9,,61.2,,,,,,,,,,,,,,,,,,,,,,,,,,,,,58.5,56.4,,,,,65.4
REC02868,HR Officer,Education,MoSPI,Master,0,52.7,46.5,63.9,52.7,1,53.7,Developing,,,,,,,63.4,,48.3,,,,,,,,,,,,,,50.0,,,62.9,,,,,,,,,,,,,,49.5,,,,,,
REC02869,Environmental Officer,Artificial Intelligence,Data & Analytics,Master,1,56.4,59.4,74.3,48.9,3,57.3,Developing,,,,,,,,,60.5,,,,,,,,41.1,,,,47.8,,,,,,,,,,,,,,,,,,,50.8,,,,,,50.4
REC02870,Public Health Officer,Public Health,Policy,Master,14,62.6,25.7,75.4,85.1,3,70.1,Intermediate,,,,,,75.3,,,53.8,,,,,,,,,64.1,,,,,,,,,,,,,,,,,,,,71.5,,63.2,,,,,,
REC02871,Policy Analyst,Data Science,MoSPI,Master,8,94.0,59.4,80.8,76.6,5,72.4,Intermediate,,,,,,,,,73.1,,,,,,,,,,,,,,,,,,,,,,,,,69.2,,,,,,66.2,63.0,,,,,70.8
REC02872,Environmental Officer,Biotechnology,Data & Analytics,Master,8,105.6,76.6,77.5,79.8,3,74.2,Intermediate,,,,,,,,,77.0,,,,,,,,69.1,,,,83.6,,,,,,,,,,,,,,,,,,,79.0,,,,,,85.1
REC02873,Environmental Officer,Finance,IT,PhD,4,32.1,31.3,84.7,65.0,3,66.2,Intermediate,,,,,,,,,48.4,,,,,,,,61.1,,,,70.3,,,,,,,,,,,,,,,,,,,59.8,,,,,,66.2
REC02874,Economist,Administration,Policy,PhD,0,16.0,21.8,64.0,76.9,5,56.6,Developing,,,,,,,,,50.2,,,,,47.8,46.3,,,,,,,,,,,,,,,,,,,,,,,,,40.5,,,,,,57.7
REC02875,Administrative Officer,Environment,Policy,Master,13,57.2,34.4,72.3,98.1,2,72.4,Intermediate,,64.4,,,,,60.6,,62.7,,,,,,,,,,,,,,,,,,,,,,,,,,,,84.3,,,75.5,,,,,,
REC02876,Economist,Biotechnology,Policy,Master,12,50.7,32.1,73.5,67.5,2,63.3,Developing,,,,,,,,,65.7,,,,,64.9,54.4,,,,,,,,,,,,,,,,,,,,,,,,,55.8,,,,,,54.1
REC02877,Agriculture Officer,Education,Training,Master,7,49.6,66.6,47.0,71.5,1,51.8,Developing,,,55.0,,,,,,45.8,,,,,,,,,,,,60.5,,,,,,,,,,,,,,,,,,,52.9,,,,,,56.1
REC02878,Economist,Cybersecurity,Statistics Division,PhD,0,59.1,10.9,80.5,94.1,2,72.6,Intermediate,,,,,,,,,72.6,,,,,65.1,63.9,,,,,,,,,,,,,,,,,,,,,,,,,59.8,,,,,,71.5
REC02879,Economist,Environment,Administration,Bachelor,7,77.3,65.6,78.7,84.3,3,72.7,Intermediate,,,,,,,,,73.6,,,,,67.6,74.1,,,,,,,,,,,,,,,,,,,,,,,,,63.3,,,,,,64.5
REC02880,Economist,Biotechnology,Research,Master,11,80.3,50.4,72.6,74.9,9,67.6,Intermediate,,,,,,,,,55.0,,,,,73.9,74.1,,,,,,,,,,,,,,,,,,,,,,,,,68.7,,,,,,64.1
REC02881,Policy Analyst,Biotechnology,Statistics Division,Bachelor,19,122.5,69.5,83.2,80.2,3,79.2,Intermediate,,,,,,,,,82.4,,,,,,,,,,,,,,,,,,,,,,,,,79.6,,,,,,83.1,72.4,,,,,91.3
REC02882,Education Officer,Statistics,Administration,Master,9,64.0,55.6,84.7,100.0,2,79.5,Intermediate,,,,66.0,,,82.2,,69.6,,,,,,,72.2,,,,,,,,,,,,77.4,,,,,,,,,,,,,,,,,,
REC02883,Research Officer,Finance,DIID,Bachelor,6,17.7,16.7,63.4,72.5,4,56.7,Developing,,,,,,,,,62.9,,48.6,,,,,,,,,,,,,,,,,,,,,,,,,,,,,54.2,41.7,,,,,63.4
REC02884,Database Administrator,Computer Science,Data & Analytics,Master,0,33.0,39.4,78.8,89.6,6,70.9,Intermediate,,,,,,,,,,75.5,,69.0,,,,,,,,,,,,,,,,,,,,,,,,68.1,,,82.5,,,,56.7,,,
REC02885,Data Analyst,Administration,Administration,PhD,2,70.7,69.1,49.3,76.2,4,54.9,Developing,,,,,,,,,59.2,,53.5,,,,,,,,,,,,,,,,,,,,,,,,,,,,,,,,60.8,,49.2,61.9
REC02886,HR Officer,Education,DIID,PhD,10,99.1,86.8,62.6,79.3,7,66.1,Intermediate,,,,,,,69.0,,68.0,,,,,,,,,,,,,,68.7,,,69.7,,,,,,,,,,,,,,68.7,,,,,,
REC02887,Finance Officer,Agriculture,Data & Analytics,Master,4,55.1,29.4,71.0,87.7,6,66.8,Intermediate,65.1,,,,,,,,,,62.4,,,,,,,,61.4,60.7,,,,,,,,,,,,,,,,,,,,,,,,,,57.3
REC02888,Finance Officer,Data Science,Research,PhD,2,57.1,44.6,51.9,88.6,4,57.0,Developing,57.9,,,,,,,,,,51.1,,,,,,,,44.7,44.9,,,,,,,,,,,,,,,,,,,,,,,,,,54.3
REC02889,Agriculture Officer,Agriculture,Administration,PhD,13,118.6,86.0,69.1,58.6,2,64.4,Developing,,,62.2,,,,,,73.2,,,,,,,,,,,,72.2,,,,,,,,,,,,,,,,,,,59.6,,,,,,55.1
REC02890,AI Engineer,Computer Science,IT,PhD,4,50.7,23.3,67.6,52.5,6,53.4,Developing,,,,,,,,,,,,,33.0,,,,,,,,,,,,,,,,,49.7,,46.3,,,,,,,43.2,,,,,47.0,,
REC02891,Economist,Statistics,Data & Analytics,Bachelor,5,40.4,27.3,71.4,59.5,2,58.3,Developing,,,,,,,,,56.0,,,,,52.7,51.6,,,,,,,,,,,,,,,,,,,,,,,,,66.1,,,,,,45.3
REC02892,AI Engineer,Cybersecurity,MoSPI,Bachelor,11,52.7,50.9,75.2,89.4,5,71.6,Intermediate,,,,,,,,,,,,,70.6,,,,,,,,,,,,,,,,,77.8,,70.7,,,,,,,68.1,,,,,62.4,,
REC02893,HR Officer,Agriculture,Data & Analytics,Master,3,79.8,33.8,85.2,64.1,6,68.8,Intermediate,,,,,,,65.0,,59.4,,,,,,,,,,,,,,72.4,,,69.7,,,,,,,,,,,,,,57.7,,,,,,
REC02894,Policy Analyst,Economics,Training,PhD,9,40.0,37.8,70.6,78.8,4,64.5,Developing,,,,,,,,,73.6,,,,,,,,,,,,,,,,,,,,,,,,,58.6,,,,,,52.7,59.2,,,,,61.8
REC02895,Data Analyst,Artificial Intelligence,Data & Analytics,Master,7,60.7,67.1,60.2,100.0,3,67.2,Intermediate,,,,,,,,,74.7,,62.9,,,,,,,,,,,,,,,,,,,,,,,,,,,,,,,,67.5,,59.6,67.1
REC02896,Public Health Officer,Biotechnology,Policy,PhD,9,32.6,30.8,70.4,55.5,1,56.4,Developing,,,,,,52.1,,,51.1,,,,,,,,,52.7,,,,,,,,,,,,,,,,,,,,41.8,,53.2,,,,,,
REC02897,Economist,Finance,Training,Master,8,77.3,52.8,100.0,61.5,3,76.1,Intermediate,,,,,,,,,68.1,,,,,74.3,58.9,,,,,,,,,,,,,,,,,,,,,,,,,66.8,,,,,,64.1
REC02898,Data Scientist,Economics,MoSPI,Master,6,22.9,23.4,64.4,68.1,4,55.4,Developing,,,,,,,,,58.3,,37.3,,,,,,,,,,,,,,,,,,,48.0,,,,,,,,,54.4,,,,,,,37.6
REC02899,Policy Analyst,Agriculture,DIID,Master,1,77.9,44.9,66.0,95.5,3,67.8,Intermediate,,,,,,,,,53.5,,,,,,,,,,,,,,,,,,,,,,,,,60.7,,,,,,75.9,73.2,,,,,53.1
REC02900,Statistical Officer,Administration,Administration,Master,3,38.8,43.4,62.3,78.6,9,59.0,Developing,,,,,,,,,49.6,,50.5,,,,,,,,,,,,,,,,,,,,,,,,50.0,,,,,,,,,,54.3,68.3
REC02901,Software Engineer,Artificial Intelligence,Statistics Division,Master,4,52.9,70.5,72.8,55.9,7,60.5,Developing,,,,,,,,,,,,,,,,,,,,,,,,70.5,,,,,,,,,,,,58.3,,,52.1,,,,71.4,54.5,,
REC02902,Finance Officer,Economics,MoSPI,Bachelor,12,56.6,27.1,51.4,79.9,6,56.1,Developing,62.7,,,,,,,,,,52.2,,,,,,,,60.8,51.2,,,,,,,,,,,,,,,,,,,,,,,,,,51.2
REC02903,Administrative Officer,Agriculture,Statistics Division,Master,9,78.2,42.6,51.3,62.4,4,51.8,Developing,,53.1,,,,,52.6,,50.2,,,,,,,,,,,,,,,,,,,,,,,,,,,,49.2,,,46.5,,,,,,
REC02904,Administrative Officer,Public Policy,Statistics Division,Master,0,77.9,57.3,60.5,91.9,5,63.9,Developing,,67.2,,,,,50.4,,51.3,,,,,,,,,,,,,,,,,,,,,,,,,,,,57.6,,,65.5,,,,,,
REC02905,Cybersecurity Analyst,Statistics,Training,Bachelor,9,35.9,26.1,48.8,71.6,4,51.0,Developing,,,,,,,,45.4,44.9,,,,,,,,,,,,,,,,,,,,,,,,50.1,,,,,,53.1,,,65.6,,,,
REC02906,Policy Analyst,Public Health,MoSPI,Master,0,55.4,50.7,68.3,78.5,2,62.8,Developing,,,,,,,,,60.5,,,,,,,,,,,,,,,,,,,,,,,,,56.1,,,,,,50.5,67.4,,,,,55.4
REC02907,Data Scientist,Economics,Statistics Division,Master,7,68.5,61.9,66.1,63.2,4,59.1,Developing,,,,,,,,,59.9,,64.5,,,,,,,,,,,,,,,,,,,53.4,,,,,,,,,48.4,,,,,,,42.6
REC02908,AI Engineer,Artificial Intelligence,Data & Analytics,Master,5,43.7,52.3,83.2,81.1,3,71.1,Intermediate,,,,,,,,,,,,,67.3,,,,,,,,,,,,,,,,,69.8,,63.2,,,,,,,55.0,,,,,60.8,,
REC02909,Software Engineer,Computer Science,Statistics Division,Master,11,60.6,44.5,92.8,70.1,1,75.0,Intermediate,,,,,,,,,,,,,,,,,,,,,,,,64.9,,,,,,,,,,,,64.1,,,88.1,,,,76.6,58.9,,
REC02910,Database Administrator,Computer Science,Policy,Bachelor,5,39.8,51.1,89.3,59.4,3,69.5,Intermediate,,,,,,,,,,88.7,,60.8,,,,,,,,,,,,,,,,,,,,,,,,65.8,,,68.7,,,,75.1,,,
REC02911,Environmental Officer,Statistics,DIID,Bachelor,0,15.9,22.0,81.1,61.6,2,61.4,Developing,,,,,,,,,54.9,,,,,,,,61.9,,,,64.6,,,,,,,,,,,,,,,,,,,46.1,,,,,,46.5
REC02912,Biotechnology Faculty,Cybersecurity,IT,Master,0,51.6,54.1,74.9,69.7,1,63.1,Developing,,,,,55.0,,,,51.3,,,,,,,,,,,,,60.2,,,52.0,,,,,,57.5,,,,,,,,,,,,,,,
REC02913,Education Officer,Biotechnology,Administration,Bachelor,2,78.3,46.1,71.5,76.6,6,64.9,Developing,,,,61.3,,,49.2,,60.2,,,,,,,49.0,,,,,,,,,,,,68.8,,,,,,,,,,,,,,,,,,
REC02914,Research Officer,Finance,MoSPI,PhD,8,22.1,24.0,36.7,71.2,2,42.4,Beginner,,,,,,,,,43.2,,33.3,,,,,,,,,,,,,,,,,,,,,,,,,,,,,33.7,32.1,,,,,41.7
REC02915,HR Officer,Education,MoSPI,Bachelor,1,38.4,35.8,75.4,50.9,3,57.2,Developing,,,,,,,52.2,,48.4,,,,,,,,,,,,,,45.1,,,61.2,,,,,,,,,,,,,,52.8,,,,,,
REC02916,Research Officer,Public Health,Policy,Master,4,51.3,30.6,72.8,50.3,2,56.4,Developing,,,,,,,,,54.4,,54.6,,,,,,,,,,,,,,,,,,,,,,,,,,,,,60.4,38.8,,,,,44.8
REC02917,Public Health Officer,Public Health,Research,Bachelor,1,30.0,33.1,72.4,77.2,2,63.3,Developing,,,,,,61.5,,,52.8,,,,,,,,,71.3,,,,,,,,,,,,,,,,,,,,54.7,,64.2,,,,,,
REC02918,Project Manager,Public Policy,Research,Bachelor,0,49.0,11.8,78.9,85.0,3,68.3,Intermediate,,,,,,,51.9,,58.1,,,,,,,,,,,,,,,,,,58.3,,,,,,,,,65.7,67.1,,,,,,,,,
REC02919,Legal Officer,Agriculture,Policy,Bachelor,8,37.5,45.4,80.7,85.3,6,71.5,Intermediate,,,,,,,61.9,,,,,,,,,,,,,,,,,,,,,,63.8,,,,,62.7,,,,,,64.3,,82.6,,,,
REC02920,Cybersecurity Analyst,Data Science,Data & Analytics,PhD,4,31.1,29.2,63.3,65.8,3,55.7,Developing,,,,,,,,54.2,55.6,,,,,,,,,,,,,,,,,,,,,,,,58.0,,,,,,48.7,,,54.9,,,,
REC02921,Project Manager,Public Policy,MoSPI,PhD,10,53.4,34.7,91.0,58.2,1,69.5,Intermediate,,,,,,,58.5,,71.7,,,,,,,,,,,,,,,,,,67.6,,,,,,,,,63.8,58.5,,,,,,,,,
REC02922,Research Officer,Education,Training,Master,4,33.3,35.3,72.4,100.0,4,70.4,Intermediate,,,,,,,,,77.2,,61.0,,,,,,,,,,,,,,,,,,,,,,,,,,,,,73.3,56.9,,,,,65.3
REC02923,Administrative Officer,Economics,Statistics Division,Master,9,112.4,50.2,95.4,87.5,4,84.6,Advanced,,92.6,,,,,79.3,,82.0,,,,,,,,,,,,,,,,,,,,,,,,,,,,88.6,,,73.1,,,,,,
REC02924,Finance Officer,Economics,Training,Bachelor,8,63.2,43.2,82.8,79.9,7,72.7,Intermediate,69.7,,,,,,,,,,74.0,,,,,,,,64.4,73.3,,,,,,,,,,,,,,,,,,,,,,,,,,70.8
REC02925,Legal Officer,Agriculture,DIID,Master,12,63.7,35.0,73.7,74.0,2,66.7,Intermediate,,,,,,,63.7,,,,,,,,,,,,,,,,,,,,,,64.2,,,,,81.2,,,,,,64.0,,57.9,,,,
REC02926,AI Engineer,Cybersecurity,Policy,Bachelor,17,99.7,70.1,81.0,72.9,1,73.0,Intermediate,,,,,,,,,,,,,74.5,,,,,,,,,,,,,,,,,70.1,,65.3,,,,,,,72.8,,,,,54.1,,
REC02927,Agriculture Officer,Biotechnology,Policy,PhD,5,52.4,33.4,68.2,64.3,1,58.5,Developing,,,66.0,,,,,,41.7,,,,,,,,,,,,47.7,,,,,,,,,,,,,,,,,,,55.8,,,,,,55.8
REC02928,Economist,Administration,Research,Master,3,47.8,45.6,72.7,58.3,1,59.2,Developing,,,,,,,,,52.0,,,,,50.3,64.4,,,,,,,,,,,,,,,,,,,,,,,,,50.7,,,,,,59.8
REC02929,Database Administrator,Computer Science,Data & Analytics,Bachelor,1,32.7,37.9,75.5,59.4,1,59.7,Developing,,,,,,,,,,57.6,,48.2,,,,,,,,,,,,,,,,,,,,,,,,55.3,,,53.1,,,,64.6,,,
REC02930,Biotechnology Faculty,Data Science,Training,Master,2,73.2,47.3,53.7,74.1,1,55.3,Developing,,,,,66.7,,,,38.6,,,,,,,,,,,,,57.3,,,51.7,,,,,,50.2,,,,,,,,,,,,,,,
REC02931,Data Scientist,Statistics,IT,Bachelor,5,11.1,44.8,76.6,64.7,4,61.5,Developing,,,,,,,,,55.2,,49.8,,,,,,,,,,,,,,,,,,,51.1,,,,,,,,,54.4,,,,,,,76.8
REC02932,Agriculture Officer,Finance,DIID,Bachelor,3,76.4,41.9,63.0,85.5,5,63.8,Developing,,,61.2,,,,,,56.7,,,,,,,,,,,,72.5,,,,,,,,,,,,,,,,,,,60.3,,,,,,57.4
REC02933,Policy Analyst,Public Health,Training,Master,11,45.3,40.8,76.8,50.9,4,60.6,Developing,,,,,,,,,53.4,,,,,,,,,,,,,,,,,,,,,,,,,66.1,,,,,,58.2,64.1,,,,,58.0
REC02934,Environmental Officer,Education,DIID,PhD,6,53.6,25.1,88.2,98.4,1,79.1,Intermediate,,,,,,,,,71.5,,,,,,,,73.6,,,,70.6,,,,,,,,,,,,,,,,,,,68.9,,,,,,85.3
REC02935,Research Officer,Public Health,Data & Analytics,Master,8,92.9,53.6,68.3,83.9,3,68.0,Intermediate,,,,,,,,,80.3,,66.5,,,,,,,,,,,,,,,,,,,,,,,,,,,,,64.7,59.4,,,,,55.6
REC02936,Data Scientist,Education,Statistics Division,Master,0,12.5,31.2,51.7,54.9,3,43.7,Beginner,,,,,,,,,22.7,,41.1,,,,,,,,,,,,,,,,,,,36.9,,,,,,,,,34.8,,,,,,,43.0
REC02937,Biotechnology Faculty,Agriculture,IT,Master,5,71.4,47.5,58.6,70.8,3,56.9,Developing,,,,,33.5,,,,49.1,,,,,,,,,,,,,66.1,,,65.0,,,,,,46.9,,,,,,,,,,,,,,,
REC02938,Environmental Officer,Data Science,Training,Bachelor,9,82.1,54.6,59.6,59.5,3,55.0,Developing,,,,,,,,,43.6,,,,,,,,48.2,,,,43.7,,,,,,,,,,,,,,,,,,,48.4,,,,,,57.8
REC02939,Environmental Officer,Agriculture,Data & Analytics,Bachelor,3,50.7,27.1,86.7,79.9,2,72.3,Intermediate,,,,,,,,,61.3,,,,,,,,62.7,,,,71.2,,,,,,,,,,,,,,,,,,,63.4,,,,,,75.4
REC02940,Cybersecurity Analyst,Biotechnology,Policy,Bachelor,3,25.5,43.5,59.7,69.4,2,54.3,Developing,,,,,,,,43.7,42.3,,,,,,,,,,,,,,,,,,,,,,,,58.8,,,,,,46.5,,,58.0,,,,
REC02941,Data Scientist,Biotechnology,Research,Bachelor,8,54.9,54.5,67.9,73.7,2,62.3,Developing,,,,,,,,,48.4,,58.5,,,,,,,,,,,,,,,,,,,48.0,,,,,,,,,65.5,,,,,,,63.4
REC02942,Economist,Agriculture,MoSPI,PhD,10,97.2,33.0,69.7,73.8,2,65.3,Intermediate,,,,,,,,,58.3,,,,,71.9,65.8,,,,,,,,,,,,,,,,,,,,,,,,,44.7,,,,,,62.9
REC02943,Economist,Education,Data & Analytics,Master,10,56.4,27.0,85.6,68.9,5,69.8,Intermediate,,,,,,,,,66.4,,,,,68.8,67.4,,,,,,,,,,,,,,,,,,,,,,,,,55.0,,,,,,63.8
REC02944,Legal Officer,Public Health,IT,Bachelor,9,50.9,52.4,60.1,84.1,2,62.3,Developing,,,,,,,81.0,,,,,,,,,,,,,,,,,,,,,,55.8,,,,,61.0,,,,,,67.0,,55.4,,,,
REC02945,Software Engineer,Computer Science,Training,Bachelor,5,21.5,10.3,77.0,43.4,3,54.7,Developing,,,,,,,,,,,,,,,,,,,,,,,,41.8,,,,,,,,,,,,61.6,,,34.5,,,,68.0,39.3,,
REC02946,Economist,Data Science,Statistics Division,Bachelor,3,63.4,56.9,89.7,76.4,2,74.9,Intermediate,,,,,,,,,76.9,,,,,83.6,69.0,,,,,,,,,,,,,,,,,,,,,,,,,70.4,,,,,,62.6
REC02947,Biotechnology Faculty,Agriculture,Training,PhD,2,29.7,29.5,71.1,68.4,2,60.0,Developing,,,,,58.5,,,,58.1,,,,,,,,,,,,,70.0,,,49.0,,,,,,51.0,,,,,,,,,,,,,,,
REC02948,Education Officer,Administration,Research,Master,11,69.7,50.3,95.6,83.3,5,80.5,Advanced,,,,70.6,,,67.9,,72.7,,,,,,,80.8,,,,,,,,,,,,75.1,,,,,,,,,,,,,,,,,,
REC02949,HR Officer,Environment,Administration,Master,3,66.5,39.5,88.5,52.7,2,65.6,Intermediate,,,,,,,57.8,,60.7,,,,,,,,,,,,,,46.8,,,53.1,,,,,,,,,,,,,,57.0,,,,,,
REC02950,HR Officer,Economics,Statistics Division,Bachelor,0,60.9,52.1,63.5,94.7,3,65.7,Intermediate,,,,,,,56.6,,59.7,,,,,,,,,,,,,,66.5,,,66.3,,,,,,,,,,,,,,64.3,,,,,,
REC02951,HR Officer,Cybersecurity,Training,Master,7,77.8,68.7,100.0,79.8,4,82.9,Advanced,,,,,,,84.9,,74.3,,,,,,,,,,,,,,84.1,,,75.6,,,,,,,,,,,,,,77.9,,,,,,
REC02952,Finance Officer,Statistics,IT,Bachelor,5,84.8,49.9,72.3,68.6,3,65.2,Intermediate,57.2,,,,,,,,,,69.0,,,,,,,,62.1,74.9,,,,,,,,,,,,,,,,,,,,,,,,,,66.2
REC02953,Cybersecurity Analyst,Environment,Research,Master,12,100.8,64.0,96.6,81.5,2,83.9,Advanced,,,,,,,,78.5,72.2,,,,,,,,,,,,,,,,,,,,,,,,86.4,,,,,,85.7,,,96.0,,,,
REC02954,Database Administrator,Computer Science,Policy,Bachelor,1,63.8,36.3,66.7,62.4,6,58.1,Developing,,,,,,,,,,54.5,,64.0,,,,,,,,,,,,,,,,,,,,,,,,56.6,,,61.6,,,,49.5,,,
REC02955,Database Administrator,Computer Science,Data & Analytics,Master,3,55.7,46.0,62.1,45.8,1,49.9,Beginner,,,,,,,,,,55.1,,45.1,,,,,,,,,,,,,,,,,,,,,,,,42.8,,,34.5,,,,40.8,,,
REC02956,Project Manager,Computer Science,Statistics Division,Bachelor,6,53.0,58.6,84.2,88.3,3,75.1,Intermediate,,,,,,,58.7,,73.5,,,,,,,,,,,,,,,,,,67.8,,,,,,,,,64.3,88.0,,,,,,,,,
REC02957,Project Manager,Biotechnology,Administration,Master,9,75.0,58.0,73.6,78.8,1,68.5,Intermediate,,,,,,,80.6,,61.1,,,,,,,,,,,,,,,,,,52.6,,,,,,,,,65.7,67.8,,,,,,,,,
REC02958,HR Officer,Public Policy,Statistics Division,Master,11,81.7,51.5,67.4,60.6,1,60.5,Developing,,,,,,,73.7,,54.6,,,,,,,,,,,,,,69.3,,,46.2,,,,,,,,,,,,,,49.3,,,,,,
REC02959,Public Health Officer,Agriculture,Administration,Master,8,33.3,64.7,96.4,81.3,5,79.1,Intermediate,,,,,,81.6,,,61.2,,,,,,,,,73.9,,,,,,,,,,,,,,,,,,,,85.4,,77.7,,,,,,
REC02960,Education Officer,Administration,Training,Bachelor,11,56.4,21.9,67.9,94.8,4,67.8,Intermediate,,,,66.0,,,52.1,,67.7,,,,,,,59.6,,,,,,,,,,,,60.8,,,,,,,,,,,,,,,,,,
REC02961,Economist,Cybersecurity,Research,Master,13,61.0,2.0,90.3,72.0,2,73.0,Intermediate,,,,,,,,,65.6,,,,,67.7,67.7,,,,,,,,,,,,,,,,,,,,,,,,,63.0,,,,,,69.7
REC02962,Database Administrator,Computer Science,IT,Bachelor,1,68.6,21.7,63.6,65.6,2,56.6,Developing,,,,,,,,,,49.8,,54.9,,,,,,,,,,,,,,,,,,,,,,,,59.8,,,55.9,,,,39.5,,,
REC02963,Research Officer,Agriculture,MoSPI,Master,12,98.6,52.8,71.3,53.3,4,61.8,Developing,,,,,,,,,62.8,,60.4,,,,,,,,,,,,,,,,,,,,,,,,,,,,,53.8,70.3,,,,,60.9
REC02964,Biotechnology Faculty,Statistics,Administration,PhD,7,31.1,32.5,72.8,95.5,6,70.4,Intermediate,,,,,80.3,,,,66.5,,,,,,,,,,,,,73.3,,,67.7,,,,,,70.9,,,,,,,,,,,,,,,
REC02965,Data Analyst,Administration,Research,Bachelor,4,49.0,33.9,67.5,83.1,3,64.0,Developing,,,,,,,,,69.5,,54.8,,,,,,,,,,,,,,,,,,,,,,,,,,,,,,,,63.3,,60.2,61.5
REC02966,HR Officer,Data Science,Research,Master,9,30.2,23.1,59.6,70.6,5,55.4,Developing,,,,,,,43.9,,48.4,,,,,,,,,,,,,,58.7,,,60.0,,,,,,,,,,,,,,53.2,,,,,,
REC02967,Public Health Officer,Administration,MoSPI,Master,6,56.5,19.9,75.5,73.8,3,64.3,Developing,,,,,,44.5,,,53.2,,,,,,,,,49.6,,,,,,,,,,,,,,,,,,,,57.4,,67.8,,,,,,
REC02968,Cybersecurity Analyst,Economics,Research,PhD,13,79.6,23.0,82.8,88.3,6,75.8,Intermediate,,,,,,,,78.4,68.3,,,,,,,,,,,,,,,,,,,,,,,,76.9,,,,,,61.9,,,72.4,,,,
REC02969,Finance Officer,Economics,DIID,Bachelor,8,81.0,70.5,84.7,89.1,1,77.2,Intermediate,65.4,,,,,,,,,,71.1,,,,,,,,75.7,70.7,,,,,,,,,,,,,,,,,,,,,,,,,,68.1
REC02970,Software Engineer,Artificial Intelligence,Statistics Division,Master,8,41.7,69.3,52.3,80.7,1,57.0,Developing,,,,,,,,,,,,,,,,,,,,,,,,53.3,,,,,,,,,,,,57.7,,,58.9,,,,55.5,65.9,,
REC02971,Legal Officer,Economics,IT,Master,13,71.7,55.4,80.0,72.0,4,70.5,Intermediate,,,,,,,70.2,,,,,,,,,,,,,,,,,,,,,,67.9,,,,,72.9,,,,,,59.7,,74.5,,,,
REC02972,Public Health Officer,Cybersecurity,Statistics Division,PhD,3,48.2,37.7,87.7,76.3,7,71.9,Intermediate,,,,,,64.8,,,64.7,,,,,,,,,56.3,,,,,,,,,,,,,,,,,,,,66.1,,78.1,,,,,,
REC02973,Research Officer,Education,Training,Master,3,20.3,38.4,74.0,60.9,2,59.5,Developing,,,,,,,,,59.5,,50.3,,,,,,,,,,,,,,,,,,,,,,,,,,,,,53.0,68.9,,,,,59.8
REC02974,Database Administrator,Cybersecurity,Data & Analytics,PhD,11,77.0,53.8,80.7,90.5,3,75.9,Intermediate,,,,,,,,,,69.1,,69.5,,,,,,,,,,,,,,,,,,,,,,,,73.3,,,77.4,,,,74.0,,,
REC02975,Agriculture Officer,Artificial Intelligence,IT,Bachelor,6,97.2,83.0,91.7,61.1,6,74.0,Intermediate,,,62.9,,,,,,71.7,,,,,,,,,,,,67.2,,,,,,,,,,,,,,,,,,,68.8,,,,,,75.5
REC02976,Database Administrator,Cybersecurity,MoSPI,Master,0,48.8,48.0,66.6,79.5,5,61.9,Developing,,,,,,,,,,55.3,,55.0,,,,,,,,,,,,,,,,,,,,,,,,50.1,,,60.2,,,,68.1,,,
REC02977,Database Administrator,Data Science,Training,Master,4,42.7,38.0,82.5,81.3,2,70.9,Intermediate,,,,,,,,,,74.1,,72.4,,,,,,,,,,,,,,,,,,,,,,,,73.5,,,59.7,,,,58.6,,,
REC02978,Legal Officer,Environment,Data & Analytics,Master,6,41.8,18.6,75.9,82.9,3,68.1,Intermediate,,,,,,,73.0,,,,,,,,,,,,,,,,,,,,,,56.6,,,,,76.6,,,,,,60.5,,70.8,,,,
REC02979,HR Officer,Public Health,Training,PhD,6,16.5,40.5,66.4,65.3,3,57.8,Developing,,,,,,,58.4,,63.9,,,,,,,,,,,,,,65.1,,,66.4,,,,,,,,,,,,,,49.4,,,,,,
REC02980,Environmental Officer,Environment,MoSPI,Bachelor,12,22.5,30.5,81.1,61.7,4,64.5,Developing,,,,,,,,,69.3,,,,,,,,55.3,,,,63.8,,,,,,,,,,,,,,,,,,,64.5,,,,,,59.4
REC02981,Environmental Officer,Public Health,DIID,Bachelor,10,87.7,56.2,100.0,87.9,1,85.7,Advanced,,,,,,,,,78.0,,,,,,,,89.0,,,,89.8,,,,,,,,,,,,,,,,,,,79.3,,,,,,72.4
REC02982,Legal Officer,Agriculture,MoSPI,Master,9,82.3,54.7,79.7,76.8,3,71.4,Intermediate,,,,,,,60.2,,,,,,,,,,,,,,,,,,,,,,55.9,,,,,77.9,,,,,,79.6,,66.6,,,,
REC02983,Policy Analyst,Data Science,Statistics Division,Bachelor,12,70.0,42.8,63.9,74.2,3,61.1,Developing,,,,,,,,,61.5,,,,,,,,,,,,,,,,,,,,,,,,,40.1,,,,,,58.7,55.1,,,,,58.5
REC02984,Database Administrator,Artificial Intelligence,Data & Analytics,Master,12,68.4,54.6,82.4,99.9,5,78.8,Intermediate,,,,,,,,,,64.3,,80.8,,,,,,,,,,,,,,,,,,,,,,,,70.8,,,73.2,,,,75.4,,,
REC02985,Data Analyst,Data Science,Data & Analytics,PhD,6,93.9,27.4,81.9,66.7,4,68.1,Intermediate,,,,,,,,,62.3,,61.5,,,,,,,,,,,,,,,,,,,,,,,,,,,,,,,,62.9,,49.7,63.6
REC02986,Data Scientist,Biotechnology,IT,Master,9,18.0,50.4,71.9,100.0,2,70.9,Intermediate,,,,,,,,,58.2,,63.5,,,,,,,,,,,,,,,,,,,75.5,,,,,,,,,65.8,,,,,,,82.8
REC02987,Data Scientist,Artificial Intelligence,Data & Analytics,Master,5,38.0,34.0,69.4,62.1,3,58.9,Developing,,,,,,,,,66.6,,65.5,,,,,,,,,,,,,,,,,,,52.5,,,,,,,,,61.7,,,,,,,54.3
REC02988,Cybersecurity Analyst,Environment,Administration,Bachelor,15,64.7,58.7,75.2,99.2,2,75.8,Intermediate,,,,,,,,74.5,62.2,,,,,,,,,,,,,,,,,,,,,,,,76.4,,,,,,73.6,,,82.1,,,,
REC02989,Statistical Officer,Data Science,Data & Analytics,Master,3,45.9,59.0,71.7,85.0,2,67.0,Intermediate,,,,,,,,,57.1,,78.7,,,,,,,,,,,,,,,,,,,,,,,,63.6,,,,,,,,,,64.7,57.5
REC02990,Policy Analyst,Public Policy,Training,PhD,0,54.3,2.6,73.8,86.0,4,67.0,Intermediate,,,,,,,,,70.9,,,,,,,,,,,,,,,,,,,,,,,,,70.6,,,,,,60.2,58.6,,,,,66.2
REC02991,Finance Officer,Data Science,Statistics Division,PhD,0,14.7,52.8,60.3,69.7,2,53.7,Developing,52.1,,,,,,,,,,49.9,,,,,,,,52.1,38.5,,,,,,,,,,,,,,,,,,,,,,,,,,46.9
REC02992,AI Engineer,Artificial Intelligence,IT,Master,12,49.3,61.8,70.8,84.9,2,68.8,Intermediate,,,,,,,,,,,,,56.2,,,,,,,,,,,,,,,,,86.9,,70.9,,,,,,,72.0,,,,,65.1,,
REC02993,Database Administrator,Artificial Intelligence,DIID,Bachelor,3,34.4,44.7,76.9,89.0,5,70.1,Intermediate,,,,,,,,,,73.9,,71.5,,,,,,,,,,,,,,,,,,,,,,,,71.8,,,68.0,,,,55.6,,,
REC02994,Policy Analyst,Administration,DIID,PhD,8,67.6,51.1,79.9,74.5,1,70.2,Intermediate,,,,,,,,,68.3,,,,,,,,,,,,,,,,,,,,,,,,,63.1,,,,,,70.5,69.6,,,,,72.2
REC02995,Cybersecurity Analyst,Cybersecurity,Research,Master,5,53.1,45.4,80.2,80.4,1,69.8,Intermediate,,,,,,,,58.2,60.1,,,,,,,,,,,,,,,,,,,,,,,,62.7,,,,,,70.6,,,66.9,,,,
REC02996,AI Engineer,Data Science,Statistics Division,PhD,10,38.7,19.2,82.2,67.0,2,66.0,Intermediate,,,,,,,,,,,,,57.6,,,,,,,,,,,,,,,,,61.4,,55.0,,,,,,,64.0,,,,,56.6,,
REC02997,Database Administrator,Data Science,Statistics Division,Master,6,26.7,40.7,70.3,63.3,2,57.3,Developing,,,,,,,,,,44.9,,40.3,,,,,,,,,,,,,,,,,,,,,,,,44.2,,,52.0,,,,47.9,,,
REC02998,Agriculture Officer,Artificial Intelligence,Policy,Master,4,39.6,39.4,64.2,94.4,3,65.0,Intermediate,,,69.3,,,,,,69.1,,,,,,,,,,,,53.3,,,,,,,,,,,,,,,,,,,59.8,,,,,,58.8
REC02999,Project Manager,Artificial Intelligence,IT,Master,8,24.7,30.3,80.1,69.3,4,65.1,Intermediate,,,,,,,56.2,,55.2,,,,,,,,,,,,,,,,,,65.7,,,,,,,,,52.2,67.4,,,,,,,,,
REC03000,Data Scientist,Environment,Research,Master,5,70.7,52.1,81.0,79.3,2,71.8,Intermediate,,,,,,,,,80.6,,67.1,,,,,,,,,,,,,,,,,,,60.7,,,,,,,,,69.2,,,,,,,70.0
REC03001,Statistical Officer,Public Policy,IT,Bachelor,4,79.2,47.3,76.9,56.3,2,62.6,Developing,,,,,,,,,63.4,,58.5,,,,,,,,,,,,,,,,,,,,,,,,68.5,,,,,,,,,,53.7,47.4
REC03002,Data Scientist,Biotechnology,DIID,Bachelor,4,64.3,52.5,82.6,62.6,3,66.4,Intermediate,,,,,,,,,66.2,,68.1,,,,,,,,,,,,,,,,,,,57.6,,,,,,,,,50.3,,,,,,,56.4
REC03003,Economist,Finance,Research,Master,8,42.7,23.1,74.4,67.5,3,62.2,Developing,,,,,,,,,58.4,,,,,61.6,52.7,,,,,,,,,,,,,,,,,,,,,,,,,55.5,,,,,,50.2
REC03004,Software Engineer,Artificial Intelligence,Data & Analytics,Master,4,54.3,30.6,85.6,77.9,3,71.1,Intermediate,,,,,,,,,,,,,,,,,,,,,,,,61.6,,,,,,,,,,,,77.9,,,49.5,,,,68.7,56.4,,
REC03005,Administrative Officer,Cybersecurity,Administration,PhD,3,71.2,26.5,82.0,71.0,4,67.0,Intermediate,,59.4,,,,,50.1,,53.0,,,,,,,,,,,,,,,,,,,,,,,,,,,,57.2,,,53.2,,,,,,
REC03006,Data Scientist,Cybersecurity,MoSPI,Master,12,75.7,47.3,69.0,100.0,1,73.2,Intermediate,,,,,,,,,75.2,,81.7,,,,,,,,,,,,,,,,,,,68.4,,,,,,,,,73.0,,,,,,,72.5
REC03007,Statistical Officer,Biotechnology,Training,Master,6,67.6,43.7,62.2,75.6,3,60.7,Developing,,,,,,,,,45.0,,62.1,,,,,,,,,,,,,,,,,,,,,,,,62.1,,,,,,,,,,61.0,69.1
REC03008,Education Officer,Statistics,Policy,PhD,4,94.6,46.5,72.3,83.6,3,68.9,Intermediate,,,,66.2,,,60.6,,74.0,,,,,,,64.7,,,,,,,,,,,,56.1,,,,,,,,,,,,,,,,,,
REC03009,Data Scientist,Artificial Intelligence,Training,Master,0,31.7,59.4,77.9,90.4,5,70.5,Intermediate,,,,,,,,,63.4,,70.0,,,,,,,,,,,,,,,,,,,73.8,,,,,,,,,68.8,,,,,,,56.6
REC03010,Statistical Officer,Biotechnology,MoSPI,PhD,0,72.2,57.0,76.3,80.6,1,68.8,Intermediate,,,,,,,,,67.5,,64.8,,,,,,,,,,,,,,,,,,,,,,,,51.6,,,,,,,,,,68.6,70.4
REC03011,Environmental Officer,Administration,Research,PhD,3,20.0,25.1,82.1,62.7,3,63.1,Developing,,,,,,,,,56.0,,,,,,,,55.1,,,,61.3,,,,,,,,,,,,,,,,,,,62.6,,,,,,51.1
REC03012,HR Officer,Public Health,Data & Analytics,Master,5,62.6,43.8,81.4,82.8,4,71.4,Intermediate,,,,,,,67.9,,66.7,,,,,,,,,,,,,,54.3,,,59.0,,,,,,,,,,,,,,71.2,,,,,,
REC03013,Environmental Officer,Biotechnology,Training,Master,8,68.2,79.0,60.2,70.5,6,59.3,Developing,,,,,,,,,65.3,,,,,,,,49.1,,,,40.5,,,,,,,,,,,,,,,,,,,65.4,,,,,,65.9
REC03014,Cybersecurity Analyst,Cybersecurity,Policy,Master,4,65.3,54.7,73.3,58.8,3,61.3,Developing,,,,,,,,63.3,62.3,,,,,,,,,,,,,,,,,,,,,,,,61.4,,,,,,56.7,,,50.1,,,,
REC03015,Software Engineer,Cybersecurity,Policy,Master,8,58.7,36.6,71.0,64.8,2,61.1,Developing,,,,,,,,,,,,,,,,,,,,,,,,65.9,,,,,,,,,,,,49.0,,,51.6,,,,57.9,58.0,,
REC03016,Economist,Administration,Statistics Division,Master,2,37.8,49.0,31.5,75.8,1,42.9,Beginner,,,,,,,,,36.6,,,,,49.1,55.2,,,,,,,,,,,,,,,,,,,,,,,,,41.0,,,,,,39.4
REC03017,Agriculture Officer,Cybersecurity,Statistics Division,Master,7,56.7,10.7,67.3,68.6,3,58.7,Developing,,,59.0,,,,,,37.9,,,,,,,,,,,,57.0,,,,,,,,,,,,,,,,,,,49.8,,,,,,51.2
REC03018,Agriculture Officer,Finance,Research,Bachelor,2,32.0,37.7,84.0,72.1,5,68.3,Intermediate,,,77.8,,,,,,62.3,,,,,,,,,,,,61.2,,,,,,,,,,,,,,,,,,,61.6,,,,,,65.0
REC03019,Research Officer,Data Science,DIID,Master,2,15.1,45.9,79.5,82.0,4,68.1,Intermediate,,,,,,,,,62.3,,65.3,,,,,,,,,,,,,,,,,,,,,,,,,,,,,64.4,69.7,,,,,63.8
REC03020,Statistical Officer,Cybersecurity,Administration,Bachelor,2,45.0,9.6,80.4,91.3,2,71.0,Intermediate,,,,,,,,,68.3,,57.5,,,,,,,,,,,,,,,,,,,,,,,,57.6,,,,,,,,,,73.2,61.7
REC03021,Data Scientist,Environment,MoSPI,Bachelor,8,31.9,52.1,73.9,72.2,3,64.2,Developing,,,,,,,,,58.3,,69.3,,,,,,,,,,,,,,,,,,,69.1,,,,,,,,,58.4,,,,,,,50.4
REC03022,AI Engineer,Artificial Intelligence,IT,PhD,6,44.8,57.0,98.1,70.3,1,76.5,Intermediate,,,,,,,,,,,,,71.7,,,,,,,,,,,,,,,,,79.7,,68.3,,,,,,,69.7,,,,,65.8,,
REC03023,Legal Officer,Economics,Policy,Bachelor,4,109.0,46.5,82.4,100.0,4,80.2,Advanced,,,,,,,86.2,,,,,,,,,,,,,,,,,,,,,,81.1,,,,,67.8,,,,,,68.3,,83.7,,,,
REC03024,Software Engineer,Artificial Intelligence,IT,Master,17,49.8,41.1,86.7,51.7,2,67.6,Intermediate,,,,,,,,,,,,,,,,,,,,,,,,67.9,,,,,,,,,,,,80.6,,,58.8,,,,72.6,64.4,,
REC03025,Administrative Officer,Artificial Intelligence,DIID,Master,10,57.5,13.2,92.5,63.5,3,71.9,Intermediate,,69.2,,,,,68.4,,67.8,,,,,,,,,,,,,,,,,,,,,,,,,,,,65.4,,,72.9,,,,,,
REC03026,HR Officer,Biotechnology,DIID,Master,6,48.0,37.2,71.5,66.0,2,59.9,Developing,,,,,,,40.8,,47.4,,,,,,,,,,,,,,63.6,,,40.6,,,,,,,,,,,,,,55.6,,,,,,
REC03027,Cybersecurity Analyst,Computer Science,MoSPI,Bachelor,7,58.1,37.1,68.2,74.3,5,62.7,Developing,,,,,,,,52.9,61.4,,,,,,,,,,,,,,,,,,,,,,,,62.2,,,,,,65.4,,,60.4,,,,
REC03028,Environmental Officer,Data Science,Policy,Master,12,45.6,26.9,74.2,56.6,1,60.2,Developing,,,,,,,,,58.8,,,,,,,,45.4,,,,64.6,,,,,,,,,,,,,,,,,,,62.6,,,,,,51.7
REC03029,Agriculture Officer,Public Health,Statistics Division,PhD,7,44.4,27.6,69.1,80.9,4,63.9,Developing,,,56.4,,,,,,64.7,,,,,,,,,,,,51.8,,,,,,,,,,,,,,,,,,,64.0,,,,,,66.5
REC03030,Agriculture Officer,Public Health,Statistics Division,Master,6,41.3,46.3,45.4,75.2,3,50.1,Developing,,,40.7,,,,,,40.6,,,,,,,,,,,,51.4,,,,,,,,,,,,,,,,,,,57.0,,,,,,47.6
REC03031,HR Officer,Cybersecurity,DIID,PhD,10,67.8,38.8,69.1,75.4,3,65.0,Intermediate,,,,,,,61.1,,62.1,,,,,,,,,,,,,,71.3,,,78.4,,,,,,,,,,,,,,56.7,,,,,,
REC03032,AI Engineer,Data Science,Training,Bachelor,0,26.1,36.3,63.5,78.0,1,58.8,Developing,,,,,,,,,,,,,67.9,,,,,,,,,,,,,,,,,52.2,,51.3,,,,,,,55.5,,,,,60.7,,
REC03033,AI Engineer,Data Science,MoSPI,PhD,5,70.1,71.5,58.3,61.4,1,55.0,Developing,,,,,,,,,,,,,51.8,,,,,,,,,,,,,,,,,48.5,,63.9,,,,,,,52.1,,,,,49.1,,
REC03034,Finance Officer,Public Policy,DIID,Master,1,47.1,48.9,72.7,61.5,6,60.1,Developing,65.2,,,,,,,,,,52.3,,,,,,,,68.8,51.0,,,,,,,,,,,,,,,,,,,,,,,,,,49.7
REC03035,Research Officer,Artificial Intelligence,Data & Analytics,Bachelor,18,116.7,15.3,82.5,80.6,5,75.9,Intermediate,,,,,,,,,77.6,,69.2,,,,,,,,,,,,,,,,,,,,,,,,,,,,,70.5,71.1,,,,,75.0
REC03036,Data Analyst,Economics,Data & Analytics,Bachelor,4,36.5,37.1,59.2,82.2,5,57.9,Developing,,,,,,,,,55.0,,48.6,,,,,,,,,,,,,,,,,,,,,,,,,,,,,,,,59.0,,36.3,57.8
REC03037,HR Officer,Environment,DIID,PhD,11,89.6,43.3,85.3,85.2,4,77.0,Intermediate,,,,,,,81.8,,78.6,,,,,,,,,,,,,,58.0,,,75.8,,,,,,,,,,,,,,69.2,,,,,,
REC03038,Environmental Officer,Finance,Administration,Master,8,78.9,39.1,65.7,71.0,5,61.4,Developing,,,,,,,,,50.5,,,,,,,,69.7,,,,63.2,,,,,,,,,,,,,,,,,,,54.6,,,,,,50.2
REC03039,Cybersecurity Analyst,Public Policy,Data & Analytics,Master,3,25.0,36.8,61.5,74.7,2,56.5,Developing,,,,,,,,44.3,47.9,,,,,,,,,,,,,,,,,,,,,,,,57.7,,,,,,53.6,,,56.3,,,,
REC03040,Software Engineer,Data Science,Training,PhD,14,86.5,40.1,73.5,80.4,3,70.2,Intermediate,,,,,,,,,,,,,,,,,,,,,,,,51.7,,,,,,,,,,,,75.8,,,71.8,,,,79.8,72.3,,
REC03041,Statistical Officer,Cybersecurity,Administration,Master,0,82.6,44.1,53.8,55.8,2,50.0,Developing,,,,,,,,,48.7,,59.2,,,,,,,,,,,,,,,,,,,,,,,,42.4,,,,,,,,,,36.6,49.6
REC03042,Research Officer,Economics,DIID,Master,6,64.8,59.8,63.6,53.5,5,55.1,Developing,,,,,,,,,47.4,,53.4,,,,,,,,,,,,,,,,,,,,,,,,,,,,,55.8,50.7,,,,,59.7
REC03043,Policy Analyst,Data Science,Statistics Division,Master,9,81.6,36.7,60.2,92.9,2,64.6,Developing,,,,,,,,,70.5,,,,,,,,,,,,,,,,,,,,,,,,,58.3,,,,,,47.6,57.3,,,,,56.7
REC03044,Legal Officer,Public Health,MoSPI,Bachelor,1,38.1,24.2,90.5,66.6,2,69.3,Intermediate,,,,,,,70.0,,,,,,,,,,,,,,,,,,,,,,54.7,,,,,58.2,,,,,,65.0,,67.8,,,,
REC03045,Agriculture Officer,Statistics,Training,Master,12,57.5,67.5,86.6,64.2,3,70.8,Intermediate,,,67.4,,,,,,64.9,,,,,,,,,,,,58.1,,,,,,,,,,,,,,,,,,,66.8,,,,,,77.9
REC03046,HR Officer,Agriculture,Policy,Master,7,58.0,31.7,67.6,44.4,1,53.1,Developing,,,,,,,57.5,,43.0,,,,,,,,,,,,,,47.6,,,43.7,,,,,,,,,,,,,,52.1,,,,,,
REC03047,Data Scientist,Computer Science,DIID,Master,3,27.4,36.1,63.7,76.6,6,58.9,Developing,,,,,,,,,56.1,,53.2,,,,,,,,,,,,,,,,,,,69.8,,,,,,,,,48.7,,,,,,,58.6
REC03048,Agriculture Officer,Finance,Training,Master,3,43.1,43.5,66.9,37.9,1,50.2,Developing,,,35.5,,,,,,59.5,,,,,,,,,,,,49.0,,,,,,,,,,,,,,,,,,,43.7,,,,,,55.1
REC03049,HR Officer,Public Policy,Training,Bachelor,9,72.6,35.8,82.4,66.5,3,69.1,Intermediate,,,,,,,60.9,,74.2,,,,,,,,,,,,,,64.1,,,73.0,,,,,,,,,,,,,,67.2,,,,,,
REC03050,Research Officer,Public Health,Administration,Master,7,50.3,19.8,79.7,68.9,3,66.2,Intermediate,,,,,,,,,62.9,,61.1,,,,,,,,,,,,,,,,,,,,,,,,,,,,,67.6,59.2,,,,,64.9
REC03051,HR Officer,Agriculture,Data & Analytics,Master,11,42.6,47.3,75.5,47.6,3,59.1,Developing,,,,,,,53.8,,55.0,,,,,,,,,,,,,,57.0,,,58.2,,,,,,,,,,,,,,69.0,,,,,,
REC03052,Data Scientist,Agriculture,IT,Master,13,30.4,80.6,74.2,59.5,4,62.7,Developing,,,,,,,,,61.8,,58.9,,,,,,,,,,,,,,,,,,,70.5,,,,,,,,,69.9,,,,,,,54.8
REC03053,Statistical Officer,Agriculture,Research,Master,14,48.6,39.3,83.3,80.7,6,73.5,Intermediate,,,,,,,,,65.4,,71.7,,,,,,,,,,,,,,,,,,,,,,,,79.8,,,,,,,,,,72.6,78.5
REC03054,Education Officer,Public Policy,IT,PhD,7,46.4,67.3,90.0,74.5,4,74.1,Intermediate,,,,68.6,,,72.2,,67.7,,,,,,,76.8,,,,,,,,,,,,61.2,,,,,,,,,,,,,,,,,,
REC03055,Environmental Officer,Public Policy,MoSPI,PhD,10,56.9,32.7,96.0,88.6,5,81.0,Advanced,,,,,,,,,82.8,,,,,,,,81.7,,,,60.1,,,,,,,,,,,,,,,,,,,70.5,,,,,,76.5
REC03056,Database Administrator,Cybersecurity,MoSPI,Bachelor,18,70.9,51.8,64.8,61.7,2,60.1,Developing,,,,,,,,,,57.0,,59.8,,,,,,,,,,,,,,,,,,,,,,,,59.3,,,57.9,,,,63.6,,,
REC03057,Finance Officer,Data Science,IT,Master,8,64.7,40.6,71.8,62.0,2,60.7,Developing,48.7,,,,,,,,,,58.5,,,,,,,,58.3,51.9,,,,,,,,,,,,,,,,,,,,,,,,,,51.6
REC03058,Agriculture Officer,Environment,IT,Master,8,63.4,54.6,85.2,77.7,6,72.9,Intermediate,,,65.9,,,,,,60.2,,,,,,,,,,,,72.5,,,,,,,,,,,,,,,,,,,73.8,,,,,,61.5
REC03059,Economist,Cybersecurity,Administration,PhD,9,19.2,38.8,68.9,93.3,1,66.9,Intermediate,,,,,,,,,68.2,,,,,70.9,66.2,,,,,,,,,,,,,,,,,,,,,,,,,58.1,,,,,,58.7
REC03060,Research Officer,Economics,IT,Master,4,56.8,31.6,66.2,75.9,3,61.4,Developing,,,,,,,,,58.8,,53.6,,,,,,,,,,,,,,,,,,,,,,,,,,,,,64.1,57.5,,,,,60.0
REC03061,Statistical Officer,Agriculture,IT,Master,1,50.7,27.1,69.4,82.0,2,63.2,Developing,,,,,,,,,59.7,,70.5,,,,,,,,,,,,,,,,,,,,,,,,46.8,,,,,,,,,,54.4,49.0
REC03062,HR Officer,Cybersecurity,Training,Master,8,52.3,90.3,76.6,52.6,5,61.8,Developing,,,,,,,58.7,,72.8,,,,,,,,,,,,,,48.2,,,51.1,,,,,,,,,,,,,,55.2,,,,,,
REC03063,Project Manager,Administration,MoSPI,PhD,6,65.6,26.0,69.7,39.4,3,52.4,Developing,,,,,,,47.4,,40.8,,,,,,,,,,,,,,,,,,44.8,,,,,,,,,50.1,48.2,,,,,,,,,
REC03064,Database Administrator,Cybersecurity,Data & Analytics,Master,9,65.9,31.6,73.1,53.1,2,59.4,Developing,,,,,,,,,,51.9,,59.7,,,,,,,,,,,,,,,,,,,,,,,,61.1,,,49.1,,,,60.3,,,
REC03065,Data Analyst,Cybersecurity,Data & Analytics,Bachelor,3,36.1,35.9,77.5,93.6,2,70.7,Intermediate,,,,,,,,,63.6,,63.2,,,,,,,,,,,,,,,,,,,,,,,,,,,,,,,,54.7,,75.3,60.9
REC03066,Environmental Officer,Education,Research,Bachelor,4,47.5,40.9,74.8,66.9,4,63.0,Developing,,,,,,,,,54.9,,,,,,,,64.3,,,,59.4,,,,,,,,,,,,,,,,,,,60.5,,,,,,60.7
REC03067,Biotechnology Faculty,Agriculture,Statistics Division,Master,7,61.2,34.2,76.1,67.5,1,65.2,Intermediate,,,,,61.4,,,,54.2,,,,,,,,,,,,,63.8,,,66.9,,,,,,76.5,,,,,,,,,,,,,,,
REC03068,Biotechnology Faculty,Public Policy,Policy,Master,12,55.8,27.2,71.7,72.7,4,63.6,Developing,,,,,40.8,,,,61.7,,,,,,,,,,,,,57.3,,,59.2,,,,,,65.5,,,,,,,,,,,,,,,
REC03069,AI Engineer,Computer Science,Administration,PhD,6,38.4,55.9,61.8,78.2,1,60.5,Developing,,,,,,,,,,,,,63.2,,,,,,,,,,,,,,,,,56.9,,65.8,,,,,,,63.7,,,,,61.0,,
REC03070,Biotechnology Faculty,Statistics,Statistics Division,Master,5,66.3,41.0,71.3,71.6,7,63.6,Developing,,,,,44.7,,,,61.5,,,,,,,,,,,,,62.2,,,68.2,,,,,,64.7,,,,,,,,,,,,,,,
REC03071,Legal Officer,Economics,Research,Master,4,57.8,30.9,81.9,64.8,3,66.8,Intermediate,,,,,,,68.7,,,,,,,,,,,,,,,,,,,,,,74.7,,,,,67.1,,,,,,61.2,,58.2,,,,
REC03072,Education Officer,Education,IT,Master,9,70.5,47.4,80.1,78.0,3,71.2,Intermediate,,,,69.1,,,76.6,,64.8,,,,,,,64.8,,,,,,,,,,,,67.2,,,,,,,,,,,,,,,,,,
REC03073,Policy Analyst,Agriculture,Data & Analytics,Master,2,35.5,13.2,77.0,55.9,1,58.3,Developing,,,,,,,,,48.1,,,,,,,,,,,,,,,,,,,,,,,,,46.9,,,,,,58.6,40.3,,,,,54.5
REC03074,Policy Analyst,Artificial Intelligence,Policy,Bachelor,7,36.3,44.5,90.3,71.3,5,72.7,Intermediate,,,,,,,,,69.7,,,,,,,,,,,,,,,,,,,,,,,,,72.4,,,,,,69.1,69.7,,,,,74.7
REC03075,Administrative Officer,Cybersecurity,Training,Master,4,103.5,51.5,80.2,61.7,4,67.6,Intermediate,,74.0,,,,,59.0,,68.8,,,,,,,,,,,,,,,,,,,,,,,,,,,,60.0,,,60.8,,,,,,
REC03076,Database Administrator,Cybersecurity,Data & Analytics,Master,15,98.1,68.5,77.6,86.1,1,75.0,Intermediate,,,,,,,,,,71.5,,67.9,,,,,,,,,,,,,,,,,,,,,,,,73.3,,,76.1,,,,68.4,,,
REC03077,Finance Officer,Data Science,Training,Bachelor,10,51.9,24.6,87.8,81.8,3,75.7,Intermediate,75.0,,,,,,,,,,77.6,,,,,,,,71.2,79.9,,,,,,,,,,,,,,,,,,,,,,,,,,83.2
REC03078,Database Administrator,Cybersecurity,Policy,Master,5,111.9,72.4,76.7,65.0,2,68.7,Intermediate,,,,,,,,,,72.6,,75.3,,,,,,,,,,,,,,,,,,,,,,,,77.0,,,67.2,,,,58.2,,,
REC03079,HR Officer,Education,Statistics Division,Master,10,51.0,58.6,69.2,100.0,1,72.2,Intermediate,,,,,,,75.2,,67.7,,,,,,,,,,,,,,65.9,,,82.1,,,,,,,,,,,,,,78.7,,,,,,
REC03080,Economist,Environment,Data & Analytics,Bachelor,6,90.9,71.6,81.9,65.8,1,69.8,Intermediate,,,,,,,,,81.8,,,,,63.3,67.8,,,,,,,,,,,,,,,,,,,,,,,,,68.8,,,,,,48.3
REC03081,HR Officer,Artificial Intelligence,DIID,Bachelor,6,54.7,66.3,75.6,78.7,1,68.0,Intermediate,,,,,,,74.7,,50.6,,,,,,,,,,,,,,70.0,,,55.9,,,,,,,,,,,,,,66.0,,,,,,
REC03082,Economist,Data Science,Data & Analytics,Master,10,65.2,49.0,74.4,81.9,4,68.6,Intermediate,,,,,,,,,64.5,,,,,59.5,58.4,,,,,,,,,,,,,,,,,,,,,,,,,67.0,,,,,,61.1
REC03083,Environmental Officer,Agriculture,DIID,Master,5,20.5,24.5,64.0,94.3,7,63.3,Developing,,,,,,,,,55.1,,,,,,,,61.1,,,,66.6,,,,,,,,,,,,,,,,,,,55.5,,,,,,54.7
REC03084,Administrative Officer,Environment,Research,PhD,5,25.2,42.7,67.7,60.9,1,56.4,Developing,,46.2,,,,,56.8,,53.0,,,,,,,,,,,,,,,,,,,,,,,,,,,,48.9,,,58.9,,,,,,
REC03085,Policy Analyst,Statistics,DIID,Master,11,113.2,96.1,85.4,100.0,4,84.5,Advanced,,,,,,,,,98.9,,,,,,,,,,,,,,,,,,,,,,,,,77.1,,,,,,73.8,86.7,,,,,75.9
REC03086,Legal Officer,Agriculture,Data & Analytics,Master,12,80.2,44.1,78.6,89.7,3,75.0,Intermediate,,,,,,,81.7,,,,,,,,,,,,,,,,,,,,,,69.9,,,,,74.2,,,,,,72.8,,71.4,,,,
REC03087,Research Officer,Statistics,Administration,Bachelor,6,90.3,42.9,73.6,80.1,4,68.7,Intermediate,,,,,,,,,57.3,,81.8,,,,,,,,,,,,,,,,,,,,,,,,,,,,,64.3,50.6,,,,,71.0
REC03088,Agriculture Officer,Data Science,Research,PhD,12,5.0,24.6,96.4,79.3,1,76.5,Intermediate,,,70.4,,,,,,85.6,,,,,,,,,,,,62.6,,,,,,,,,,,,,,,,,,,75.0,,,,,,72.4
REC03089,Legal Officer,Public Health,Policy,Master,14,57.9,47.3,60.6,71.6,3,59.0,Developing,,,,,,,52.4,,,,,,,,,,,,,,,,,,,,,,53.6,,,,,55.4,,,,,,62.0,,55.7,,,,
REC03090,Environmental Officer,Cybersecurity,DIID,Bachelor,0,49.6,38.4,74.5,70.2,2,63.3,Developing,,,,,,,,,65.9,,,,,,,,68.8,,,,58.2,,,,,,,,,,,,,,,,,,,55.4,,,,,,52.9
REC03091,Biotechnology Faculty,Education,MoSPI,Bachelor,0,44.4,53.1,74.1,85.9,1,67.9,Intermediate,,,,,60.1,,,,59.2,,,,,,,,,,,,,69.3,,,82.3,,,,,,55.0,,,,,,,,,,,,,,,
REC03092,Cybersecurity Analyst,Public Policy,Training,Master,5,103.5,54.2,69.1,69.1,5,63.9,Developing,,,,,,,,54.9,67.4,,,,,,,,,,,,,,,,,,,,,,,,56.8,,,,,,60.7,,,59.2,,,,
REC03093,Environmental Officer,Biotechnology,DIID,Master,0,8.7,82.0,53.5,73.5,5,52.4,Developing,,,,,,,,,53.5,,,,,,,,66.1,,,,37.7,,,,,,,,,,,,,,,,,,,48.7,,,,,,46.1
REC03094,Research Officer,Data Science,Data & Analytics,Master,8,75.5,44.1,100.0,100.0,4,87.9,Advanced,,,,,,,,,88.5,,79.5,,,,,,,,,,,,,,,,,,,,,,,,,,,,,92.0,74.3,,,,,82.9
REC03095,HR Officer,Public Health,IT,Master,1,46.8,15.0,55.0,100.0,3,60.9,Developing,,,,,,,60.0,,59.5,,,,,,,,,,,,,,51.4,,,51.9,,,,,,,,,,,,,,63.8,,,,,,
REC03096,Environmental Officer,Statistics,Research,Master,6,52.0,55.7,81.3,78.3,6,71.0,Intermediate,,,,,,,,,75.8,,,,,,,,62.0,,,,61.3,,,,,,,,,,,,,,,,,,,76.3,,,,,,73.4
REC03097,Legal Officer,Environment,DIID,Bachelor,3,26.9,28.3,61.4,68.6,2,54.1,Developing,,,,,,,34.4,,,,,,,,,,,,,,,,,,,,,,48.7,,,,,44.8,,,,,,59.1,,50.8,,,,
REC03098,Cybersecurity Analyst,Environment,DIID,PhD,9,65.2,67.0,85.8,88.2,4,77.6,Intermediate,,,,,,,,79.8,72.2,,,,,,,,,,,,,,,,,,,,,,,,73.8,,,,,,79.3,,,70.5,,,,
REC03099,Project Manager,Economics,Research,Bachelor,10,11.6,35.8,82.6,59.3,5,63.3,Developing,,,,,,,65.3,,54.9,,,,,,,,,,,,,,,,,,59.2,,,,,,,,,58.3,51.1,,,,,,,,,
REC03100,Agriculture Officer,Economics,Research,Bachelor,14,104.4,56.9,92.1,72.0,3,78.7,Intermediate,,,86.9,,,,,,70.9,,,,,,,,,,,,72.4,,,,,,,,,,,,,,,,,,,82.7,,,,,,73.0
REC03101,HR Officer,Education,Administration,Master,9,14.8,38.4,61.8,67.8,1,55.1,Developing,,,,,,,63.0,,38.7,,,,,,,,,,,,,,51.6,,,35.2,,,,,,,,,,,,,,65.9,,,,,,
REC03102,Project Manager,Computer Science,Research,Bachelor,0,42.0,21.3,91.0,80.7,4,73.2,Intermediate,,,,,,,63.5,,75.2,,,,,,,,,,,,,,,,,,70.5,,,,,,,,,57.8,53.8,,,,,,,,,
REC03103,Database Administrator,Computer Science,Training,Master,6,5.0,15.7,67.9,80.2,4,60.6,Developing,,,,,,,,,,68.3,,52.8,,,,,,,,,,,,,,,,,,,,,,,,61.4,,,49.3,,,,56.7,,,
REC03104,Environmental Officer,Environment,Research,Master,7,50.8,67.4,52.4,70.6,4,54.1,Developing,,,,,,,,,51.7,,,,,,,,50.9,,,,50.1,,,,,,,,,,,,,,,,,,,60.0,,,,,,57.2
REC03105,Public Health Officer,Education,Data & Analytics,Master,9,61.3,28.9,72.3,58.0,8,60.3,Developing,,,,,,49.2,,,72.1,,,,,,,,,61.7,,,,,,,,,,,,,,,,,,,,47.9,,59.6,,,,,,
REC03106,Cybersecurity Analyst,Environment,Policy,Bachelor,4,65.5,44.6,72.6,96.8,2,72.2,Intermediate,,,,,,,,72.7,62.8,,,,,,,,,,,,,,,,,,,,,,,,69.9,,,,,,82.8,,,72.5,,,,
REC03107,Cybersecurity Analyst,Artificial Intelligence,Policy,Bachelor,11,66.4,29.9,68.7,71.7,6,62.8,Developing,,,,,,,,52.2,53.4,,,,,,,,,,,,,,,,,,,,,,,,57.6,,,,,,65.6,,,70.2,,,,
REC03108,Database Administrator,Cybersecurity,Data & Analytics,Master,12,86.7,47.4,71.0,63.5,2,63.7,Developing,,,,,,,,,,61.9,,60.2,,,,,,,,,,,,,,,,,,,,,,,,64.6,,,61.9,,,,64.1,,,
REC03109,AI Engineer,Data Science,Policy,Master,21,72.8,36.8,59.5,60.8,3,57.5,Developing,,,,,,,,,,,,,54.7,,,,,,,,,,,,,,,,,63.6,,60.6,,,,,,,60.7,,,,,54.4,,
REC03110,Software Engineer,Cybersecurity,Policy,Bachelor,9,84.0,46.7,74.4,74.7,1,67.3,Intermediate,,,,,,,,,,,,,,,,,,,,,,,,65.8,,,,,,,,,,,,58.5,,,63.9,,,,59.9,57.7,,
REC03111,Project Manager,Statistics,Administration,Bachelor,6,71.6,31.6,93.1,68.8,1,74.2,Intermediate,,,,,,,66.7,,70.7,,,,,,,,,,,,,,,,,,75.1,,,,,,,,,66.1,68.0,,,,,,,,,
REC03112,Environmental Officer,Agriculture,Data & Analytics,Bachelor,6,51.5,54.8,80.2,71.1,3,67.8,Intermediate,,,,,,,,,79.6,,,,,,,,51.1,,,,59.7,,,,,,,,,,,,,,,,,,,60.9,,,,,,66.8
REC03113,Project Manager,Environment,DIID,Bachelor,12,52.8,77.5,75.9,90.0,4,72.8,Intermediate,,,,,,,61.2,,69.5,,,,,,,,,,,,,,,,,,73.9,,,,,,,,,75.1,67.1,,,,,,,,,
REC03114,Project Manager,Artificial Intelligence,Statistics Division,Bachelor,0,37.4,37.0,88.1,75.1,3,70.7,Intermediate,,,,,,,63.0,,58.4,,,,,,,,,,,,,,,,,,74.3,,,,,,,,,62.4,64.7,,,,,,,,,
REC03115,Cybersecurity Analyst,Public Policy,Policy,Master,4,24.4,50.1,69.0,85.8,4,63.5,Developing,,,,,,,,53.4,64.2,,,,,,,,,,,,,,,,,,,,,,,,55.4,,,,,,56.9,,,42.5,,,,
REC03116,Data Scientist,Public Health,Training,Master,6,76.8,35.9,61.1,70.2,5,58.1,Developing,,,,,,,,,54.8,,54.3,,,,,,,,,,,,,,,,,,,66.7,,,,,,,,,44.5,,,,,,,47.1
REC03117,Database Administrator,Artificial Intelligence,Data & Analytics,PhD,6,40.8,31.3,57.5,73.3,2,55.5,Developing,,,,,,,,,,55.6,,64.7,,,,,,,,,,,,,,,,,,,,,,,,45.3,,,49.2,,,,52.2,,,
REC03118,HR Officer,Public Health,Research,Master,4,39.5,43.0,68.5,55.6,5,55.7,Developing,,,,,,,51.8,,53.0,,,,,,,,,,,,,,53.2,,,45.8,,,,,,,,,,,,,,51.3,,,,,,
REC03119,Statistical Officer,Statistics,Research,Master,8,80.7,42.6,82.1,53.1,2,65.0,Developing,,,,,,,,,69.1,,61.0,,,,,,,,,,,,,,,,,,,,,,,,55.5,,,,,,,,,,59.5,59.2
REC03120,HR Officer,Public Health,Statistics Division,PhD,5,81.0,54.1,75.8,64.7,3,64.3,Developing,,,,,,,57.6,,59.4,,,,,,,,,,,,,,52.7,,,55.0,,,,,,,,,,,,,,58.7,,,,,,
REC03121,Environmental Officer,Public Health,Policy,Bachelor,9,61.0,49.4,72.1,57.5,1,60.7,Developing,,,,,,,,,57.1,,,,,,,,53.5,,,,62.5,,,,,,,,,,,,,,,,,,,68.4,,,,,,53.7
REC03122,Software Engineer,Data Science,Policy,Bachelor,4,62.4,60.3,85.8,87.0,1,75.2,Intermediate,,,,,,,,,,,,,,,,,,,,,,,,50.5,,,,,,,,,,,,69.1,,,75.4,,,,71.5,68.6,,
REC03123,Software Engineer,Artificial Intelligence,MoSPI,Master,8,93.2,36.4,61.4,59.4,3,56.8,Developing,,,,,,,,,,,,,,,,,,,,,,,,46.2,,,,,,,,,,,,52.5,,,53.7,,,,59.3,64.7,,
REC03124,Biotechnology Faculty,Public Health,Research,Master,13,62.3,50.1,78.3,86.9,8,72.9,Intermediate,,,,,84.5,,,,65.3,,,,,,,,,,,,,67.2,,,60.5,,,,,,68.6,,,,,,,,,,,,,,,
REC03125,AI Engineer,Cybersecurity,MoSPI,Master,7,80.6,47.0,67.5,79.8,3,65.1,Intermediate,,,,,,,,,,,,,43.3,,,,,,,,,,,,,,,,,68.8,,62.9,,,,,,,65.6,,,,,65.3,,
REC03126,Data Scientist,Computer Science,Policy,Bachelor,9,74.1,41.9,86.7,67.8,5,71.4,Intermediate,,,,,,,,,60.4,,68.3,,,,,,,,,,,,,,,,,,,69.9,,,,,,,,,64.2,,,,,,,71.3
REC03127,AI Engineer,Computer Science,Data & Analytics,PhD,9,39.9,57.3,73.5,44.2,4,56.0,Developing,,,,,,,,,,,,,57.0,,,,,,,,,,,,,,,,,57.1,,38.9,,,,,,,52.2,,,,,49.3,,
REC03128,HR Officer,Economics,MoSPI,Bachelor,13,93.0,22.9,92.0,84.1,1,79.3,Intermediate,,,,,,,59.9,,73.3,,,,,,,,,,,,,,73.4,,,68.6,,,,,,,,,,,,,,79.2,,,,,,
REC03129,Economist,Finance,Research,Master,9,63.4,37.9,75.6,87.2,4,71.5,Intermediate,,,,,,,,,73.3,,,,,82.1,62.2,,,,,,,,,,,,,,,,,,,,,,,,,68.3,,,,,,76.1
REC03130,Database Administrator,Data Science,Research,Master,8,91.3,49.7,85.3,84.8,5,77.8,Intermediate,,,,,,,,,,84.6,,69.4,,,,,,,,,,,,,,,,,,,,,,,,80.6,,,82.8,,,,81.0,,,
REC03131,Agriculture Officer,Environment,Administration,Master,5,33.6,44.1,79.2,68.7,3,64.9,Developing,,,67.1,,,,,,55.7,,,,,,,,,,,,58.3,,,,,,,,,,,,,,,,,,,62.8,,,,,,52.9
REC03132,AI Engineer,Computer Science,Administration,Bachelor,12,133.8,59.2,79.7,98.5,1,80.9,Advanced,,,,,,,,,,,,,73.2,,,,,,,,,,,,,,,,,90.9,,76.3,,,,,,,68.2,,,,,74.5,,
REC03133,Environmental Officer,Economics,Research,Master,4,69.7,62.7,76.0,72.8,5,67.3,Intermediate,,,,,,,,,66.2,,,,,,,,62.8,,,,64.7,,,,,,,,,,,,,,,,,,,60.6,,,,,,69.7
REC03134,Cybersecurity Analyst,Biotechnology,IT,Master,4,85.7,51.0,73.3,85.0,2,69.1,Intermediate,,,,,,,,64.8,54.2,,,,,,,,,,,,,,,,,,,,,,,,59.8,,,,,,51.7,,,78.4,,,,
REC03135,Statistical Officer,Data Science,Administration,PhD,0,45.2,71.6,77.2,68.6,4,64.8,Developing,,,,,,,,,52.5,,56.9,,,,,,,,,,,,,,,,,,,,,,,,62.2,,,,,,,,,,65.0,68.0
REC03136,Policy Analyst,Data Science,Research,Bachelor,4,90.7,35.9,80.0,35.2,2,57.7,Developing,,,,,,,,,43.4,,,,,,,,,,,,,,,,,,,,,,,,,34.5,,,,,,44.7,56.8,,,,,69.4
REC03137,Data Scientist,Finance,Data & Analytics,Master,0,68.1,59.5,66.1,79.8,1,63.2,Developing,,,,,,,,,65.4,,61.1,,,,,,,,,,,,,,,,,,,63.8,,,,,,,,,54.2,,,,,,,57.0
REC03138,AI Engineer,Computer Science,Statistics Division,Master,0,43.6,25.1,77.7,81.3,5,66.8,Intermediate,,,,,,,,,,,,,59.8,,,,,,,,,,,,,,,,,51.3,,57.6,,,,,,,64.8,,,,,63.8,,
REC03139,Biotechnology Faculty,Administration,Data & Analytics,PhD,5,49.5,37.7,76.8,68.7,2,64.3,Developing,,,,,69.8,,,,43.3,,,,,,,,,,,,,65.6,,,65.1,,,,,,51.2,,,,,,,,,,,,,,,
REC03140,Statistical Officer,Artificial Intelligence,DIID,PhD,4,5.0,33.8,73.8,78.8,3,63.3,Developing,,,,,,,,,58.5,,63.1,,,,,,,,,,,,,,,,,,,,,,,,65.6,,,,,,,,,,65.2,44.5
REC03141,Policy Analyst,Public Policy,Statistics Division,Bachelor,2,79.8,9.2,59.7,100.0,5,65.3,Intermediate,,,,,,,,,72.6,,,,,,,,,,,,,,,,,,,,,,,,,56.8,,,,,,59.0,67.0,,,,,59.4
REC03142,Education Officer,Cybersecurity,Administration,Bachelor,0,32.4,26.6,73.9,83.2,4,64.7,Developing,,,,52.3,,,71.5,,58.5,,,,,,,55.7,,,,,,,,,,,,48.5,,,,,,,,,,,,,,,,,,
REC03143,Policy Analyst,Agriculture,Administration,Master,15,82.5,67.3,95.8,86.6,1,84.9,Advanced,,,,,,,,,79.1,,,,,,,,,,,,,,,,,,,,,,,,,89.6,,,,,,82.3,81.7,,,,,99.8
REC03144,Policy Analyst,Finance,Training,PhD,8,61.4,33.9,76.4,73.4,1,66.6,Intermediate,,,,,,,,,58.5,,,,,,,,,,,,,,,,,,,,,,,,,56.7,,,,,,62.5,67.4,,,,,65.7
REC03145,Public Health Officer,Education,DIID,Master,7,66.2,48.1,85.9,76.6,4,72.8,Intermediate,,,,,,63.8,,,64.2,,,,,,,,,62.8,,,,,,,,,,,,,,,,,,,,72.2,,71.1,,,,,,
REC03146,HR Officer,Cybersecurity,IT,Bachelor,22,109.0,32.9,87.6,90.6,2,82.8,Advanced,,,,,,,81.4,,76.8,,,,,,,,,,,,,,89.1,,,83.6,,,,,,,,,,,,,,82.0,,,,,,
REC03147,Legal Officer,Economics,Policy,Master,9,109.2,51.2,77.5,100.0,2,78.7,Intermediate,,,,,,,84.7,,,,,,,,,,,,,,,,,,,,,,77.3,,,,,85.7,,,,,,68.0,,72.9,,,,
REC03148,Public Health Officer,Environment,DIID,Bachelor,11,61.6,56.5,68.9,87.7,5,69.4,Intermediate,,,,,,78.1,,,66.9,,,,,,,,,76.1,,,,,,,,,,,,,,,,,,,,72.9,,70.9,,,,,,
REC03149,Finance Officer,Public Policy,IT,Master,2,43.8,44.1,73.7,66.6,2,61.1,Developing,55.9,,,,,,,,,,46.8,,,,,,,,51.4,56.8,,,,,,,,,,,,,,,,,,,,,,,,,,56.4
REC03150,Statistical Officer,Cybersecurity,Training,PhD,8,98.8,57.5,76.6,38.4,6,59.2,Developing,,,,,,,,,64.7,,63.3,,,,,,,,,,,,,,,,,,,,,,,,57.4,,,,,,,,,,48.7,45.0
REC03151,Biotechnology Faculty,Statistics,Research,PhD,1,30.5,26.7,61.2,75.3,3,55.8,Developing,,,,,60.5,,,,47.3,,,,,,,,,,,,,42.8,,,49.4,,,,,,41.5,,,,,,,,,,,,,,,
REC03152,Economist,Artificial Intelligence,Data & Analytics,PhD,8,48.9,47.1,76.2,74.0,6,66.9,Intermediate,,,,,,,,,65.0,,,,,63.9,72.9,,,,,,,,,,,,,,,,,,,,,,,,,62.5,,,,,,60.7
REC03153,Project Manager,Agriculture,Statistics Division,Bachelor,10,46.0,24.2,97.5,80.2,1,79.4,Intermediate,,,,,,,76.2,,73.1,,,,,,,,,,,,,,,,,,77.4,,,,,,,,,77.5,82.1,,,,,,,,,
REC03154,Project Manager,Biotechnology,Policy,Bachelor,10,60.7,40.0,70.4,77.6,1,65.5,Intermediate,,,,,,,57.4,,66.3,,,,,,,,,,,,,,,,,,68.5,,,,,,,,,61.7,63.8,,,,,,,,,
REC03155,Education Officer,Statistics,DIID,Bachelor,14,82.0,49.8,84.0,100.0,6,81.7,Advanced,,,,82.2,,,81.2,,84.9,,,,,,,84.2,,,,,,,,,,,,76.7,,,,,,,,,,,,,,,,,,
REC03156,Agriculture Officer,Finance,Training,Bachelor,14,50.0,43.6,73.9,98.3,4,73.8,Intermediate,,,76.5,,,,,,76.6,,,,,,,,,,,,71.7,,,,,,,,,,,,,,,,,,,74.9,,,,,,67.3
REC03157,Cybersecurity Analyst,Public Health,DIID,Master,0,44.6,43.4,75.2,78.1,5,65.3,Intermediate,,,,,,,,66.5,50.6,,,,,,,,,,,,,,,,,,,,,,,,59.8,,,,,,60.0,,,57.5,,,,
REC03158,Education Officer,Public Policy,Training,Bachelor,6,88.1,54.9,65.0,80.7,4,65.3,Intermediate,,,,72.7,,,55.5,,71.0,,,,,,,70.9,,,,,,,,,,,,59.1,,,,,,,,,,,,,,,,,,
REC03159,Data Analyst,Data Science,Statistics Division,PhD,10,44.8,36.6,29.4,53.4,2,36.4,Beginner,,,,,,,,,32.0,,23.7,,,,,,,,,,,,,,,,,,,,,,,,,,,,,,,,49.1,,30.9,53.2
REC03160,Research Officer,Artificial Intelligence,Training,Bachelor,4,15.3,46.8,68.4,70.4,2,59.1,Developing,,,,,,,,,51.2,,54.1,,,,,,,,,,,,,,,,,,,,,,,,,,,,,58.9,55.9,,,,,57.7
REC03161,Education Officer,Artificial Intelligence,IT,Master,3,23.6,35.8,76.4,53.4,5,57.3,Developing,,,,57.3,,,39.6,,48.7,,,,,,,52.5,,,,,,,,,,,,45.6,,,,,,,,,,,,,,,,,,
REC03162,Project Manager,Cybersecurity,DIID,Bachelor,9,85.4,13.1,81.8,58.8,4,66.1,Intermediate,,,,,,,60.6,,47.8,,,,,,,,,,,,,,,,,,62.9,,,,,,,,,71.7,69.7,,,,,,,,,
REC03163,Legal Officer,Administration,MoSPI,Master,0,32.7,37.4,51.7,68.5,4,49.5,Beginner,,,,,,,42.4,,,,,,,,,,,,,,,,,,,,,,44.6,,,,,47.7,,,,,,38.3,,49.8,,,,
REC03164,Research Officer,Environment,Administration,Master,0,29.0,35.3,78.0,67.4,3,62.4,Developing,,,,,,,,,56.3,,60.4,,,,,,,,,,,,,,,,,,,,,,,,,,,,,53.3,53.3,,,,,53.2
REC03165,Data Scientist,Biotechnology,Administration,Bachelor,0,35.4,50.4,59.2,70.5,1,54.6,Developing,,,,,,,,,52.1,,45.4,,,,,,,,,,,,,,,,,,,54.0,,,,,,,,,48.2,,,,,,,49.5
REC03166,Statistical Officer,Data Science,Data & Analytics,PhD,14,145.8,71.7,78.9,61.3,2,70.7,Intermediate,,,,,,,,,53.3,,75.6,,,,,,,,,,,,,,,,,,,,,,,,67.6,,,,,,,,,,66.9,66.9
REC03167,Environmental Officer,Biotechnology,DIID,Master,4,80.5,22.1,91.1,86.4,1,77.6,Intermediate,,,,,,,,,73.0,,,,,,,,66.3,,,,72.6,,,,,,,,,,,,,,,,,,,63.8,,,,,,71.7
REC03168,Project Manager,Statistics,IT,Bachelor,9,105.3,81.1,95.6,100.0,4,88.3,Advanced,,,,,,,79.4,,81.8,,,,,,,,,,,,,,,,,,87.7,,,,,,,,,82.5,84.9,,,,,,,,,
REC03169,Public Health Officer,Statistics,Training,Master,6,39.7,10.8,80.7,72.1,4,66.4,Intermediate,,,,,,63.5,,,67.5,,,,,,,,,45.1,,,,,,,,,,,,,,,,,,,,66.8,,68.6,,,,,,
REC03170,Economist,Public Policy,Data & Analytics,Master,8,71.3,65.8,81.7,95.7,4,77.9,Intermediate,,,,,,,,,64.9,,,,,87.2,86.5,,,,,,,,,,,,,,,,,,,,,,,,,72.2,,,,,,70.5
REC03171,Finance Officer,Environment,Data & Analytics,Bachelor,4,36.8,55.8,79.7,49.5,2,60.0,Developing,53.7,,,,,,,,,,53.5,,,,,,,,57.1,53.2,,,,,,,,,,,,,,,,,,,,,,,,,,58.2
REC03172,Project Manager,Education,Data & Analytics,Bachelor,0,76.6,56.9,74.3,74.6,8,65.6,Intermediate,,,,,,,53.4,,67.5,,,,,,,,,,,,,,,,,,61.9,,,,,,,,,57.4,48.6,,,,,,,,,
REC03173,Public Health Officer,Data Science,Data & Analytics,Master,4,28.7,17.6,64.1,91.7,3,63.1,Developing,,,,,,56.9,,,59.2,,,,,,,,,65.4,,,,,,,,,,,,,,,,,,,,60.1,,61.0,,,,,,
REC03174,Policy Analyst,Statistics,Data & Analytics,Bachelor,8,50.8,50.0,58.7,76.8,4,58.4,Developing,,,,,,,,,47.5,,,,,,,,,,,,,,,,,,,,,,,,,62.2,,,,,,62.1,57.9,,,,,48.3
REC03175,Agriculture Officer,Agriculture,Data & Analytics,Bachelor,10,19.9,20.8,100.0,55.7,3,70.8,Intermediate,,,59.2,,,,,,70.9,,,,,,,,,,,,61.9,,,,,,,,,,,,,,,,,,,57.9,,,,,,59.7
REC03176,Biotechnology Faculty,Public Health,DIID,Bachelor,3,58.7,34.2,67.9,62.3,5,57.4,Developing,,,,,59.3,,,,46.3,,,,,,,,,,,,,37.3,,,49.9,,,,,,57.0,,,,,,,,,,,,,,,
REC03177,Biotechnology Faculty,Public Policy,Data & Analytics,Master,14,79.4,34.9,84.9,81.0,5,75.8,Intermediate,,,,,64.7,,,,81.8,,,,,,,,,,,,,70.3,,,75.9,,,,,,82.6,,,,,,,,,,,,,,,
REC03178,Administrative Officer,Agriculture,IT,Master,0,63.8,54.9,77.2,49.7,2,59.6,Developing,,55.8,,,,,39.7,,61.5,,,,,,,,,,,,,,,,,,,,,,,,,,,,57.6,,,61.3,,,,,,
REC03179,Database Administrator,Computer Science,DIID,Master,3,47.1,46.5,86.4,87.1,3,74.8,Intermediate,,,,,,,,,,65.4,,72.6,,,,,,,,,,,,,,,,,,,,,,,,68.9,,,76.2,,,,66.4,,,
REC03180,Public Health Officer,Statistics,Statistics Division,Master,11,60.2,33.9,76.9,80.1,4,69.6,Intermediate,,,,,,69.7,,,72.1,,,,,,,,,56.9,,,,,,,,,,,,,,,,,,,,72.9,,67.3,,,,,,
REC03181,Finance Officer,Public Policy,Statistics Division,Bachelor,5,54.6,35.3,64.3,51.7,2,53.2,Developing,50.7,,,,,,,,,,39.1,,,,,,,,48.7,48.1,,,,,,,,,,,,,,,,,,,,,,,,,,60.9
REC03182,Environmental Officer,Agriculture,IT,Master,14,88.4,65.1,88.4,75.5,1,77.0,Intermediate,,,,,,,,,81.7,,,,,,,,70.5,,,,70.2,,,,,,,,,,,,,,,,,,,76.8,,,,,,72.4
REC03183,Software Engineer,Cybersecurity,Data & Analytics,Master,9,82.4,38.1,70.9,71.0,1,64.2,Developing,,,,,,,,,,,,,,,,,,,,,,,,49.0,,,,,,,,,,,,66.5,,,51.8,,,,60.1,67.2,,
REC03184,Environmental Officer,Agriculture,Statistics Division,Bachelor,5,66.4,39.7,84.6,95.5,4,77.9,Intermediate,,,,,,,,,70.4,,,,,,,,66.9,,,,82.8,,,,,,,,,,,,,,,,,,,84.1,,,,,,77.5
REC03185,Education Officer,Economics,IT,Master,3,30.7,31.6,80.1,74.5,3,66.5,Intermediate,,,,61.1,,,63.5,,59.7,,,,,,,63.4,,,,,,,,,,,,64.8,,,,,,,,,,,,,,,,,,
REC03186,HR Officer,Public Health,MoSPI,PhD,1,40.3,49.4,72.3,48.9,1,54.8,Developing,,,,,,,44.9,,46.5,,,,,,,,,,,,,,47.2,,,42.0,,,,,,,,,,,,,,48.9,,,,,,
REC03187,Cybersecurity Analyst,Statistics,IT,Bachelor,11,94.4,79.7,80.1,66.5,1,69.8,Intermediate,,,,,,,,58.0,68.2,,,,,,,,,,,,,,,,,,,,,,,,70.4,,,,,,57.7,,,65.5,,,,
REC03188,Education Officer,Administration,IT,Master,5,71.7,56.0,65.9,75.8,6,63.2,Developing,,,,58.4,,,63.5,,59.8,,,,,,,67.1,,,,,,,,,,,,63.6,,,,,,,,,,,,,,,,,,
REC03189,AI Engineer,Data Science,MoSPI,Bachelor,12,33.9,58.2,70.2,49.6,1,56.8,Developing,,,,,,,,,,,,,63.8,,,,,,,,,,,,,,,,,44.4,,51.5,,,,,,,49.4,,,,,68.9,,
REC03190,Public Health Officer,Cybersecurity,Statistics Division,Bachelor,0,95.3,44.7,78.9,73.4,2,68.7,Intermediate,,,,,,70.7,,,66.2,,,,,,,,,71.1,,,,,,,,,,,,,,,,,,,,52.0,,56.3,,,,,,
REC03191,Statistical Officer,Biotechnology,MoSPI,Bachelor,6,102.2,32.9,81.5,84.8,1,74.0,Intermediate,,,,,,,,,66.2,,56.1,,,,,,,,,,,,,,,,,,,,,,,,73.4,,,,,,,,,,75.2,64.9
REC03192,Policy Analyst,Economics,Data & Analytics,Bachelor,6,38.6,69.8,87.1,62.9,1,69.3,Intermediate,,,,,,,,,62.4,,,,,,,,,,,,,,,,,,,,,,,,,84.4,,,,,,62.4,58.2,,,,,74.3
REC03193,Agriculture Officer,Biotechnology,Statistics Division,Master,3,56.2,45.2,84.3,97.4,3,76.6,Intermediate,,,74.2,,,,,,70.4,,,,,,,,,,,,61.7,,,,,,,,,,,,,,,,,,,66.8,,,,,,71.8
REC03194,Finance Officer,Agriculture,DIID,Master,12,54.2,74.0,85.4,79.6,2,75.6,Intermediate,84.7,,,,,,,,,,70.6,,,,,,,,80.8,77.9,,,,,,,,,,,,,,,,,,,,,,,,,,71.7
REC03195,Cybersecurity Analyst,Artificial Intelligence,Training,Master,1,66.1,58.8,73.1,56.9,4,60.6,Developing,,,,,,,,56.6,60.9,,,,,,,,,,,,,,,,,,,,,,,,58.1,,,,,,61.7,,,61.6,,,,
REC03196,Finance Officer,Agriculture,Statistics Division,Master,3,17.2,55.5,92.2,57.2,2,67.8,Intermediate,73.7,,,,,,,,,,58.7,,,,,,,,69.5,55.0,,,,,,,,,,,,,,,,,,,,,,,,,,59.9
REC03197,Policy Analyst,Biotechnology,Policy,PhD,16,87.2,60.9,44.4,78.1,3,55.0,Developing,,,,,,,,,67.4,,,,,,,,,,,,,,,,,,,,,,,,,48.3,,,,,,56.6,47.0,,,,,55.7
REC03198,Economist,Data Science,Training,Master,7,59.5,38.6,76.3,66.6,5,64.4,Developing,,,,,,,,,55.8,,,,,63.5,59.2,,,,,,,,,,,,,,,,,,,,,,,,,67.2,,,,,,53.0
REC03199,Cybersecurity Analyst,Public Health,Administration,Master,17,52.1,40.8,99.4,85.9,2,83.6,Advanced,,,,,,,,85.9,79.1,,,,,,,,,,,,,,,,,,,,,,,,77.0,,,,,,85.7,,,73.0,,,,
REC03200,Database Administrator,Cybersecurity,Policy,Master,7,91.3,77.5,71.6,66.0,2,64.9,Developing,,,,,,,,,,81.2,,61.3,,,,,,,,,,,,,,,,,,,,,,,,53.1,,,56.3,,,,60.8,,,
REC03201,Economist,Biotechnology,Research,Master,5,69.0,38.8,54.0,89.6,3,60.2,Developing,,,,,,,,,68.5,,,,,54.4,55.7,,,,,,,,,,,,,,,,,,,,,,,,,59.1,,,,,,56.5
REC03202,Education Officer,Administration,Data & Analytics,Bachelor,9,49.9,57.9,97.3,71.6,5,77.0,Intermediate,,,,62.3,,,67.4,,74.0,,,,,,,76.3,,,,,,,,,,,,72.5,,,,,,,,,,,,,,,,,,
REC03203,Legal Officer,Economics,Data & Analytics,PhD,15,102.4,76.0,97.6,84.2,2,85.5,Advanced,,,,,,,78.1,,,,,,,,,,,,,,,,,,,,,,88.1,,,,,82.5,,,,,,78.5,,83.1,,,,
REC03204,Policy Analyst,Economics,Statistics Division,Master,12,133.0,66.0,85.7,100.0,5,85.5,Advanced,,,,,,,,,94.6,,,,,,,,,,,,,,,,,,,,,,,,,90.1,,,,,,78.8,79.4,,,,,88.0
REC03205,Statistical Officer,Artificial Intelligence,Training,Bachelor,12,68.3,58.7,81.9,56.1,5,65.9,Intermediate,,,,,,,,,44.4,,71.6,,,,,,,,,,,,,,,,,,,,,,,,59.2,,,,,,,,,,63.9,63.8
REC03206,Software Engineer,Computer Science,Research,Bachelor,9,85.4,42.2,81.9,81.6,2,73.8,Intermediate,,,,,,,,,,,,,,,,,,,,,,,,76.4,,,,,,,,,,,,70.1,,,56.5,,,,74.2,75.7,,
REC03207,Statistical Officer,Finance,Training,Master,3,28.0,40.5,86.4,70.4,5,68.5,Intermediate,,,,,,,,,71.9,,59.4,,,,,,,,,,,,,,,,,,,,,,,,64.3,,,,,,,,,,55.9,64.0
REC03208,Statistical Officer,Education,Training,PhD,3,20.0,43.0,74.2,66.4,2,60.7,Developing,,,,,,,,,55.0,,48.8,,,,,,,,,,,,,,,,,,,,,,,,53.6,,,,,,,,,,64.0,57.0
REC03209,AI Engineer,Cybersecurity,Data & Analytics,Master,0,67.8,46.9,72.2,73.2,3,63.7,Developing,,,,,,,,,,,,,55.2,,,,,,,,,,,,,,,,,61.3,,48.4,,,,,,,62.3,,,,,62.5,,
REC03210,Economist,Agriculture,DIID,Master,15,61.5,67.0,87.2,76.7,1,76.1,Intermediate,,,,,,,,,57.1,,,,,88.0,85.4,,,,,,,,,,,,,,,,,,,,,,,,,77.4,,,,,,74.4
REC03211,Public Health Officer,Education,Research,Master,0,17.8,32.6,64.5,73.4,1,57.5,Developing,,,,,,54.4,,,53.4,,,,,,,,,69.1,,,,,,,,,,,,,,,,,,,,55.5,,52.4,,,,,,
REC03212,Administrative Officer,Environment,IT,Master,13,86.2,78.3,76.1,81.6,6,72.9,Intermediate,,75.2,,,,,78.1,,70.8,,,,,,,,,,,,,,,,,,,,,,,,,,,,68.0,,,70.9,,,,,,
REC03213,Cybersecurity Analyst,Public Health,Research,Bachelor,9,43.2,32.9,60.8,85.2,5,60.9,Developing,,,,,,,,60.9,52.5,,,,,,,,,,,,,,,,,,,,,,,,59.2,,,,,,58.9,,,47.0,,,,
REC03214,Administrative Officer,Economics,Administration,Bachelor,4,76.1,44.5,76.6,63.9,3,63.6,Developing,,57.1,,,,,58.0,,54.2,,,,,,,,,,,,,,,,,,,,,,,,,,,,46.3,,,58.9,,,,,,
REC03215,Database Administrator,Cybersecurity,Training,Bachelor,0,46.8,38.9,88.4,60.6,2,67.0,Intermediate,,,,,,,,,,69.3,,57.0,,,,,,,,,,,,,,,,,,,,,,,,57.5,,,66.4,,,,49.5,,,
REC03216,Administrative Officer,Agriculture,IT,Master,0,36.0,47.0,66.1,69.0,7,58.4,Developing,,45.5,,,,,60.3,,55.7,,,,,,,,,,,,,,,,,,,,,,,,,,,,59.2,,,66.5,,,,,,
REC03217,Data Scientist,Administration,IT,Bachelor,4,10.7,53.5,78.9,85.7,2,68.4,Intermediate,,,,,,,,,64.6,,58.1,,,,,,,,,,,,,,,,,,,51.2,,,,,,,,,64.8,,,,,,,68.2
REC03218,Software Engineer,Data Science,Research,Master,12,24.0,54.7,96.5,90.5,2,81.6,Advanced,,,,,,,,,,,,,,,,,,,,,,,,74.3,,,,,,,,,,,,79.5,,,81.9,,,,72.1,81.5,,
REC03219,HR Officer,Administration,Statistics Division,Bachelor,14,47.6,54.1,78.1,80.3,3,71.2,Intermediate,,,,,,,71.1,,64.2,,,,,,,,,,,,,,71.7,,,83.8,,,,,,,,,,,,,,70.8,,,,,,
REC03220,HR Officer,Economics,Statistics Division,Master,6,63.6,22.0,57.8,75.9,4,57.1,Developing,,,,,,,49.7,,53.2,,,,,,,,,,,,,,55.2,,,49.5,,,,,,,,,,,,,,60.7,,,,,,
REC03221,Education Officer,Biotechnology,DIID,Bachelor,5,41.3,56.2,52.4,58.8,4,49.7,Beginner,,,,48.4,,,53.8,,48.0,,,,,,,47.3,,,,,,,,,,,,53.9,,,,,,,,,,,,,,,,,,
REC03222,Statistical Officer,Environment,Research,Master,19,84.9,70.6,97.1,74.4,4,82.3,Advanced,,,,,,,,,70.5,,85.3,,,,,,,,,,,,,,,,,,,,,,,,76.1,,,,,,,,,,90.1,84.6
REC03223,Software Engineer,Artificial Intelligence,DIID,Master,8,74.2,56.9,68.7,67.9,6,62.9,Developing,,,,,,,,,,,,,,,,,,,,,,,,59.1,,,,,,,,,,,,69.7,,,58.7,,,,62.7,61.2,,
REC03224,Data Scientist,Environment,MoSPI,Bachelor,1,62.9,34.2,64.3,81.7,3,62.1,Developing,,,,,,,,,59.3,,58.2,,,,,,,,,,,,,,,,,,,58.1,,,,,,,,,68.9,,,,,,,56.2
REC03225,Environmental Officer,Agriculture,Administration,Master,6,67.0,57.3,62.5,79.8,3,62.8,Developing,,,,,,,,,63.8,,,,,,,,56.2,,,,54.0,,,,,,,,,,,,,,,,,,,71.0,,,,,,74.8
REC03226,HR Officer,Biotechnology,Data & Analytics,PhD,4,55.1,65.1,75.6,70.1,1,65.4,Intermediate,,,,,,,72.9,,54.2,,,,,,,,,,,,,,51.4,,,66.1,,,,,,,,,,,,,,67.0,,,,,,
REC03227,Economist,Statistics,MoSPI,Bachelor,11,60.0,87.0,52.8,53.6,2,50.7,Developing,,,,,,,,,50.9,,,,,50.4,41.4,,,,,,,,,,,,,,,,,,,,,,,,,50.7,,,,,,51.9
REC03228,Data Scientist,Agriculture,Administration,Master,10,39.2,68.6,77.0,78.7,5,68.5,Intermediate,,,,,,,,,64.4,,56.9,,,,,,,,,,,,,,,,,,,67.2,,,,,,,,,64.1,,,,,,,62.9
REC03229,Project Manager,Public Policy,IT,Bachelor,9,44.5,56.4,81.7,96.6,3,75.9,Intermediate,,,,,,,74.9,,70.5,,,,,,,,,,,,,,,,,,67.5,,,,,,,,,68.4,68.5,,,,,,,,,
REC03230,Biotechnology Faculty,Public Policy,MoSPI,Master,0,24.5,44.5,89.8,69.8,1,69.7,Intermediate,,,,,59.6,,,,59.7,,,,,,,,,,,,,57.3,,,77.2,,,,,,66.5,,,,,,,,,,,,,,,
REC03231,Software Engineer,Cybersecurity,Data & Analytics,Master,4,54.7,43.5,71.9,61.2,1,60.4,Developing,,,,,,,,,,,,,,,,,,,,,,,,61.3,,,,,,,,,,,,59.2,,,57.8,,,,52.7,61.4,,
REC03232,Data Scientist,Agriculture,Data & Analytics,Bachelor,9,96.8,26.4,84.0,100.0,1,79.2,Intermediate,,,,,,,,,61.4,,70.0,,,,,,,,,,,,,,,,,,,72.8,,,,,,,,,62.2,,,,,,,76.6
REC03233,Agriculture Officer,Biotechnology,IT,PhD,11,50.7,51.6,87.3,49.3,2,65.0,Developing,,,49.5,,,,,,64.6,,,,,,,,,,,,48.5,,,,,,,,,,,,,,,,,,,62.1,,,,,,59.7
REC03234,Data Analyst,Statistics,IT,Master,10,85.2,34.0,75.1,63.6,1,64.1,Developing,,,,,,,,,59.3,,50.3,,,,,,,,,,,,,,,,,,,,,,,,,,,,,,,,50.6,,58.0,68.7
REC03235,Economist,Data Science,Policy,Master,9,56.3,42.7,67.9,68.1,1,61.0,Developing,,,,,,,,,53.4,,,,,69.9,57.9,,,,,,,,,,,,,,,,,,,,,,,,,53.5,,,,,,56.1
REC03236,Administrative Officer,Biotechnology,Administration,Master,16,69.5,34.9,72.1,93.6,1,71.7,Intermediate,,64.3,,,,,61.8,,63.1,,,,,,,,,,,,,,,,,,,,,,,,,,,,70.0,,,73.7,,,,,,
REC03237,Biotechnology Faculty,Public Policy,Statistics Division,Master,9,27.0,25.0,59.4,72.7,4,55.6,Developing,,,,,51.2,,,,59.0,,,,,,,,,,,,,44.3,,,51.9,,,,,,52.4,,,,,,,,,,,,,,,
REC03238,Economist,Agriculture,Administration,Bachelor,7,82.2,67.4,80.4,86.3,2,75.4,Intermediate,,,,,,,,,67.0,,,,,83.0,76.8,,,,,,,,,,,,,,,,,,,,,,,,,82.2,,,,,,72.5
REC03239,Policy Analyst,Public Health,Data & Analytics,Master,5,50.2,39.6,74.3,76.0,5,65.7,Intermediate,,,,,,,,,59.8,,,,,,,,,,,,,,,,,,,,,,,,,61.9,,,,,,63.0,70.3,,,,,59.4
REC03240,Data Scientist,Education,Policy,Master,5,34.8,41.9,81.7,81.2,2,69.8,Intermediate,,,,,,,,,71.1,,59.4,,,,,,,,,,,,,,,,,,,66.1,,,,,,,,,54.6,,,,,,,66.9
REC03241,AI Engineer,Data Science,Research,Master,9,18.6,42.9,74.7,95.2,2,70.1,Intermediate,,,,,,,,,,,,,77.1,,,,,,,,,,,,,,,,,65.9,,57.3,,,,,,,55.9,,,,,66.0,,
REC03242,Statistical Officer,Education,Training,Master,13,64.3,57.7,66.2,92.9,1,69.1,Intermediate,,,,,,,,,73.1,,62.4,,,,,,,,,,,,,,,,,,,,,,,,73.1,,,,,,,,,,64.4,68.4
REC03243,Biotechnology Faculty,Public Health,Research,PhD,0,27.6,43.3,73.2,55.6,6,57.1,Developing,,,,,50.8,,,,51.7,,,,,,,,,,,,,63.3,,,52.2,,,,,,47.4,,,,,,,,,,,,,,,
REC03244,HR Officer,Artificial Intelligence,Policy,Bachelor,4,20.3,4.9,74.9,60.0,1,58.5,Developing,,,,,,,70.5,,56.1,,,,,,,,,,,,,,43.0,,,56.3,,,,,,,,,,,,,,52.0,,,,,,
REC03245,Biotechnology Faculty,Public Policy,Statistics Division,Bachelor,6,14.7,21.2,94.8,69.5,1,71.8,Intermediate,,,,,61.8,,,,66.2,,,,,,,,,,,,,76.2,,,65.4,,,,,,58.9,,,,,,,,,,,,,,,
REC03246,Research Officer,Public Policy,Policy,PhD,6,106.9,64.1,68.1,66.4,2,63.8,Developing,,,,,,,,,58.6,,65.6,,,,,,,,,,,,,,,,,,,,,,,,,,,,,67.4,63.1,,,,,61.9
REC03247,Policy Analyst,Artificial Intelligence,Administration,Master,0,42.6,31.1,92.6,53.0,2,67.2,Intermediate,,,,,,,,,65.3,,,,,,,,,,,,,,,,,,,,,,,,,71.0,,,,,,60.1,64.3,,,,,61.8
REC03248,AI Engineer,Artificial Intelligence,Data & Analytics,Master,2,37.3,31.1,84.7,78.1,4,69.9,Intermediate,,,,,,,,,,,,,67.6,,,,,,,,,,,,,,,,,55.3,,63.0,,,,,,,63.4,,,,,70.2,,
REC03249,Agriculture Officer,Administration,Research,Master,0,89.4,29.3,100.0,100.0,5,86.3,Advanced,,,71.9,,,,,,79.0,,,,,,,,,,,,84.6,,,,,,,,,,,,,,,,,,,74.9,,,,,,76.4
REC03250,Statistical Officer,Finance,Data & Analytics,Bachelor,7,61.7,58.7,74.5,64.5,1,64.3,Developing,,,,,,,,,62.4,,69.0,,,,,,,,,,,,,,,,,,,,,,,,66.4,,,,,,,,,,61.8,60.7
REC03251,Software Engineer,Computer Science,Training,PhD,15,71.5,44.9,92.6,63.6,3,73.9,Intermediate,,,,,,,,,,,,,,,,,,,,,,,,70.2,,,,,,,,,,,,62.0,,,70.9,,,,62.4,74.4,,
REC03252,Cybersecurity Analyst,Public Health,Administration,Master,3,50.3,43.9,67.1,70.0,1,59.8,Developing,,,,,,,,51.8,56.7,,,,,,,,,,,,,,,,,,,,,,,,62.9,,,,,,50.1,,,59.5,,,,
REC03253,Economist,Statistics,Statistics Division,Bachelor,5,46.1,69.0,66.0,77.3,2,62.6,Developing,,,,,,,,,66.7,,,,,57.5,60.7,,,,,,,,,,,,,,,,,,,,,,,,,74.8,,,,,,48.1
REC03254,Administrative Officer,Artificial Intelligence,IT,PhD,8,38.0,57.8,68.1,80.5,2,64.5,Developing,,59.1,,,,,65.4,,75.9,,,,,,,,,,,,,,,,,,,,,,,,,,,,61.8,,,57.4,,,,,,
REC03255,Education Officer,Data Science,Administration,Bachelor,9,97.7,50.3,82.3,74.4,1,72.6,Intermediate,,,,60.8,,,69.0,,68.0,,,,,,,73.8,,,,,,,,,,,,70.5,,,,,,,,,,,,,,,,,,
REC03256,Education Officer,Agriculture,Data & Analytics,Master,11,56.0,16.8,86.9,70.3,7,70.8,Intermediate,,,,63.2,,,78.0,,64.3,,,,,,,56.0,,,,,,,,,,,,69.8,,,,,,,,,,,,,,,,,,
REC03257,Legal Officer,Agriculture,Training,Master,5,55.5,49.3,55.0,84.3,3,57.8,Developing,,,,,,,59.1,,,,,,,,,,,,,,,,,,,,,,46.1,,,,,51.8,,,,,,47.4,,53.2,,,,
REC03258,Environmental Officer,Administration,DIID,Bachelor,5,39.5,49.2,86.9,81.0,1,72.8,Intermediate,,,,,,,,,70.7,,,,,,,,72.0,,,,62.2,,,,,,,,,,,,,,,,,,,59.5,,,,,,64.5
REC03259,AI Engineer,Cybersecurity,MoSPI,PhD,11,44.0,53.7,82.4,66.5,1,67.8,Intermediate,,,,,,,,,,,,,59.4,,,,,,,,,,,,,,,,,60.1,,83.5,,,,,,,62.9,,,,,49.3,,
REC03260,Administrative Officer,Cybersecurity,DIID,Bachelor,11,23.2,34.3,82.3,59.9,4,64.0,Developing,,54.1,,,,,57.5,,55.5,,,,,,,,,,,,,,,,,,,,,,,,,,,,65.2,,,60.4,,,,,,
REC03261,Research Officer,Economics,Administration,PhD,0,74.8,46.4,75.8,94.5,4,72.0,Intermediate,,,,,,,,,67.5,,69.6,,,,,,,,,,,,,,,,,,,,,,,,,,,,,67.1,61.4,,,,,61.5
REC03262,AI Engineer,Artificial Intelligence,Training,Master,11,85.6,59.3,76.7,80.0,1,71.3,Intermediate,,,,,,,,,,,,,68.8,,,,,,,,,,,,,,,,,64.6,,73.4,,,,,,,64.7,,,,,66.5,,
REC03263,HR Officer,Public Health,IT,Bachelor,15,101.1,53.3,80.6,84.8,4,76.2,Intermediate,,,,,,,82.8,,81.8,,,,,,,,,,,,,,70.2,,,69.7,,,,,,,,,,,,,,66.5,,,,,,
REC03264,Biotechnology Faculty,Economics,MoSPI,Master,0,45.3,25.7,92.2,73.9,6,71.7,Intermediate,,,,,51.2,,,,66.5,,,,,,,,,,,,,60.5,,,69.4,,,,,,54.8,,,,,,,,,,,,,,,
REC03265,Public Health Officer,Artificial Intelligence,Data & Analytics,PhD,14,70.7,35.8,73.4,68.9,4,65.3,Intermediate,,,,,,77.1,,,55.6,,,,,,,,,56.8,,,,,,,,,,,,,,,,,,,,57.5,,63.2,,,,,,
REC03266,Policy Analyst,Finance,Research,Master,0,22.0,19.2,66.6,59.2,2,53.0,Developing,,,,,,,,,46.5,,,,,,,,,,,,,,,,,,,,,,,,,55.1,,,,,,36.5,48.0,,,,,41.3
REC03267,Public Health Officer,Administration,Data & Analytics,Master,6,39.7,48.7,74.0,76.2,1,64.9,Developing,,,,,,52.4,,,60.1,,,,,,,,,62.9,,,,,,,,,,,,,,,,,,,,53.3,,68.1,,,,,,
REC03268,Education Officer,Artificial Intelligence,MoSPI,Bachelor,12,75.7,28.0,84.7,89.4,1,77.6,Intermediate,,,,86.3,,,80.6,,80.6,,,,,,,62.9,,,,,,,,,,,,75.8,,,,,,,,,,,,,,,,,,
REC03269,Administrative Officer,Environment,DIID,Master,0,60.3,40.4,78.9,95.1,1,73.4,Intermediate,,59.6,,,,,78.2,,66.0,,,,,,,,,,,,,,,,,,,,,,,,,,,,73.4,,,69.5,,,,,,
REC03270,Database Administrator,Data Science,MoSPI,Bachelor,6,57.2,21.8,40.7,61.9,5,43.2,Beginner,,,,,,,,,,32.8,,40.6,,,,,,,,,,,,,,,,,,,,,,,,30.7,,,45.4,,,,35.7,,,
REC03271,Agriculture Officer,Environment,Statistics Division,Master,14,86.3,36.5,98.4,90.0,1,85.6,Advanced,,,88.9,,,,,,84.7,,,,,,,,,,,,78.5,,,,,,,,,,,,,,,,,,,77.9,,,,,,80.8
REC03272,Project Manager,Agriculture,Training,Master,4,40.0,37.2,76.8,80.9,5,67.3,Intermediate,,,,,,,57.0,,59.3,,,,,,,,,,,,,,,,,,59.9,,,,,,,,,76.9,56.4,,,,,,,,,
REC03273,Legal Officer,Public Health,Research,Master,7,62.2,65.3,83.5,94.0,2,77.5,Intermediate,,,,,,,73.6,,,,,,,,,,,,,,,,,,,,,,77.1,,,,,74.0,,,,,,67.7,,79.0,,,,
REC03274,Environmental Officer,Administration,IT,Master,14,41.7,34.3,89.3,66.1,2,70.7,Intermediate,,,,,,,,,67.9,,,,,,,,72.0,,,,59.9,,,,,,,,,,,,,,,,,,,62.6,,,,,,56.6
REC03275,Biotechnology Faculty,Data Science,Training,Bachelor,10,48.8,57.3,77.8,46.8,1,60.4,Developing,,,,,62.5,,,,66.2,,,,,,,,,,,,,53.9,,,56.5,,,,,,58.0,,,,,,,,,,,,,,,
REC03276,Policy Analyst,Statistics,Training,Master,7,89.9,47.2,60.4,58.8,2,56.3,Developing,,,,,,,,,62.6,,,,,,,,,,,,,,,,,,,,,,,,,57.3,,,,,,51.2,49.4,,,,,59.2
REC03277,Statistical Officer,Public Health,DIID,Master,4,41.4,21.3,78.0,84.2,4,68.6,Intermediate,,,,,,,,,67.0,,70.1,,,,,,,,,,,,,,,,,,,,,,,,59.9,,,,,,,,,,65.6,56.7
REC03278,Public Health Officer,Artificial Intelligence,Statistics Division,Master,0,57.1,32.8,63.9,87.3,4,62.2,Developing,,,,,,58.5,,,61.5,,,,,,,,,47.5,,,,,,,,,,,,,,,,,,,,53.7,,56.0,,,,,,
REC03279,AI Engineer,Cybersecurity,IT,Bachelor,6,41.9,16.6,80.8,76.2,5,67.7,Intermediate,,,,,,,,,,,,,63.5,,,,,,,,,,,,,,,,,67.7,,54.8,,,,,,,66.9,,,,,55.8,,
REC03280,Project Manager,Statistics,MoSPI,PhD,5,87.9,51.7,93.5,95.6,4,84.3,Advanced,,,,,,,83.2,,79.9,,,,,,,,,,,,,,,,,,89.6,,,,,,,,,94.9,70.1,,,,,,,,,
REC03281,Agriculture Officer,Finance,Statistics Division,Master,6,86.6,54.1,73.3,92.1,6,72.2,Intermediate,,,75.7,,,,,,67.0,,,,,,,,,,,,63.9,,,,,,,,,,,,,,,,,,,61.4,,,,,,74.1
REC03282,Public Health Officer,Economics,Training,Bachelor,6,75.1,53.2,78.1,51.2,2,62.4,Developing,,,,,,64.0,,,65.4,,,,,,,,,58.7,,,,,,,,,,,,,,,,,,,,59.1,,57.3,,,,,,
REC03283,Policy Analyst,Cybersecurity,DIID,Bachelor,5,32.9,52.9,64.8,46.4,4,51.6,Developing,,,,,,,,,45.4,,,,,,,,,,,,,,,,,,,,,,,,,50.0,,,,,,47.0,48.8,,,,,58.1
REC03284,Agriculture Officer,Agriculture,IT,Bachelor,13,73.2,38.3,76.6,63.8,1,65.6,Intermediate,,,60.6,,,,,,69.3,,,,,,,,,,,,62.8,,,,,,,,,,,,,,,,,,,65.3,,,,,,56.2
REC03285,Software Engineer,Artificial Intelligence,Research,Master,14,70.6,49.9,59.0,100.0,2,68.2,Intermediate,,,,,,,,,,,,,,,,,,,,,,,,71.3,,,,,,,,,,,,66.2,,,75.4,,,,79.4,61.8,,
REC03286,Environmental Officer,Administration,MoSPI,Master,9,42.3,27.3,79.8,53.6,2,61.6,Developing,,,,,,,,,66.3,,,,,,,,56.7,,,,52.0,,,,,,,,,,,,,,,,,,,60.0,,,,,,51.8
REC03287,Biotechnology Faculty,Education,DIID,Master,7,46.6,32.4,46.2,65.2,2,48.2,Beginner,,,,,46.3,,,,55.0,,,,,,,,,,,,,47.6,,,51.4,,,,,,44.7,,,,,,,,,,,,,,,
REC03288,Project Manager,Public Health,Policy,Master,2,37.4,50.1,90.5,57.7,2,67.0,Intermediate,,,,,,,57.1,,51.5,,,,,,,,,,,,,,,,,,61.5,,,,,,,,,59.5,59.3,,,,,,,,,
REC03289,Public Health Officer,Economics,Policy,Bachelor,10,47.6,51.7,77.0,80.7,2,69.0,Intermediate,,,,,,73.1,,,62.0,,,,,,,,,65.3,,,,,,,,,,,,,,,,,,,,64.1,,55.8,,,,,,
REC03290,Research Officer,Education,IT,Master,6,72.4,29.1,77.9,91.1,2,71.8,Intermediate,,,,,,,,,64.6,,63.4,,,,,,,,,,,,,,,,,,,,,,,,,,,,,70.6,55.2,,,,,56.7
REC03291,Database Administrator,Data Science,DIID,Master,3,37.7,26.3,60.8,83.9,5,58.5,Developing,,,,,,,,,,52.1,,55.9,,,,,,,,,,,,,,,,,,,,,,,,44.5,,,48.9,,,,48.8,,,
REC03292,Biotechnology Faculty,Biotechnology,IT,Bachelor,10,49.2,42.3,74.4,74.5,1,65.5,Intermediate,,,,,46.4,,,,68.8,,,,,,,,,,,,,61.3,,,60.4,,,,,,60.7,,,,,,,,,,,,,,,
REC03293,Data Scientist,Administration,Statistics Division,Master,12,42.8,19.6,70.5,64.5,3,60.4,Developing,,,,,,,,,59.5,,52.2,,,,,,,,,,,,,,,,,,,60.0,,,,,,,,,61.6,,,,,,,57.0
REC03294,Finance Officer,Environment,Training,Bachelor,0,57.4,47.1,68.7,88.8,4,66.0,Intermediate,51.0,,,,,,,,,,72.2,,,,,,,,53.2,67.8,,,,,,,,,,,,,,,,,,,,,,,,,,60.8
REC03295,AI Engineer,Cybersecurity,Data & Analytics,PhD,8,17.5,42.9,59.2,68.2,2,54.7,Developing,,,,,,,,,,,,,50.3,,,,,,,,,,,,,,,,,56.5,,53.2,,,,,,,59.5,,,,,53.9,,
REC03296,Software Engineer,Computer Science,MoSPI,Bachelor,10,64.3,38.3,77.9,78.3,5,69.6,Intermediate,,,,,,,,,,,,,,,,,,,,,,,,63.7,,,,,,,,,,,,59.1,,,67.9,,,,76.0,64.6,,
REC03297,Agriculture Officer,Environment,MoSPI,Master,4,72.9,32.2,60.3,64.4,4,55.4,Developing,,,48.1,,,,,,48.1,,,,,,,,,,,,57.9,,,,,,,,,,,,,,,,,,,56.4,,,,,,43.2
REC03298,Statistical Officer,Data Science,Statistics Division,Master,7,24.5,29.4,89.4,70.5,1,71.1,Intermediate,,,,,,,,,62.5,,68.3,,,,,,,,,,,,,,,,,,,,,,,,72.0,,,,,,,,,,73.6,75.5
REC03299,Economist,Public Policy,Training,PhD,7,86.4,24.5,64.3,52.3,3,54.7,Developing,,,,,,,,,38.3,,,,,63.5,49.8,,,,,,,,,,,,,,,,,,,,,,,,,47.3,,,,,,48.6
REC03300,Public Health Officer,Cybersecurity,Training,Master,10,30.1,62.1,54.6,83.0,1,58.2,Developing,,,,,,67.0,,,53.3,,,,,,,,,50.2,,,,,,,,,,,,,,,,,,,,63.0,,58.2,,,,,,
REC03301,Project Manager,Agriculture,Training,Master,2,8.3,40.2,74.8,50.8,2,55.6,Developing,,,,,,,50.6,,47.4,,,,,,,,,,,,,,,,,,61.6,,,,,,,,,45.7,50.0,,,,,,,,,
REC03302,Biotechnology Faculty,Biotechnology,MoSPI,Master,5,76.4,31.2,60.4,100.0,1,66.8,Intermediate,,,,,75.2,,,,61.6,,,,,,,,,,,,,56.6,,,65.7,,,,,,67.2,,,,,,,,,,,,,,,
REC03303,Project Manager,Statistics,Policy,PhD,13,75.2,27.6,63.6,60.9,4,58.0,Developing,,,,,,,59.0,,74.9,,,,,,,,,,,,,,,,,,36.2,,,,,,,,,59.0,55.7,,,,,,,,,
REC03304,AI Engineer,Computer Science,IT,Master,5,88.8,59.2,71.6,91.9,5,71.9,Intermediate,,,,,,,,,,,,,64.4,,,,,,,,,,,,,,,,,75.4,,69.3,,,,,,,78.2,,,,,67.2,,
REC03305,Education Officer,Environment,Training,Master,8,51.1,45.1,83.7,76.3,2,71.1,Intermediate,,,,76.3,,,64.4,,56.5,,,,,,,72.2,,,,,,,,,,,,63.8,,,,,,,,,,,,,,,,,,
REC03306,Cybersecurity Analyst,Artificial Intelligence,IT,Master,1,34.7,14.4,70.1,82.6,2,63.1,Developing,,,,,,,,53.3,76.8,,,,,,,,,,,,,,,,,,,,,,,,49.1,,,,,,60.1,,,56.7,,,,
REC03307,Research Officer,Biotechnology,Policy,Master,3,31.7,40.8,88.2,50.0,3,63.8,Developing,,,,,,,,,53.6,,68.4,,,,,,,,,,,,,,,,,,,,,,,,,,,,,55.2,51.1,,,,,66.1
REC03308,Economist,Public Policy,IT,Bachelor,6,22.9,28.6,68.7,68.5,6,58.6,Developing,,,,,,,,,47.7,,,,,64.4,57.8,,,,,,,,,,,,,,,,,,,,,,,,,46.7,,,,,,52.3
REC03309,Statistical Officer,Statistics,DIID,Master,0,61.9,68.3,67.5,61.5,4,58.1,Developing,,,,,,,,,45.1,,59.2,,,,,,,,,,,,,,,,,,,,,,,,55.9,,,,,,,,,,52.9,51.7
REC03310,Agriculture Officer,Statistics,Research,PhD,10,64.2,29.4,60.8,69.4,3,58.0,Developing,,,56.9,,,,,,49.0,,,,,,,,,,,,52.3,,,,,,,,,,,,,,,,,,,62.0,,,,,,63.2
REC03311,Biotechnology Faculty,Public Health,Research,PhD,7,53.4,39.0,69.5,61.1,5,59.5,Developing,,,,,64.5,,,,60.0,,,,,,,,,,,,,56.0,,,54.0,,,,,,56.7,,,,,,,,,,,,,,,
REC03312,Education Officer,Cybersecurity,IT,Master,4,65.1,31.8,61.2,93.8,3,64.9,Developing,,,,56.8,,,60.4,,63.2,,,,,,,76.8,,,,,,,,,,,,67.9,,,,,,,,,,,,,,,,,,
REC03313,Public Health Officer,Agriculture,Administration,PhD,8,51.0,30.4,63.9,68.3,2,57.6,Developing,,,,,,48.8,,,55.6,,,,,,,,,53.3,,,,,,,,,,,,,,,,,,,,49.0,,51.1,,,,,,
REC03314,Environmental Officer,Data Science,Policy,Master,19,90.0,34.4,75.9,81.2,3,71.9,Intermediate,,,,,,,,,56.3,,,,,,,,81.3,,,,73.0,,,,,,,,,,,,,,,,,,,70.9,,,,,,63.0
REC03315,Public Health Officer,Data Science,Policy,Bachelor,9,64.0,44.5,71.0,91.3,3,70.1,Intermediate,,,,,,67.4,,,70.0,,,,,,,,,66.2,,,,,,,,,,,,,,,,,,,,74.5,,65.4,,,,,,
REC03316,Project Manager,Economics,Administration,Master,6,57.1,44.1,73.4,71.0,2,63.3,Developing,,,,,,,56.0,,55.7,,,,,,,,,,,,,,,,,,49.8,,,,,,,,,48.6,61.0,,,,,,,,,
REC03317,Project Manager,Environment,Statistics Division,Master,12,65.5,66.0,79.6,66.8,1,68.7,Intermediate,,,,,,,55.7,,69.6,,,,,,,,,,,,,,,,,,76.2,,,,,,,,,70.8,67.2,,,,,,,,,
REC03318,Public Health Officer,Cybersecurity,Training,Master,9,100.9,23.8,69.3,76.3,3,65.5,Intermediate,,,,,,64.4,,,64.7,,,,,,,,,53.9,,,,,,,,,,,,,,,,,,,,50.6,,70.7,,,,,,
REC03319,Data Scientist,Biotechnology,DIID,Master,8,60.7,49.2,64.8,74.5,5,62.0,Developing,,,,,,,,,49.7,,68.7,,,,,,,,,,,,,,,,,,,69.5,,,,,,,,,64.1,,,,,,,58.1
REC03320,Economist,Administration,DIID,Master,9,59.5,42.7,84.6,83.9,6,74.9,Intermediate,,,,,,,,,75.7,,,,,67.8,78.6,,,,,,,,,,,,,,,,,,,,,,,,,69.4,,,,,,76.6
REC03321,AI Engineer,Cybersecurity,Statistics Division,Master,7,94.9,40.2,95.3,86.5,1,83.2,Advanced,,,,,,,,,,,,,97.0,,,,,,,,,,,,,,,,,90.0,,72.2,,,,,,,80.0,,,,,82.3,,
REC03322,Statistical Officer,Artificial Intelligence,Research,Bachelor,2,54.2,49.2,76.6,73.5,4,65.7,Intermediate,,,,,,,,,68.4,,63.2,,,,,,,,,,,,,,,,,,,,,,,,55.8,,,,,,,,,,48.7,62.9
REC03323,Cybersecurity Analyst,Economics,Statistics Division,PhD,0,34.2,49.8,60.0,95.2,5,63.3,Developing,,,,,,,,64.2,72.0,,,,,,,,,,,,,,,,,,,,,,,,61.5,,,,,,63.6,,,62.6,,,,
REC03324,Agriculture Officer,Agriculture,DIID,Bachelor,8,58.3,29.7,70.3,81.1,4,65.2,Intermediate,,,56.6,,,,,,59.5,,,,,,,,,,,,54.8,,,,,,,,,,,,,,,,,,,66.0,,,,,,63.0
REC03325,Software Engineer,Computer Science,Research,Bachelor,8,64.0,59.4,83.6,79.7,2,73.8,Intermediate,,,,,,,,,,,,,,,,,,,,,,,,73.7,,,,,,,,,,,,71.9,,,67.4,,,,70.2,83.0,,
REC03326,Legal Officer,Public Health,IT,Master,2,65.4,48.3,66.2,60.2,1,57.3,Developing,,,,,,,43.2,,,,,,,,,,,,,,,,,,,,,,50.1,,,,,58.0,,,,,,48.3,,70.4,,,,
REC03327,Database Administrator,Computer Science,MoSPI,Master,13,87.5,43.3,74.7,43.1,3,59.4,Developing,,,,,,,,,,55.6,,50.0,,,,,,,,,,,,,,,,,,,,,,,,56.2,,,61.5,,,,57.2,,,
REC03328,Data Analyst,Cybersecurity,Training,Bachelor,1,56.2,44.3,63.3,68.2,5,57.7,Developing,,,,,,,,,50.8,,57.9,,,,,,,,,,,,,,,,,,,,,,,,,,,,,,,,51.1,,58.7,65.2
REC03329,Statistical Officer,Data Science,Training,Bachelor,10,37.1,28.7,83.3,70.9,5,68.0,Intermediate,,,,,,,,,68.4,,57.4,,,,,,,,,,,,,,,,,,,,,,,,62.1,,,,,,,,,,60.4,58.5
REC03330,Database Administrator,Computer Science,Administration,PhD,12,66.4,45.3,79.5,96.9,1,77.4,Intermediate,,,,,,,,,,87.4,,80.5,,,,,,,,,,,,,,,,,,,,,,,,82.6,,,72.1,,,,72.4,,,
REC03331,Environmental Officer,Education,Policy,Bachelor,3,50.1,43.7,61.0,74.9,1,58.9,Developing,,,,,,,,,64.2,,,,,,,,50.5,,,,56.7,,,,,,,,,,,,,,,,,,,58.2,,,,,,72.3
REC03332,Administrative Officer,Administration,MoSPI,Bachelor,6,44.4,19.7,77.7,69.9,2,64.0,Developing,,49.5,,,,,56.0,,54.3,,,,,,,,,,,,,,,,,,,,,,,,,,,,55.8,,,64.8,,,,,,
REC03333,Finance Officer,Statistics,DIID,Master,6,81.3,56.6,61.5,72.8,2,59.8,Developing,59.3,,,,,,,,,,62.2,,,,,,,,36.1,58.7,,,,,,,,,,,,,,,,,,,,,,,,,,56.9
REC03334,HR Officer,Cybersecurity,IT,Master,0,66.9,41.7,67.8,73.6,1,61.6,Developing,,,,,,,64.7,,50.6,,,,,,,,,,,,,,55.6,,,55.1,,,,,,,,,,,,,,64.4,,,,,,
REC03335,Data Analyst,Statistics,Administration,PhD,9,71.2,40.8,74.1,90.3,2,70.8,Intermediate,,,,,,,,,63.4,,60.2,,,,,,,,,,,,,,,,,,,,,,,,,,,,,,,,61.8,,71.0,64.0
REC03336,Economist,Education,Research,Bachelor,19,79.5,43.6,72.8,63.9,9,65.5,Intermediate,,,,,,,,,73.7,,,,,52.0,75.5,,,,,,,,,,,,,,,,,,,,,,,,,75.7,,,,,,52.5
REC03337,Policy Analyst,Economics,DIID,Master,13,83.3,62.0,71.0,81.0,3,68.6,Intermediate,,,,,,,,,71.5,,,,,,,,,,,,,,,,,,,,,,,,,54.0,,,,,,72.8,64.6,,,,,57.6
REC03338,Cybersecurity Analyst,Environment,Administration,Master,2,14.9,33.6,78.7,57.6,4,58.7,Developing,,,,,,,,42.1,44.1,,,,,,,,,,,,,,,,,,,,,,,,48.8,,,,,,48.6,,,53.2,,,,
REC03339,HR Officer,Economics,Statistics Division,Master,6,44.3,30.9,70.7,83.7,4,65.3,Intermediate,,,,,,,61.2,,64.7,,,,,,,,,,,,,,55.5,,,58.0,,,,,,,,,,,,,,65.3,,,,,,
REC03340,Statistical Officer,Statistics,Administration,Master,5,24.7,39.4,51.3,85.8,5,54.6,Developing,,,,,,,,,60.3,,53.3,,,,,,,,,,,,,,,,,,,,,,,,43.0,,,,,,,,,,48.8,42.2
REC03341,Environmental Officer,Biotechnology,Data & Analytics,Bachelor,8,38.6,23.1,63.7,68.7,6,57.3,Developing,,,,,,,,,55.8,,,,,,,,57.2,,,,58.4,,,,,,,,,,,,,,,,,,,56.0,,,,,,47.0
REC03342,Cybersecurity Analyst,Public Policy,Statistics Division,Bachelor,2,49.3,41.3,59.6,46.1,3,48.2,Beginner,,,,,,,,46.5,40.2,,,,,,,,,,,,,,,,,,,,,,,,43.9,,,,,,46.7,,,36.4,,,,
REC03343,Database Administrator,Cybersecurity,Policy,Bachelor,4,21.2,29.9,61.0,81.2,3,58.6,Developing,,,,,,,,,,57.9,,56.4,,,,,,,,,,,,,,,,,,,,,,,,52.4,,,67.9,,,,56.8,,,
REC03344,HR Officer,Data Science,Statistics Division,Bachelor,11,54.1,22.6,82.5,77.4,3,70.2,Intermediate,,,,,,,71.1,,59.0,,,,,,,,,,,,,,57.1,,,59.7,,,,,,,,,,,,,,68.0,,,,,,
REC03345,Economist,Education,Research,Bachelor,5,52.5,18.9,63.4,68.5,2,57.2,Developing,,,,,,,,,68.8,,,,,61.4,43.6,,,,,,,,,,,,,,,,,,,,,,,,,47.2,,,,,,51.2
REC03346,Biotechnology Faculty,Biotechnology,DIID,Bachelor,12,43.4,45.6,69.2,100.0,3,71.4,Intermediate,,,,,64.1,,,,75.4,,,,,,,,,,,,,85.1,,,64.7,,,,,,69.8,,,,,,,,,,,,,,,
REC03347,Research Officer,Public Policy,IT,Master,16,78.5,30.1,84.1,64.3,3,69.9,Intermediate,,,,,,,,,60.4,,56.0,,,,,,,,,,,,,,,,,,,,,,,,,,,,,71.9,74.2,,,,,63.3
REC03348,Project Manager,Public Policy,Administration,PhD,4,104.8,23.8,71.0,68.7,1,64.4,Developing,,,,,,,64.1,,71.8,,,,,,,,,,,,,,,,,,68.4,,,,,,,,,51.5,61.3,,,,,,,,,
REC03349,Legal Officer,Education,DIID,Master,8,44.0,26.5,61.0,76.3,1,57.8,Developing,,,,,,,33.7,,,,,,,,,,,,,,,,,,,,,,53.3,,,,,43.3,,,,,,61.7,,63.7,,,,
REC03350,Education Officer,Public Health,Research,Master,8,80.8,76.4,90.5,90.2,2,81.7,Advanced,,,,80.9,,,76.5,,88.9,,,,,,,78.3,,,,,,,,,,,,73.8,,,,,,,,,,,,,,,,,,
REC03351,Environmental Officer,Public Health,IT,Master,11,47.9,22.1,86.1,70.2,7,69.6,Intermediate,,,,,,,,,61.7,,,,,,,,72.6,,,,48.1,,,,,,,,,,,,,,,,,,,61.2,,,,,,67.1
REC03352,Research Officer,Agriculture,DIID,PhD,8,96.9,50.1,95.0,84.9,1,82.4,Advanced,,,,,,,,,83.4,,79.7,,,,,,,,,,,,,,,,,,,,,,,,,,,,,77.4,73.1,,,,,82.5
REC03353,HR Officer,Economics,IT,Bachelor,5,51.0,47.9,46.1,57.3,5,46.0,Beginner,,,,,,,42.0,,50.6,,,,,,,,,,,,,,42.7,,,49.5,,,,,,,,,,,,,,42.6,,,,,,
REC03354,Administrative Officer,Administration,IT,Bachelor,0,52.0,48.7,52.1,51.4,4,46.5,Beginner,,40.2,,,,,42.0,,46.0,,,,,,,,,,,,,,,,,,,,,,,,,,,,46.3,,,47.1,,,,,,
REC03355,Administrative Officer,Agriculture,IT,PhD,8,51.2,51.2,66.3,68.1,1,59.8,Developing,,51.1,,,,,59.4,,63.9,,,,,,,,,,,,,,,,,,,,,,,,,,,,45.1,,,61.2,,,,,,
REC03356,Cybersecurity Analyst,Artificial Intelligence,Data & Analytics,Bachelor,0,17.5,38.9,73.6,88.3,2,65.8,Intermediate,,,,,,,,59.3,55.2,,,,,,,,,,,,,,,,,,,,,,,,58.2,,,,,,54.9,,,67.7,,,,
REC03357,Data Analyst,Computer Science,IT,Bachelor,9,42.0,42.6,66.2,81.1,3,63.0,Developing,,,,,,,,,62.0,,55.5,,,,,,,,,,,,,,,,,,,,,,,,,,,,,,,,61.2,,62.1,57.2
REC03358,Education Officer,Public Policy,Policy,Master,5,35.7,47.4,64.0,67.3,2,57.0,Developing,,,,55.7,,,54.0,,49.0,,,,,,,62.7,,,,,,,,,,,,45.0,,,,,,,,,,,,,,,,,,
REC03359,Legal Officer,Agriculture,Statistics Division,Bachelor,4,51.1,40.9,69.2,76.0,2,63.0,Developing,,,,,,,68.2,,,,,,,,,,,,,,,,,,,,,,50.7,,,,,71.7,,,,,,48.0,,63.6,,,,
REC03360,Public Health Officer,Cybersecurity,Policy,Master,8,76.0,46.8,71.3,89.3,3,69.0,Intermediate,,,,,,69.6,,,62.6,,,,,,,,,46.9,,,,,,,,,,,,,,,,,,,,58.0,,64.6,,,,,,
REC03361,HR Officer,Data Science,Statistics Division,Master,0,28.2,15.7,53.7,62.3,3,47.8,Beginner,,,,,,,38.3,,48.2,,,,,,,,,,,,,,45.0,,,39.2,,,,,,,,,,,,,,42.7,,,,,,
REC03362,AI Engineer,Computer Science,Training,Master,18,77.2,46.9,67.3,99.9,3,73.2,Intermediate,,,,,,,,,,,,,72.3,,,,,,,,,,,,,,,,,71.3,,69.8,,,,,,,75.9,,,,,82.7,,
REC03363,Project Manager,Public Policy,Policy,Master,0,42.5,32.5,76.3,67.1,1,62.0,Developing,,,,,,,43.7,,50.4,,,,,,,,,,,,,,,,,,57.3,,,,,,,,,53.0,69.8,,,,,,,,,
REC03364,Administrative Officer,Public Policy,Statistics Division,Bachelor,4,79.5,29.8,69.7,69.1,2,62.6,Developing,,66.6,,,,,51.7,,60.1,,,,,,,,,,,,,,,,,,,,,,,,,,,,61.7,,,65.0,,,,,,
REC03365,Project Manager,Biotechnology,Statistics Division,Bachelor,9,11.2,50.0,79.5,78.9,2,68.5,Intermediate,,,,,,,68.9,,68.4,,,,,,,,,,,,,,,,,,74.2,,,,,,,,,74.4,54.0,,,,,,,,,
REC03366,Project Manager,Administration,Policy,PhD,11,5.0,34.8,69.4,69.6,5,59.9,Developing,,,,,,,66.9,,62.0,,,,,,,,,,,,,,,,,,54.0,,,,,,,,,62.3,50.0,,,,,,,,,
REC03367,HR Officer,Public Health,Training,PhD,6,106.0,69.0,65.5,92.6,3,70.2,Intermediate,,,,,,,70.7,,74.4,,,,,,,,,,,,,,62.7,,,70.3,,,,,,,,,,,,,,69.9,,,,,,
REC03368,Policy Analyst,Education,Policy,PhD,0,65.4,32.7,48.5,73.1,2,51.6,Developing,,,,,,,,,58.2,,,,,,,,,,,,,,,,,,,,,,,,,45.1,,,,,,45.4,56.8,,,,,52.9
REC03369,Project Manager,Artificial Intelligence,MoSPI,Master,0,88.5,63.9,72.9,86.0,4,70.3,Intermediate,,,,,,,74.3,,62.7,,,,,,,,,,,,,,,,,,65.3,,,,,,,,,72.7,74.3,,,,,,,,,
REC03370,AI Engineer,Data Science,Policy,PhD,6,79.1,50.6,82.6,76.5,2,72.5,Intermediate,,,,,,,,,,,,,58.6,,,,,,,,,,,,,,,,,66.8,,77.4,,,,,,,73.3,,,,,79.7,,
REC03371,Policy Analyst,Environment,Training,Bachelor,9,62.5,56.2,78.5,83.4,1,71.9,Intermediate,,,,,,,,,59.6,,,,,,,,,,,,,,,,,,,,,,,,,77.1,,,,,,71.2,70.4,,,,,70.5
REC03372,Software Engineer,Artificial Intelligence,IT,Master,1,59.5,56.0,65.4,74.2,1,61.7,Developing,,,,,,,,,,,,,,,,,,,,,,,,66.9,,,,,,,,,,,,63.4,,,62.9,,,,63.4,61.6,,
REC03373,AI Engineer,Computer Science,Administration,Master,11,65.4,83.9,82.3,75.0,5,73.3,Intermediate,,,,,,,,,,,,,67.2,,,,,,,,,,,,,,,,,70.9,,79.0,,,,,,,70.8,,,,,86.5,,
REC03374,Policy Analyst,Data Science,Research,PhD,4,47.3,68.6,78.1,60.9,1,63.6,Developing,,,,,,,,,60.5,,,,,,,,,,,,,,,,,,,,,,,,,54.9,,,,,,66.5,61.2,,,,,54.2
REC03375,Research Officer,Environment,Administration,Bachelor,2,51.6,33.3,59.4,71.4,3,56.6,Developing,,,,,,,,,60.0,,51.1,,,,,,,,,,,,,,,,,,,,,,,,,,,,,60.8,57.9,,,,,60.0
REC03376,Data Analyst,Biotechnology,Training,Master,2,52.3,28.5,83.6,69.7,1,67.5,Intermediate,,,,,,,,,63.6,,61.8,,,,,,,,,,,,,,,,,,,,,,,,,,,,,,,,74.0,,52.1,53.7
REC03377,Data Scientist,Cybersecurity,MoSPI,Bachelor,1,8.9,72.8,75.1,80.2,3,66.2,Intermediate,,,,,,,,,68.3,,67.8,,,,,,,,,,,,,,,,,,,66.0,,,,,,,,,59.7,,,,,,,72.6
REC03378,Finance Officer,Statistics,DIID,PhD,0,18.7,24.1,57.8,93.7,1,58.9,Developing,55.7,,,,,,,,,,50.4,,,,,,,,59.4,56.5,,,,,,,,,,,,,,,,,,,,,,,,,,46.4
REC03379,Economist,Education,DIID,Master,5,41.3,44.2,75.0,77.8,7,66.9,Intermediate,,,,,,,,,67.8,,,,,58.7,69.2,,,,,,,,,,,,,,,,,,,,,,,,,59.5,,,,,,83.1
REC03380,Database Administrator,Computer Science,Research,PhD,3,91.5,52.6,66.3,78.0,5,63.9,Developing,,,,,,,,,,68.1,,63.6,,,,,,,,,,,,,,,,,,,,,,,,52.5,,,51.1,,,,59.6,,,
REC03381,Finance Officer,Finance,Administration,PhD,11,87.2,50.7,74.1,94.2,3,74.0,Intermediate,76.1,,,,,,,,,,70.7,,,,,,,,74.1,68.9,,,,,,,,,,,,,,,,,,,,,,,,,,64.9
REC03382,AI Engineer,Artificial Intelligence,Statistics Division,Master,2,72.2,25.8,72.2,83.7,1,66.9,Intermediate,,,,,,,,,,,,,59.8,,,,,,,,,,,,,,,,,66.9,,59.9,,,,,,,61.2,,,,,66.2,,
REC03383,Project Manager,Agriculture,Statistics Division,Master,2,27.8,32.5,89.0,46.8,2,62.7,Developing,,,,,,,61.6,,50.1,,,,,,,,,,,,,,,,,,52.7,,,,,,,,,59.4,63.9,,,,,,,,,
REC03384,Project Manager,Administration,DIID,Master,9,59.9,38.4,62.2,69.0,4,59.1,Developing,,,,,,,60.6,,59.6,,,,,,,,,,,,,,,,,,62.9,,,,,,,,,59.4,62.6,,,,,,,,,
REC03385,Data Scientist,Artificial Intelligence,Data & Analytics,Master,4,47.2,48.6,75.1,77.6,5,66.3,Intermediate,,,,,,,,,66.3,,54.8,,,,,,,,,,,,,,,,,,,55.0,,,,,,,,,66.6,,,,,,,68.6
REC03386,Cybersecurity Analyst,Economics,Statistics Division,Bachelor,2,86.0,36.6,87.0,70.8,1,72.0,Intermediate,,,,,,,,66.3,74.5,,,,,,,,,,,,,,,,,,,,,,,,64.9,,,,,,58.3,,,74.6,,,,
REC03387,Research Officer,Cybersecurity,MoSPI,Master,0,50.5,29.8,72.1,66.2,6,60.5,Developing,,,,,,,,,55.5,,65.9,,,,,,,,,,,,,,,,,,,,,,,,,,,,,55.5,49.9,,,,,57.8
REC03388,Policy Analyst,Administration,IT,PhD,11,84.0,63.8,82.9,87.0,1,76.7,Intermediate,,,,,,,,,73.4,,,,,,,,,,,,,,,,,,,,,,,,,75.3,,,,,,63.5,70.4,,,,,81.7
REC03389,Agriculture Officer,Statistics,Policy,PhD,10,51.5,43.7,85.6,72.8,2,70.6,Intermediate,,,60.1,,,,,,58.3,,,,,,,,,,,,58.6,,,,,,,,,,,,,,,,,,,64.2,,,,,,70.2
REC03390,Statistical Officer,Public Health,Statistics Division,Bachelor,3,58.0,66.0,86.2,61.8,4,68.1,Intermediate,,,,,,,,,63.3,,56.8,,,,,,,,,,,,,,,,,,,,,,,,59.8,,,,,,,,,,74.1,54.4
REC03391,Software Engineer,Artificial Intelligence,Research,Master,15,44.3,61.5,94.2,69.4,6,76.3,Intermediate,,,,,,,,,,,,,,,,,,,,,,,,76.6,,,,,,,,,,,,65.9,,,70.8,,,,81.5,81.3,,
REC03392,Cybersecurity Analyst,Agriculture,MoSPI,Bachelor,5,86.5,32.0,94.1,96.6,6,84.2,Advanced,,,,,,,,82.2,85.7,,,,,,,,,,,,,,,,,,,,,,,,88.7,,,,,,87.2,,,71.6,,,,
REC03393,Statistical Officer,Public Policy,Administration,Master,2,38.7,43.4,79.6,81.2,1,69.2,Intermediate,,,,,,,,,70.0,,77.0,,,,,,,,,,,,,,,,,,,,,,,,59.2,,,,,,,,,,74.5,53.8
REC03394,Administrative Officer,Agriculture,IT,PhD,6,27.2,49.3,92.8,79.0,3,74.8,Intermediate,,70.1,,,,,68.9,,65.7,,,,,,,,,,,,,,,,,,,,,,,,,,,,62.2,,,71.4,,,,,,
REC03395,Economist,Finance,DIID,Master,12,78.5,64.0,78.4,83.1,3,73.7,Intermediate,,,,,,,,,71.3,,,,,74.0,76.7,,,,,,,,,,,,,,,,,,,,,,,,,75.0,,,,,,74.1
REC03396,Data Analyst,Data Science,Data & Analytics,Master,7,102.5,45.7,68.2,88.5,1,69.0,Intermediate,,,,,,,,,58.2,,68.7,,,,,,,,,,,,,,,,,,,,,,,,,,,,,,,,71.9,,63.9,58.9
REC03397,Agriculture Officer,Public Health,Training,PhD,0,23.9,15.4,67.0,51.7,1,50.5,Developing,,,46.4,,,,,,33.4,,,,,,,,,,,,32.3,,,,,,,,,,,,,,,,,,,46.0,,,,,,43.4
REC03398,Research Officer,Administration,Statistics Division,Bachelor,16,83.9,48.5,80.3,68.6,4,70.7,Intermediate,,,,,,,,,63.5,,61.7,,,,,,,,,,,,,,,,,,,,,,,,,,,,,78.5,79.0,,,,,70.8
REC03399,Database Administrator,Data Science,Policy,Master,0,74.2,45.2,61.7,70.3,1,57.9,Developing,,,,,,,,,,65.1,,54.3,,,,,,,,,,,,,,,,,,,,,,,,55.7,,,50.6,,,,46.7,,,
REC03400,Statistical Officer,Public Health,Policy,Bachelor,8,70.2,20.6,75.6,57.3,3,61.4,Developing,,,,,,,,,51.1,,72.4,,,,,,,,,,,,,,,,,,,,,,,,52.4,,,,,,,,,,51.4,55.2
REC03401,Policy Analyst,Administration,MoSPI,Master,2,36.4,30.3,75.8,61.9,4,59.6,Developing,,,,,,,,,48.9,,,,,,,,,,,,,,,,,,,,,,,,,46.2,,,,,,47.8,55.3,,,,,48.1
REC03402,Database Administrator,Cybersecurity,Data & Analytics,Master,12,76.1,66.1,70.5,77.4,8,68.1,Intermediate,,,,,,,,,,76.2,,69.3,,,,,,,,,,,,,,,,,,,,,,,,76.6,,,60.5,,,,70.7,,,
REC03403,Economist,Public Policy,Policy,Bachelor,7,33.2,32.8,92.1,77.7,4,74.6,Intermediate,,,,,,,,,74.5,,,,,70.7,64.5,,,,,,,,,,,,,,,,,,,,,,,,,64.5,,,,,,80.1
REC03404,Research Officer,Environment,Research,PhD,10,69.2,43.6,83.7,83.0,2,74.2,Intermediate,,,,,,,,,68.0,,69.1,,,,,,,,,,,,,,,,,,,,,,,,,,,,,71.4,75.1,,,,,64.3
REC03405,AI Engineer,Computer Science,MoSPI,Bachelor,12,47.7,23.6,88.5,77.4,3,73.6,Intermediate,,,,,,,,,,,,,70.4,,,,,,,,,,,,,,,,,68.4,,83.1,,,,,,,58.0,,,,,62.7,,
REC03406,Database Administrator,Cybersecurity,Data & Analytics,Bachelor,18,79.9,64.0,91.5,85.2,2,81.5,Advanced,,,,,,,,,,82.1,,74.9,,,,,,,,,,,,,,,,,,,,,,,,81.9,,,67.2,,,,83.6,,,
REC03407,Database Administrator,Cybersecurity,MoSPI,Master,11,47.5,47.9,59.3,86.8,2,62.6,Developing,,,,,,,,,,67.2,,57.5,,,,,,,,,,,,,,,,,,,,,,,,59.0,,,61.3,,,,74.1,,,
REC03408,Education Officer,Public Policy,DIID,Master,9,83.9,52.0,69.1,86.7,2,69.4,Intermediate,,,,69.9,,,77.2,,72.2,,,,,,,68.5,,,,,,,,,,,,62.2,,,,,,,,,,,,,,,,,,
REC03409,Administrative Officer,Data Science,Policy,Master,13,93.7,52.2,68.7,70.6,1,64.9,Developing,,52.0,,,,,68.4,,63.7,,,,,,,,,,,,,,,,,,,,,,,,,,,,63.3,,,63.8,,,,,,
REC03410,AI Engineer,Computer Science,Statistics Division,PhD,11,35.3,8.4,92.7,77.0,6,73.8,Intermediate,,,,,,,,,,,,,71.4,,,,,,,,,,,,,,,,,65.1,,55.9,,,,,,,64.9,,,,,68.7,,
REC03411,Legal Officer,Environment,IT,PhD,4,75.1,44.8,83.6,83.3,5,73.7,Intermediate,,,,,,,66.7,,,,,,,,,,,,,,,,,,,,,,73.6,,,,,68.4,,,,,,64.5,,71.9,,,,
REC03412,Environmental Officer,Public Policy,Statistics Division,Master,11,55.5,48.5,74.9,79.4,1,68.3,Intermediate,,,,,,,,,73.0,,,,,,,,65.2,,,,75.5,,,,,,,,,,,,,,,,,,,56.5,,,,,,56.4
REC03413,Legal Officer,Public Policy,Statistics Division,Bachelor,13,88.0,84.1,92.7,81.8,5,81.7,Advanced,,,,,,,85.2,,,,,,,,,,,,,,,,,,,,,,73.3,,,,,78.6,,,,,,81.9,,80.8,,,,
REC03414,AI Engineer,Computer Science,Administration,Bachelor,2,22.9,26.6,75.0,52.5,1,56.3,Developing,,,,,,,,,,,,,44.7,,,,,,,,,,,,,,,,,46.5,,54.2,,,,,,,43.7,,,,,59.7,,
REC03415,Research Officer,Data Science,Research,PhD,12,66.8,62.7,99.5,74.0,5,80.1,Advanced,,,,,,,,,85.3,,59.7,,,,,,,,,,,,,,,,,,,,,,,,,,,,,68.5,75.8,,,,,72.9
REC03416,Statistical Officer,Statistics,Policy,Master,7,60.6,40.0,71.2,54.2,5,58.4,Developing,,,,,,,,,53.4,,42.3,,,,,,,,,,,,,,,,,,,,,,,,57.9,,,,,,,,,,63.2,60.8
REC03417,Finance Officer,Environment,Training,Master,11,40.1,53.8,61.7,68.8,4,57.6,Developing,50.0,,,,,,,,,,54.7,,,,,,,,64.7,52.2,,,,,,,,,,,,,,,,,,,,,,,,,,49.8
REC03418,Policy Analyst,Administration,Data & Analytics,Bachelor,5,32.8,20.8,64.3,73.5,1,57.8,Developing,,,,,,,,,61.6,,,,,,,,,,,,,,,,,,,,,,,,,50.3,,,,,,53.0,53.6,,,,,46.8
REC03419,Legal Officer,Environment,Research,PhD,6,22.4,20.0,63.5,95.5,2,63.5,Developing,,,,,,,56.0,,,,,,,,,,,,,,,,,,,,,,62.4,,,,,54.8,,,,,,58.2,,62.8,,,,
REC03420,Research Officer,Administration,DIID,Bachelor,4,64.5,29.3,78.4,70.9,1,65.9,Intermediate,,,,,,,,,56.2,,52.3,,,,,,,,,,,,,,,,,,,,,,,,,,,,,64.6,56.4,,,,,62.8
REC03421,Database Administrator,Artificial Intelligence,Research,Master,14,82.2,49.4,66.7,80.9,5,67.6,Intermediate,,,,,,,,,,69.3,,71.1,,,,,,,,,,,,,,,,,,,,,,,,73.9,,,76.1,,,,67.4,,,
REC03422,HR Officer,Agriculture,Data & Analytics,Master,8,81.2,73.6,83.9,55.0,1,67.9,Intermediate,,,,,,,63.4,,81.4,,,,,,,,,,,,,,63.6,,,62.8,,,,,,,,,,,,,,62.4,,,,,,
REC03423,Finance Officer,Data Science,Research,Master,2,30.9,28.9,78.1,57.4,3,60.1,Developing,43.9,,,,,,,,,,59.6,,,,,,,,52.1,52.4,,,,,,,,,,,,,,,,,,,,,,,,,,66.8
REC03424,Environmental Officer,Education,Data & Analytics,Bachelor,4,67.9,55.7,84.9,65.9,2,68.8,Intermediate,,,,,,,,,70.5,,,,,,,,55.1,,,,57.0,,,,,,,,,,,,,,,,,,,56.8,,,,,,66.6
REC03425,Education Officer,Artificial Intelligence,Data & Analytics,Bachelor,10,84.0,34.5,81.4,97.6,4,77.9,Intermediate,,,,70.7,,,77.4,,75.8,,,,,,,63.2,,,,,,,,,,,,81.1,,,,,,,,,,,,,,,,,,
REC03426,Education Officer,Public Policy,Policy,Bachelor,3,55.6,55.4,90.1,69.5,5,71.9,Intermediate,,,,67.7,,,65.7,,47.6,,,,,,,71.5,,,,,,,,,,,,71.7,,,,,,,,,,,,,,,,,,
REC03427,Policy Analyst,Finance,Data & Analytics,PhD,12,62.0,59.2,80.4,64.0,5,67.2,Intermediate,,,,,,,,,69.7,,,,,,,,,,,,,,,,,,,,,,,,,73.6,,,,,,68.6,59.4,,,,,41.5
REC03428,Statistical Officer,Education,DIID,PhD,9,49.8,33.9,87.2,74.3,7,72.1,Intermediate,,,,,,,,,67.4,,66.5,,,,,,,,,,,,,,,,,,,,,,,,61.0,,,,,,,,,,72.3,69.5
REC03429,Legal Officer,Cybersecurity,Policy,Master,8,45.1,46.3,91.8,91.7,2,79.2,Intermediate,,,,,,,77.2,,,,,,,,,,,,,,,,,,,,,,71.6,,,,,72.0,,,,,,71.8,,70.1,,,,
REC03430,Cybersecurity Analyst,Education,Data & Analytics,PhD,3,53.4,72.9,64.2,79.4,3,62.1,Developing,,,,,,,,61.8,53.1,,,,,,,,,,,,,,,,,,,,,,,,62.2,,,,,,61.6,,,55.9,,,,
REC03431,AI Engineer,Cybersecurity,IT,PhD,8,32.8,18.9,74.0,71.0,3,63.3,Developing,,,,,,,,,,,,,67.4,,,,,,,,,,,,,,,,,59.3,,60.0,,,,,,,60.6,,,,,64.3,,
REC03432,Public Health Officer,Data Science,MoSPI,Master,5,60.6,34.5,93.6,62.0,2,71.2,Intermediate,,,,,,62.0,,,68.6,,,,,,,,,68.1,,,,,,,,,,,,,,,,,,,,53.6,,63.4,,,,,,
REC03433,Data Analyst,Cybersecurity,Administration,Master,7,53.6,54.4,80.7,73.1,5,69.2,Intermediate,,,,,,,,,68.1,,69.0,,,,,,,,,,,,,,,,,,,,,,,,,,,,,,,,72.0,,62.6,61.9
REC03434,Education Officer,Data Science,MoSPI,Master,7,17.3,32.6,81.2,49.1,1,59.4,Developing,,,,51.8,,,58.7,,56.3,,,,,,,56.5,,,,,,,,,,,,50.6,,,,,,,,,,,,,,,,,,
REC03435,AI Engineer,Data Science,MoSPI,PhD,10,97.9,45.0,46.9,94.6,5,60.8,Developing,,,,,,,,,,,,,53.6,,,,,,,,,,,,,,,,,68.8,,71.7,,,,,,,66.8,,,,,51.6,,
REC03436,Public Health Officer,Data Science,Training,Bachelor,8,66.8,65.9,84.7,79.7,3,74.0,Intermediate,,,,,,63.7,,,73.2,,,,,,,,,71.5,,,,,,,,,,,,,,,,,,,,75.6,,62.6,,,,,,
REC03437,Statistical Officer,Biotechnology,Statistics Division,Master,4,49.4,30.2,84.6,85.7,3,72.6,Intermediate,,,,,,,,,64.7,,57.1,,,,,,,,,,,,,,,,,,,,,,,,57.7,,,,,,,,,,75.5,67.2
REC03438,AI Engineer,Computer Science,Training,Master,3,66.7,20.4,80.0,86.2,2,70.7,Intermediate,,,,,,,,,,,,,64.8,,,,,,,,,,,,,,,,,68.2,,63.8,,,,,,,46.9,,,,,64.7,,
REC03439,Data Analyst,Education,Training,PhD,0,45.6,44.9,87.6,86.0,3,74.1,Intermediate,,,,,,,,,70.1,,59.7,,,,,,,,,,,,,,,,,,,,,,,,,,,,,,,,62.5,,82.9,59.0
REC03440,Database Administrator,Data Science,DIID,Master,5,55.1,21.0,75.0,83.0,1,67.1,Intermediate,,,,,,,,,,63.4,,63.5,,,,,,,,,,,,,,,,,,,,,,,,72.2,,,44.2,,,,57.7,,,
REC03441,Legal Officer,Cybersecurity,Statistics Division,Master,0,74.8,55.2,81.0,79.0,2,71.2,Intermediate,,,,,,,67.6,,,,,,,,,,,,,,,,,,,,,,72.6,,,,,70.2,,,,,,61.1,,72.6,,,,
REC03442,Data Scientist,Data Science,Policy,Master,3,51.7,23.1,76.0,74.1,1,64.5,Developing,,,,,,,,,58.1,,51.6,,,,,,,,,,,,,,,,,,,48.7,,,,,,,,,66.4,,,,,,,59.0
REC03443,Environmental Officer,Education,IT,Master,4,51.2,52.0,70.6,82.3,3,65.2,Intermediate,,,,,,,,,54.8,,,,,,,,58.4,,,,61.7,,,,,,,,,,,,,,,,,,,70.7,,,,,,48.9
REC03444,AI Engineer,Artificial Intelligence,Training,Bachelor,9,52.0,31.6,54.8,54.8,5,49.5,Beginner,,,,,,,,,,,,,48.2,,,,,,,,,,,,,,,,,42.9,,47.5,,,,,,,47.6,,,,,46.6,,
REC03445,Legal Officer,Cybersecurity,MoSPI,Bachelor,0,53.6,44.0,69.8,61.8,4,58.6,Developing,,,,,,,55.7,,,,,,,,,,,,,,,,,,,,,,63.0,,,,,57.2,,,,,,49.0,,51.5,,,,
REC03446,Finance Officer,Public Policy,IT,Bachelor,3,60.6,55.1,78.5,56.4,7,62.9,Developing,48.4,,,,,,,,,,52.9,,,,,,,,70.0,73.3,,,,,,,,,,,,,,,,,,,,,,,,,,57.6
REC03447,Legal Officer,Agriculture,DIID,Bachelor,8,101.3,47.8,56.2,80.6,4,61.2,Developing,,,,,,,68.0,,,,,,,,,,,,,,,,,,,,,,74.3,,,,,49.8,,,,,,52.2,,60.1,,,,
REC03448,Policy Analyst,Economics,MoSPI,Bachelor,0,44.4,38.7,84.1,72.2,5,68.7,Intermediate,,,,,,,,,68.8,,,,,,,,,,,,,,,,,,,,,,,,,51.4,,,,,,71.1,76.0,,,,,61.8
REC03449,HR Officer,Economics,Policy,PhD,8,26.7,68.6,64.2,66.5,6,58.3,Developing,,,,,,,65.5,,54.9,,,,,,,,,,,,,,66.8,,,55.9,,,,,,,,,,,,,,54.9,,,,,,
REC03450,Biotechnology Faculty,Administration,Statistics Division,Master,0,56.6,36.0,67.4,96.6,5,67.8,Intermediate,,,,,61.3,,,,64.2,,,,,,,,,,,,,57.9,,,89.1,,,,,,58.8,,,,,,,,,,,,,,,
REC03451,Research Officer,Finance,Policy,PhD,9,83.3,86.9,85.9,53.7,3,68.1,Intermediate,,,,,,,,,65.1,,61.3,,,,,,,,,,,,,,,,,,,,,,,,,,,,,55.7,64.8,,,,,55.5
REC03452,Database Administrator,Artificial Intelligence,Statistics Division,Master,10,64.3,29.8,55.2,75.3,5,56.6,Developing,,,,,,,,,,51.4,,50.9,,,,,,,,,,,,,,,,,,,,,,,,56.3,,,49.9,,,,63.6,,,
REC03453,AI Engineer,Data Science,Research,Bachelor,3,50.1,34.6,65.5,95.2,2,66.3,Intermediate,,,,,,,,,,,,,66.3,,,,,,,,,,,,,,,,,66.5,,66.2,,,,,,,68.7,,,,,51.1,,
REC03454,Biotechnology Faculty,Environment,Administration,PhD,4,20.6,33.9,71.5,68.4,3,60.3,Developing,,,,,55.4,,,,60.0,,,,,,,,,,,,,54.2,,,67.0,,,,,,57.0,,,,,,,,,,,,,,,
REC03455,Biotechnology Faculty,Biotechnology,Data & Analytics,Master,9,75.1,51.6,69.8,100.0,4,72.7,Intermediate,,,,,79.0,,,,66.3,,,,,,,,,,,,,71.5,,,58.2,,,,,,77.1,,,,,,,,,,,,,,,
REC03456,Statistical Officer,Public Health,Research,PhD,0,20.6,53.5,62.7,79.5,6,58.7,Developing,,,,,,,,,61.1,,56.7,,,,,,,,,,,,,,,,,,,,,,,,58.8,,,,,,,,,,57.0,46.3
REC03457,Administrative Officer,Artificial Intelligence,Data & Analytics,Master,12,68.6,63.0,83.6,91.3,4,77.6,Intermediate,,73.6,,,,,80.9,,72.3,,,,,,,,,,,,,,,,,,,,,,,,,,,,76.2,,,66.7,,,,,,
REC03458,Agriculture Officer,Education,Administration,PhD,8,55.1,28.5,89.6,85.5,4,76.5,Intermediate,,,66.3,,,,,,66.0,,,,,,,,,,,,67.9,,,,,,,,,,,,,,,,,,,82.1,,,,,,72.9
REC03459,Data Analyst,Public Policy,MoSPI,Master,15,79.0,28.4,92.1,79.4,3,79.1,Intermediate,,,,,,,,,80.4,,70.3,,,,,,,,,,,,,,,,,,,,,,,,,,,,,,,,71.9,,82.0,87.4
REC03460,Finance Officer,Finance,IT,Master,6,88.6,47.1,57.4,71.6,3,58.8,Developing,51.3,,,,,,,,,,74.7,,,,,,,,65.6,55.7,,,,,,,,,,,,,,,,,,,,,,,,,,59.7
REC03461,Finance Officer,Economics,Policy,Master,6,72.0,66.5,59.2,78.8,2,60.9,Developing,51.7,,,,,,,,,,67.1,,,,,,,,53.7,64.6,,,,,,,,,,,,,,,,,,,,,,,,,,60.6
REC03462,Environmental Officer,Finance,Research,Master,2,48.7,8.4,75.9,65.0,1,60.6,Developing,,,,,,,,,42.1,,,,,,,,49.2,,,,46.9,,,,,,,,,,,,,,,,,,,62.3,,,,,,51.5
REC03463,Agriculture Officer,Education,Statistics Division,Bachelor,0,20.2,16.1,79.4,69.7,1,63.3,Developing,,,52.0,,,,,,60.8,,,,,,,,,,,,61.5,,,,,,,,,,,,,,,,,,,55.0,,,,,,65.7
REC03464,Legal Officer,Education,Policy,Bachelor,9,10.8,41.3,90.8,70.9,1,72.1,Intermediate,,,,,,,82.3,,,,,,,,,,,,,,,,,,,,,,77.6,,,,,69.5,,,,,,73.2,,62.2,,,,
REC03465,Legal Officer,Public Policy,Research,Master,15,89.2,62.8,97.3,48.4,3,73.7,Intermediate,,,,,,,70.5,,,,,,,,,,,,,,,,,,,,,,58.7,,,,,76.1,,,,,,70.1,,75.1,,,,
REC03466,Database Administrator,Computer Science,Policy,Master,2,74.1,42.2,92.3,80.5,3,76.3,Intermediate,,,,,,,,,,66.2,,64.9,,,,,,,,,,,,,,,,,,,,,,,,65.1,,,67.8,,,,72.8,,,
REC03467,Data Scientist,Environment,IT,Bachelor,9,36.5,59.2,73.4,58.4,1,60.3,Developing,,,,,,,,,54.1,,64.0,,,,,,,,,,,,,,,,,,,52.6,,,,,,,,,61.7,,,,,,,49.6
REC03468,AI Engineer,Cybersecurity,Statistics Division,Master,13,51.7,54.9,94.6,95.2,5,83.1,Advanced,,,,,,,,,,,,,86.5,,,,,,,,,,,,,,,,,71.3,,67.6,,,,,,,76.3,,,,,83.5,,
REC03469,Education Officer,Agriculture,Statistics Division,Master,15,98.6,49.2,67.7,57.6,4,61.4,Developing,,,,61.4,,,53.7,,69.1,,,,,,,63.4,,,,,,,,,,,,55.6,,,,,,,,,,,,,,,,,,
REC03470,HR Officer,Biotechnology,Policy,Bachelor,6,57.8,46.1,74.5,89.1,2,69.9,Intermediate,,,,,,,65.2,,67.2,,,,,,,,,,,,,,62.0,,,68.8,,,,,,,,,,,,,,59.9,,,,,,
REC03471,Administrative Officer,Economics,Training,Bachelor,5,42.3,35.9,84.7,90.4,2,74.7,Intermediate,,74.4,,,,,66.8,,65.8,,,,,,,,,,,,,,,,,,,,,,,,,,,,60.5,,,86.7,,,,,,
REC03472,Legal Officer,Agriculture,Research,Master,5,18.1,36.3,73.3,85.8,2,65.6,Intermediate,,,,,,,45.2,,,,,,,,,,,,,,,,,,,,,,67.3,,,,,56.7,,,,,,65.0,,62.4,,,,
REC03473,Statistical Officer,Artificial Intelligence,Training,PhD,7,59.7,31.6,62.2,50.5,2,52.6,Developing,,,,,,,,,48.9,,49.7,,,,,,,,,,,,,,,,,,,,,,,,62.9,,,,,,,,,,49.5,46.1
REC03474,Data Scientist,Public Policy,Data & Analytics,Bachelor,6,24.2,60.0,87.7,60.0,1,66.6,Intermediate,,,,,,,,,53.2,,62.4,,,,,,,,,,,,,,,,,,,47.5,,,,,,,,,76.9,,,,,,,53.0
REC03475,Data Scientist,Data Science,DIID,Master,4,76.9,14.5,79.9,58.7,4,63.5,Developing,,,,,,,,,56.4,,54.8,,,,,,,,,,,,,,,,,,,63.6,,,,,,,,,53.4,,,,,,,59.5
REC03476,Software Engineer,Data Science,Policy,Master,5,38.5,60.9,74.8,60.3,7,61.1,Developing,,,,,,,,,,,,,,,,,,,,,,,,57.2,,,,,,,,,,,,54.5,,,58.5,,,,61.2,55.2,,
REC03477,Data Scientist,Cybersecurity,IT,Bachelor,5,83.3,43.8,49.7,85.9,4,58.2,Developing,,,,,,,,,51.8,,60.8,,,,,,,,,,,,,,,,,,,65.9,,,,,,,,,60.1,,,,,,,60.4
REC03478,Agriculture Officer,Biotechnology,Administration,Master,15,78.3,68.6,83.5,62.4,1,71.0,Intermediate,,,72.1,,,,,,70.5,,,,,,,,,,,,69.3,,,,,,,,,,,,,,,,,,,69.5,,,,,,80.1
REC03479,HR Officer,Administration,Training,Master,5,57.2,35.5,91.1,85.9,3,77.5,Intermediate,,,,,,,88.6,,76.9,,,,,,,,,,,,,,62.4,,,68.0,,,,,,,,,,,,,,71.3,,,,,,
REC03480,Environmental Officer,Economics,Policy,Bachelor,0,43.4,16.5,59.4,68.2,6,54.4,Developing,,,,,,,,,78.0,,,,,,,,52.7,,,,55.7,,,,,,,,,,,,,,,,,,,40.8,,,,,,48.5
REC03481,HR Officer,Biotechnology,DIID,Master,0,50.0,56.8,95.3,68.7,2,74.1,Intermediate,,,,,,,75.6,,63.4,,,,,,,,,,,,,,71.7,,,71.4,,,,,,,,,,,,,,65.1,,,,,,
REC03482,Agriculture Officer,Economics,Policy,Master,1,66.1,19.9,65.0,90.2,1,64.1,Developing,,,58.7,,,,,,49.2,,,,,,,,,,,,67.2,,,,,,,,,,,,,,,,,,,56.3,,,,,,60.4
REC03483,Finance Officer,Public Policy,Administration,Master,17,60.0,60.1,89.8,80.5,4,78.2,Intermediate,79.0,,,,,,,,,,76.1,,,,,,,,85.2,65.1,,,,,,,,,,,,,,,,,,,,,,,,,,77.2
REC03484,Environmental Officer,Data Science,Statistics Division,Master,5,60.0,53.2,81.1,71.1,3,68.6,Intermediate,,,,,,,,,70.4,,,,,,,,55.9,,,,69.8,,,,,,,,,,,,,,,,,,,66.9,,,,,,61.1
REC03485,Legal Officer,Public Policy,Data & Analytics,Bachelor,11,80.1,49.8,78.1,65.9,3,67.0,Intermediate,,,,,,,64.7,,,,,,,,,,,,,,,,,,,,,,62.3,,,,,65.3,,,,,,61.7,,55.3,,,,
REC03486,Education Officer,Public Policy,IT,Master,3,71.0,41.1,66.2,56.4,6,56.0,Developing,,,,49.7,,,55.1,,54.3,,,,,,,42.7,,,,,,,,,,,,51.5,,,,,,,,,,,,,,,,,,
REC03487,Legal Officer,Education,Data & Analytics,PhD,4,66.7,47.9,71.2,65.2,2,61.0,Developing,,,,,,,53.6,,,,,,,,,,,,,,,,,,,,,,58.1,,,,,50.3,,,,,,56.7,,47.3,,,,
REC03488,Legal Officer,Administration,Data & Analytics,Bachelor,4,76.8,37.4,79.1,84.2,1,72.2,Intermediate,,,,,,,82.6,,,,,,,,,,,,,,,,,,,,,,66.5,,,,,68.2,,,,,,67.2,,74.2,,,,
REC03489,Statistical Officer,Environment,Policy,Bachelor,15,100.2,67.7,82.3,79.3,2,75.9,Intermediate,,,,,,,,,75.6,,76.1,,,,,,,,,,,,,,,,,,,,,,,,66.0,,,,,,,,,,80.2,71.1
REC03490,Database Administrator,Cybersecurity,DIID,Master,5,82.4,52.0,90.9,89.0,4,80.2,Advanced,,,,,,,,,,80.2,,79.7,,,,,,,,,,,,,,,,,,,,,,,,73.6,,,72.1,,,,75.2,,,
REC03491,HR Officer,Economics,Training,Master,4,41.7,26.6,72.0,60.3,3,58.5,Developing,,,,,,,53.7,,47.2,,,,,,,,,,,,,,55.1,,,58.1,,,,,,,,,,,,,,52.8,,,,,,
REC03492,Research Officer,Data Science,DIID,PhD,4,61.1,66.2,76.8,60.8,1,63.2,Developing,,,,,,,,,66.0,,60.3,,,,,,,,,,,,,,,,,,,,,,,,,,,,,52.0,66.3,,,,,43.1
REC03493,Software Engineer,Artificial Intelligence,Data & Analytics,Bachelor,14,91.2,36.5,88.6,77.0,4,77.0,Intermediate,,,,,,,,,,,,,,,,,,,,,,,,73.9,,,,,,,,,,,,72.6,,,85.1,,,,77.4,64.5,,
REC03494,Finance Officer,Public Policy,MoSPI,Master,6,58.5,70.0,92.2,86.9,1,79.3,Intermediate,68.7,,,,,,,,,,71.8,,,,,,,,72.4,68.9,,,,,,,,,,,,,,,,,,,,,,,,,,87.4
REC03495,AI Engineer,Computer Science,Training,Bachelor,12,51.0,63.1,90.6,46.4,4,66.6,Intermediate,,,,,,,,,,,,,75.1,,,,,,,,,,,,,,,,,55.7,,57.5,,,,,,,58.5,,,,,51.1,,
REC03496,Research Officer,Biotechnology,Statistics Division,Master,0,88.3,44.1,75.7,79.3,3,68.3,Intermediate,,,,,,,,,62.7,,60.8,,,,,,,,,,,,,,,,,,,,,,,,,,,,,69.9,57.7,,,,,60.2
REC03497,Data Analyst,Public Health,Training,Master,9,83.3,53.1,66.9,48.4,1,55.9,Developing,,,,,,,,,47.4,,50.8,,,,,,,,,,,,,,,,,,,,,,,,,,,,,,,,53.5,,50.7,51.0
REC03498,HR Officer,Statistics,Administration,Bachelor,9,63.1,67.3,76.0,63.7,5,63.9,Developing,,,,,,,53.4,,60.5,,,,,,,,,,,,,,58.1,,,57.3,,,,,,,,,,,,,,46.3,,,,,,
REC03499,Statistical Officer,Environment,Training,Bachelor,9,82.1,61.5,78.9,91.9,3,76.4,Intermediate,,,,,,,,,79.7,,67.6,,,,,,,,,,,,,,,,,,,,,,,,87.6,,,,,,,,,,74.3,80.0
REC03500,Public Health Officer,Data Science,Training,PhD,2,42.6,29.9,72.1,65.9,5,60.0,Developing,,,,,,67.6,,,51.2,,,,,,,,,55.2,,,,,,,,,,,,,,,,,,,,53.1,,47.1,,,,,,
REC03501,Economist,Education,Research,Bachelor,8,36.0,48.2,79.4,79.0,3,69.4,Intermediate,,,,,,,,,60.0,,,,,73.0,63.6,,,,,,,,,,,,,,,,,,,,,,,,,68.9,,,,,,75.2
REC03502,Agriculture Officer,Public Policy,IT,Master,1,43.5,57.8,61.2,59.6,3,54.2,Developing,,,56.9,,,,,,54.4,,,,,,,,,,,,52.5,,,,,,,,,,,,,,,,,,,55.1,,,,,,57.2
REC03503,Software Engineer,Artificial Intelligence,Training,Bachelor,8,66.1,38.0,76.9,67.0,2,65.2,Intermediate,,,,,,,,,,,,,,,,,,,,,,,,67.3,,,,,,,,,,,,55.1,,,48.9,,,,65.4,64.2,,
REC03504,Software Engineer,Computer Science,Administration,PhD,7,87.6,53.2,66.5,38.0,2,52.7,Developing,,,,,,,,,,,,,,,,,,,,,,,,57.6,,,,,,,,,,,,46.1,,,46.5,,,,40.9,50.3,,
REC03505,Education Officer,Cybersecurity,Statistics Division,Bachelor,3,52.9,48.7,75.8,63.5,4,63.6,Developing,,,,65.4,,,57.2,,63.1,,,,,,,72.2,,,,,,,,,,,,63.7,,,,,,,,,,,,,,,,,,
REC03506,Public Health Officer,Education,Training,PhD,11,86.2,54.2,85.8,64.5,1,71.9,Intermediate,,,,,,74.5,,,69.4,,,,,,,,,66.6,,,,,,,,,,,,,,,,,,,,81.3,,63.6,,,,,,
REC03507,Public Health Officer,Economics,Policy,Master,2,24.5,36.9,75.3,85.8,2,66.8,Intermediate,,,,,,55.6,,,51.1,,,,,,,,,61.8,,,,,,,,,,,,,,,,,,,,78.1,,58.3,,,,,,
REC03508,Policy Analyst,Education,DIID,Master,1,76.7,55.6,60.8,70.5,2,59.1,Developing,,,,,,,,,53.2,,,,,,,,,,,,,,,,,,,,,,,,,68.9,,,,,,60.7,72.5,,,,,49.2
REC03509,Legal Officer,Public Health,MoSPI,Bachelor,5,86.8,62.5,92.4,83.5,5,80.7,Advanced,,,,,,,82.9,,,,,,,,,,,,,,,,,,,,,,85.7,,,,,78.7,,,,,,80.2,,80.9,,,,
REC03510,Statistical Officer,Public Policy,Data & Analytics,Master,9,78.1,38.3,92.6,75.2,3,77.0,Intermediate,,,,,,,,,74.2,,71.9,,,,,,,,,,,,,,,,,,,,,,,,66.1,,,,,,,,,,71.7,83.9
REC03511,Cybersecurity Analyst,Biotechnology,Policy,Master,1,69.2,58.5,76.6,79.8,2,68.4,Intermediate,,,,,,,,65.6,68.0,,,,,,,,,,,,,,,,,,,,,,,,56.4,,,,,,59.8,,,62.0,,,,
REC03512,Administrative Officer,Economics,MoSPI,Master,9,25.8,41.5,87.5,69.1,2,69.7,Intermediate,,78.0,,,,,50.2,,63.4,,,,,,,,,,,,,,,,,,,,,,,,,,,,60.8,,,74.8,,,,,,
REC03513,Legal Officer,Education,Data & Analytics,Master,5,36.1,31.1,66.1,86.1,4,63.3,Developing,,,,,,,52.8,,,,,,,,,,,,,,,,,,,,,,64.3,,,,,70.4,,,,,,52.4,,62.4,,,,
REC03514,Data Analyst,Biotechnology,IT,PhD,0,5.0,37.8,65.4,23.8,7,42.0,Beginner,,,,,,,,,25.6,,44.5,,,,,,,,,,,,,,,,,,,,,,,,,,,,,,,,37.6,,38.4,36.1
REC03515,Administrative Officer,Agriculture,MoSPI,Bachelor,9,51.1,49.8,66.1,75.8,6,61.9,Developing,,62.4,,,,,52.3,,49.5,,,,,,,,,,,,,,,,,,,,,,,,,,,,56.2,,,66.0,,,,,,
REC03516,Education Officer,Economics,Statistics Division,Bachelor,8,66.6,56.6,85.0,75.6,3,72.1,Intermediate,,,,52.5,,,70.8,,57.6,,,,,,,67.4,,,,,,,,,,,,71.7,,,,,,,,,,,,,,,,,,
REC03517,Research Officer,Education,MoSPI,Bachelor,6,34.4,67.2,48.8,73.9,3,52.2,Developing,,,,,,,,,51.4,,66.1,,,,,,,,,,,,,,,,,,,,,,,,,,,,,51.0,53.9,,,,,40.0
REC03518,Agriculture Officer,Cybersecurity,DIID,Master,8,42.8,58.3,57.2,62.9,2,53.8,Developing,,,50.2,,,,,,48.1,,,,,,,,,,,,46.4,,,,,,,,,,,,,,,,,,,64.5,,,,,,56.9
REC03519,Public Health Officer,Artificial Intelligence,IT,PhD,2,5.0,44.2,79.9,92.2,4,70.6,Intermediate,,,,,,64.4,,,62.2,,,,,,,,,76.9,,,,,,,,,,,,,,,,,,,,60.4,,70.4,,,,,,
REC03520,Policy Analyst,Education,Administration,Master,6,72.0,51.0,50.9,74.8,1,54.3,Developing,,,,,,,,,48.7,,,,,,,,,,,,,,,,,,,,,,,,,51.4,,,,,,44.2,58.4,,,,,46.8
REC03521,Research Officer,Statistics,Policy,Bachelor,11,44.2,33.2,56.4,62.6,4,53.0,Developing,,,,,,,,,48.5,,48.0,,,,,,,,,,,,,,,,,,,,,,,,,,,,,52.7,46.9,,,,,66.5
REC03522,Cybersecurity Analyst,Education,DIID,Bachelor,5,96.9,61.4,93.5,78.6,1,79.2,Intermediate,,,,,,,,70.4,73.5,,,,,,,,,,,,,,,,,,,,,,,,67.6,,,,,,76.0,,,80.2,,,,
REC03523,Education Officer,Economics,Data & Analytics,Master,6,69.7,46.7,63.7,58.1,2,56.6,Developing,,,,55.4,,,60.1,,57.8,,,,,,,58.1,,,,,,,,,,,,50.4,,,,,,,,,,,,,,,,,,
REC03524,Software Engineer,Cybersecurity,Data & Analytics,Master,4,84.4,48.3,78.2,78.5,1,69.7,Intermediate,,,,,,,,,,,,,,,,,,,,,,,,65.8,,,,,,,,,,,,53.8,,,56.8,,,,67.8,69.6,,
REC03525,Policy Analyst,Finance,Policy,Bachelor,4,18.6,38.3,99.3,68.8,5,73.3,Intermediate,,,,,,,,,50.2,,,,,,,,,,,,,,,,,,,,,,,,,62.6,,,,,,72.4,55.8,,,,,64.8
REC03526,Policy Analyst,Public Policy,Data & Analytics,Master,3,26.1,9.6,88.3,74.9,2,69.9,Intermediate,,,,,,,,,69.8,,,,,,,,,,,,,,,,,,,,,,,,,58.1,,,,,,60.5,68.5,,,,,66.8
REC03527,Research Officer,Public Policy,Training,Bachelor,0,52.9,39.7,65.7,75.4,5,60.1,Developing,,,,,,,,,63.5,,54.8,,,,,,,,,,,,,,,,,,,,,,,,,,,,,51.9,50.4,,,,,55.6
REC03528,Data Analyst,Administration,IT,Bachelor,8,97.2,81.3,78.4,74.5,4,71.7,Intermediate,,,,,,,,,72.7,,71.6,,,,,,,,,,,,,,,,,,,,,,,,,,,,,,,,81.0,,65.3,60.0
REC03529,Finance Officer,Environment,Statistics Division,Master,6,78.1,61.5,70.0,79.5,1,67.5,Intermediate,68.0,,,,,,,,,,76.5,,,,,,,,70.7,61.6,,,,,,,,,,,,,,,,,,,,,,,,,,69.6
REC03530,Legal Officer,Public Health,Statistics Division,PhD,5,84.7,51.0,69.0,71.5,7,64.0,Developing,,,,,,,64.9,,,,,,,,,,,,,,,,,,,,,,58.5,,,,,63.0,,,,,,72.5,,55.5,,,,
REC03531,AI Engineer,Artificial Intelligence,IT,PhD,2,107.8,44.4,73.6,100.0,3,74.3,Intermediate,,,,,,,,,,,,,63.3,,,,,,,,,,,,,,,,,51.0,,83.5,,,,,,,75.5,,,,,60.3,,
REC03532,Database Administrator,Cybersecurity,Administration,Master,6,66.8,52.8,85.4,67.1,3,69.9,Intermediate,,,,,,,,,,64.2,,58.9,,,,,,,,,,,,,,,,,,,,,,,,59.5,,,74.2,,,,66.1,,,
REC03533,Education Officer,Administration,Administration,PhD,9,112.5,50.8,81.7,95.3,4,79.1,Intermediate,,,,70.8,,,75.5,,70.0,,,,,,,83.0,,,,,,,,,,,,73.5,,,,,,,,,,,,,,,,,,
REC03534,Research Officer,Public Health,Research,PhD,12,87.3,53.6,87.7,54.0,3,68.7,Intermediate,,,,,,,,,65.5,,61.9,,,,,,,,,,,,,,,,,,,,,,,,,,,,,60.3,48.1,,,,,68.3
REC03535,Agriculture Officer,Statistics,Training,Master,8,46.1,52.0,80.7,71.3,6,68.1,Intermediate,,,59.1,,,,,,64.4,,,,,,,,,,,,73.4,,,,,,,,,,,,,,,,,,,62.0,,,,,,63.6
REC03536,Research Officer,Economics,IT,Master,2,30.2,34.9,81.3,58.9,4,62.1,Developing,,,,,,,,,48.3,,52.3,,,,,,,,,,,,,,,,,,,,,,,,,,,,,53.7,53.7,,,,,69.9
REC03537,Research Officer,Biotechnology,Research,Bachelor,7,90.2,41.7,79.3,78.0,5,71.0,Intermediate,,,,,,,,,82.7,,60.8,,,,,,,,,,,,,,,,,,,,,,,,,,,,,61.0,48.9,,,,,75.5
REC03538,Data Scientist,Artificial Intelligence,Administration,Bachelor,17,68.4,37.5,58.8,72.3,2,60.2,Developing,,,,,,,,,58.9,,70.8,,,,,,,,,,,,,,,,,,,64.2,,,,,,,,,62.9,,,,,,,64.5
REC03539,Research Officer,Artificial Intelligence,Statistics Division,Bachelor,3,62.8,40.9,82.1,69.4,4,67.8,Intermediate,,,,,,,,,58.1,,56.1,,,,,,,,,,,,,,,,,,,,,,,,,,,,,65.0,66.4,,,,,65.3
REC03540,Policy Analyst,Administration,DIID,Master,7,14.7,46.6,65.6,70.6,3,57.7,Developing,,,,,,,,,53.5,,,,,,,,,,,,,,,,,,,,,,,,,51.4,,,,,,55.5,44.1,,,,,59.7
REC03541,Economist,Artificial Intelligence,Data & Analytics,Master,12,83.0,55.1,71.0,77.9,4,67.7,Intermediate,,,,,,,,,69.2,,,,,60.3,59.0,,,,,,,,,,,,,,,,,,,,,,,,,70.8,,,,,,66.6
REC03542,Biotechnology Faculty,Agriculture,Policy,Master,9,105.3,36.6,83.0,82.3,1,75.0,Intermediate,,,,,53.9,,,,69.8,,,,,,,,,,,,,71.1,,,73.2,,,,,,79.2,,,,,,,,,,,,,,,
REC03543,Economist,Artificial Intelligence,MoSPI,Bachelor,5,54.5,37.9,56.7,78.8,3,57.5,Developing,,,,,,,,,56.7,,,,,60.2,37.2,,,,,,,,,,,,,,,,,,,,,,,,,67.2,,,,,,54.0
REC03544,Project Manager,Public Health,MoSPI,PhD,7,65.7,48.2,69.7,93.7,1,69.7,Intermediate,,,,,,,59.0,,68.2,,,,,,,,,,,,,,,,,,77.0,,,,,,,,,63.5,64.2,,,,,,,,,
REC03545,Biotechnology Faculty,Artificial Intelligence,Data & Analytics,Bachelor,0,38.2,9.3,74.5,97.2,2,69.0,Intermediate,,,,,62.5,,,,55.6,,,,,,,,,,,,,70.7,,,60.6,,,,,,59.9,,,,,,,,,,,,,,,
REC03546,Finance Officer,Data Science,MoSPI,Bachelor,11,40.7,63.4,78.7,63.4,3,65.4,Intermediate,63.8,,,,,,,,,,64.0,,,,,,,,62.5,68.5,,,,,,,,,,,,,,,,,,,,,,,,,,56.4
REC03547,Project Manager,Data Science,Data & Analytics,Bachelor,0,5.0,32.6,64.4,58.4,3,50.9,Developing,,,,,,,29.2,,48.8,,,,,,,,,,,,,,,,,,35.3,,,,,,,,,51.0,45.2,,,,,,,,,
REC03548,Database Administrator,Cybersecurity,Policy,PhD,8,68.6,44.6,62.1,85.3,2,63.6,Developing,,,,,,,,,,66.0,,54.2,,,,,,,,,,,,,,,,,,,,,,,,70.9,,,59.4,,,,57.2,,,
REC03549,Agriculture Officer,Finance,Data & Analytics,PhD,5,25.3,29.6,63.9,31.1,5,45.2,Beginner,,,41.7,,,,,,39.3,,,,,,,,,,,,41.9,,,,,,,,,,,,,,,,,,,41.1,,,,,,43.0
REC03550,HR Officer,Data Science,Research,PhD,0,20.6,21.3,70.5,75.7,3,60.4,Developing,,,,,,,42.4,,55.2,,,,,,,,,,,,,,63.5,,,52.9,,,,,,,,,,,,,,61.3,,,,,,
REC03551,Finance Officer,Finance,IT,Master,9,83.9,52.1,63.9,88.3,3,66.5,Intermediate,65.6,,,,,,,,,,63.6,,,,,,,,67.3,59.1,,,,,,,,,,,,,,,,,,,,,,,,,,61.4
REC03552,Research Officer,Public Policy,Research,Bachelor,5,94.0,69.4,86.4,83.9,5,76.6,Intermediate,,,,,,,,,67.8,,61.7,,,,,,,,,,,,,,,,,,,,,,,,,,,,,75.1,79.4,,,,,57.3
REC03553,Statistical Officer,Finance,Research,Master,5,42.1,34.8,47.9,66.2,6,49.2,Beginner,,,,,,,,,57.9,,36.1,,,,,,,,,,,,,,,,,,,,,,,,55.1,,,,,,,,,,43.9,64.1
REC03554,Legal Officer,Public Policy,IT,PhD,9,55.7,16.0,96.7,83.8,4,79.7,Intermediate,,,,,,,75.3,,,,,,,,,,,,,,,,,,,,,,75.4,,,,,69.1,,,,,,85.0,,70.5,,,,
REC03555,Finance Officer,Public Policy,DIID,Master,17,68.2,28.9,74.4,50.6,2,60.5,Developing,64.9,,,,,,,,,,49.2,,,,,,,,54.5,65.4,,,,,,,,,,,,,,,,,,,,,,,,,,53.3
REC03556,Legal Officer,Environment,DIID,Bachelor,11,46.3,36.5,86.2,48.7,1,64.8,Developing,,,,,,,56.2,,,,,,,,,,,,,,,,,,,,,,72.5,,,,,63.3,,,,,,72.3,,55.4,,,,
REC03557,Administrative Officer,Artificial Intelligence,Policy,Master,0,7.3,12.5,87.3,61.0,3,62.7,Developing,,43.0,,,,,67.3,,36.7,,,,,,,,,,,,,,,,,,,,,,,,,,,,56.7,,,47.8,,,,,,
REC03558,Data Analyst,Cybersecurity,Statistics Division,PhD,1,62.8,30.2,76.3,68.7,6,64.2,Developing,,,,,,,,,67.9,,61.4,,,,,,,,,,,,,,,,,,,,,,,,,,,,,,,,54.3,,49.4,68.1
REC03559,Software Engineer,Data Science,Training,Bachelor,4,47.3,52.4,68.0,60.6,2,57.9,Developing,,,,,,,,,,,,,,,,,,,,,,,,56.0,,,,,,,,,,,,65.1,,,53.1,,,,54.6,46.6,,
REC03560,Finance Officer,Economics,Data & Analytics,Bachelor,9,86.8,37.5,87.8,93.5,4,79.7,Intermediate,80.0,,,,,,,,,,75.7,,,,,,,,78.7,65.5,,,,,,,,,,,,,,,,,,,,,,,,,,63.5
REC03561,Finance Officer,Agriculture,Policy,PhD,4,41.5,46.0,89.7,71.7,1,72.0,Intermediate,68.1,,,,,,,,,,48.6,,,,,,,,74.4,69.7,,,,,,,,,,,,,,,,,,,,,,,,,,81.5
REC03562,Data Scientist,Public Health,Administration,Master,2,50.7,29.1,92.0,59.0,2,68.8,Intermediate,,,,,,,,,63.3,,60.1,,,,,,,,,,,,,,,,,,,65.7,,,,,,,,,64.1,,,,,,,61.0
REC03563,Administrative Officer,Biotechnology,Administration,Master,4,65.3,42.4,58.7,83.2,6,59.9,Developing,,63.2,,,,,43.5,,61.9,,,,,,,,,,,,,,,,,,,,,,,,,,,,46.8,,,60.4,,,,,,
REC03564,Data Analyst,Public Health,DIID,Bachelor,8,97.7,66.8,75.7,63.0,4,66.4,Intermediate,,,,,,,,,61.9,,75.0,,,,,,,,,,,,,,,,,,,,,,,,,,,,,,,,48.0,,55.7,77.8
REC03565,Biotechnology Faculty,Artificial Intelligence,Administration,Bachelor,4,32.5,43.4,74.6,80.0,1,66.0,Intermediate,,,,,60.3,,,,66.6,,,,,,,,,,,,,56.4,,,58.2,,,,,,70.4,,,,,,,,,,,,,,,
REC03566,Education Officer,Administration,IT,Master,11,31.8,28.3,73.5,63.0,1,61.1,Developing,,,,51.4,,,52.9,,66.0,,,,,,,63.5,,,,,,,,,,,,61.3,,,,,,,,,,,,,,,,,,
REC03567,Finance Officer,Finance,IT,Bachelor,10,69.7,37.1,92.1,82.2,5,79.4,Intermediate,83.3,,,,,,,,,,83.7,,,,,,,,90.7,78.1,,,,,,,,,,,,,,,,,,,,,,,,,,71.9
REC03568,Research Officer,Cybersecurity,Administration,Bachelor,13,53.3,30.4,62.5,72.2,1,60.0,Developing,,,,,,,,,66.4,,68.4,,,,,,,,,,,,,,,,,,,,,,,,,,,,,54.8,67.6,,,,,48.4
REC03569,Public Health Officer,Data Science,DIID,Bachelor,12,61.6,42.8,85.4,73.8,2,72.5,Intermediate,,,,,,62.2,,,69.8,,,,,,,,,80.0,,,,,,,,,,,,,,,,,,,,74.0,,60.4,,,,,,
REC03570,HR Officer,Economics,Training,Master,14,89.7,53.6,89.8,42.8,5,68.2,Intermediate,,,,,,,64.5,,73.6,,,,,,,,,,,,,,70.5,,,57.1,,,,,,,,,,,,,,71.9,,,,,,
REC03571,Data Analyst,Artificial Intelligence,MoSPI,Master,10,70.9,21.2,75.5,75.6,6,66.8,Intermediate,,,,,,,,,63.5,,59.5,,,,,,,,,,,,,,,,,,,,,,,,,,,,,,,,53.5,,62.1,63.6
REC03572,Project Manager,Environment,Administration,Bachelor,13,116.4,52.9,100.0,81.5,1,85.6,Advanced,,,,,,,76.2,,91.6,,,,,,,,,,,,,,,,,,78.2,,,,,,,,,74.2,84.3,,,,,,,,,
REC03573,Biotechnology Faculty,Public Health,Statistics Division,Bachelor,5,33.2,4.2,72.7,74.1,1,61.8,Developing,,,,,44.0,,,,68.7,,,,,,,,,,,,,52.7,,,48.9,,,,,,64.2,,,,,,,,,,,,,,,
REC03574,Legal Officer,Cybersecurity,Data & Analytics,Master,0,47.9,23.4,77.2,100.0,1,71.7,Intermediate,,,,,,,70.1,,,,,,,,,,,,,,,,,,,,,,63.4,,,,,52.0,,,,,,62.1,,59.1,,,,
REC03575,Public Health Officer,Environment,Training,Master,14,49.0,73.1,57.5,87.1,4,62.6,Developing,,,,,,58.6,,,67.5,,,,,,,,,58.1,,,,,,,,,,,,,,,,,,,,54.6,,70.7,,,,,,
REC03576,Legal Officer,Economics,DIID,Master,3,28.2,35.0,80.6,67.9,4,64.6,Developing,,,,,,,57.7,,,,,,,,,,,,,,,,,,,,,,67.4,,,,,53.9,,,,,,48.7,,68.2,,,,
REC03577,Biotechnology Faculty,Data Science,DIID,PhD,8,39.7,59.7,90.6,99.2,3,82.2,Advanced,,,,,97.3,,,,60.9,,,,,,,,,,,,,86.5,,,79.1,,,,,,91.4,,,,,,,,,,,,,,,
REC03578,Environmental Officer,Finance,Administration,Master,7,47.1,74.1,65.1,65.1,1,58.8,Developing,,,,,,,,,54.5,,,,,,,,70.8,,,,42.1,,,,,,,,,,,,,,,,,,,53.4,,,,,,62.6
REC03579,Agriculture Officer,Administration,Statistics Division,PhD,4,60.2,17.9,74.3,64.6,4,61.8,Developing,,,60.4,,,,,,50.5,,,,,,,,,,,,65.4,,,,,,,,,,,,,,,,,,,54.9,,,,,,57.1
REC03580,Legal Officer,Economics,Administration,Master,6,15.6,33.7,100.0,76.8,3,77.4,Intermediate,,,,,,,76.5,,,,,,,,,,,,,,,,,,,,,,68.9,,,,,74.6,,,,,,65.8,,79.7,,,,
REC03581,AI Engineer,Data Science,Statistics Division,Master,16,85.9,66.6,70.9,77.4,1,69.3,Intermediate,,,,,,,,,,,,,68.0,,,,,,,,,,,,,,,,,72.6,,63.0,,,,,,,71.8,,,,,80.0,,
REC03582,Project Manager,Public Policy,DIID,Master,3,49.5,46.9,85.1,60.7,1,66.6,Intermediate,,,,,,,54.3,,58.9,,,,,,,,,,,,,,,,,,67.8,,,,,,,,,69.9,63.8,,,,,,,,,
REC03583,Environmental Officer,Finance,MoSPI,Master,0,6.4,58.6,69.7,46.1,3,51.3,Developing,,,,,,,,,53.8,,,,,,,,47.3,,,,36.5,,,,,,,,,,,,,,,,,,,41.2,,,,,,42.5
REC03584,Cybersecurity Analyst,Artificial Intelligence,IT,Master,12,39.5,92.1,71.6,71.2,3,65.2,Intermediate,,,,,,,,68.3,62.5,,,,,,,,,,,,,,,,,,,,,,,,58.3,,,,,,65.2,,,69.3,,,,
REC03585,Database Administrator,Artificial Intelligence,IT,Master,3,42.4,41.0,86.0,75.9,3,70.2,Intermediate,,,,,,,,,,66.7,,67.3,,,,,,,,,,,,,,,,,,,,,,,,59.2,,,63.8,,,,52.5,,,
REC03586,Policy Analyst,Cybersecurity,Data & Analytics,Master,11,48.7,51.8,85.9,69.1,1,70.6,Intermediate,,,,,,,,,70.3,,,,,,,,,,,,,,,,,,,,,,,,,68.2,,,,,,63.8,62.0,,,,,67.5
REC03587,Public Health Officer,Artificial Intelligence,Administration,Master,4,34.5,49.6,67.7,58.4,1,55.8,Developing,,,,,,51.8,,,43.4,,,,,,,,,45.6,,,,,,,,,,,,,,,,,,,,47.2,,62.7,,,,,,
REC03588,Education Officer,Administration,Training,Master,18,69.8,35.9,57.0,80.3,2,61.5,Developing,,,,66.0,,,61.9,,52.1,,,,,,,71.5,,,,,,,,,,,,68.1,,,,,,,,,,,,,,,,,,
REC03589,Economist,Cybersecurity,Research,Master,15,87.7,38.5,76.1,79.4,5,70.7,Intermediate,,,,,,,,,79.2,,,,,64.0,58.8,,,,,,,,,,,,,,,,,,,,,,,,,58.2,,,,,,71.5
REC03590,Statistical Officer,Data Science,Research,Master,4,12.9,21.6,71.9,48.1,1,52.9,Developing,,,,,,,,,37.7,,45.6,,,,,,,,,,,,,,,,,,,,,,,,40.4,,,,,,,,,,49.4,57.5
REC03591,Cybersecurity Analyst,Public Health,Statistics Division,Bachelor,12,106.2,56.9,69.8,75.9,2,68.0,Intermediate,,,,,,,,70.8,69.6,,,,,,,,,,,,,,,,,,,,,,,,62.8,,,,,,67.8,,,64.5,,,,
REC03592,Software Engineer,Cybersecurity,DIID,PhD,2,5.0,27.9,79.4,70.0,3,62.8,Developing,,,,,,,,,,,,,,,,,,,,,,,,52.7,,,,,,,,,,,,52.4,,,60.0,,,,62.8,52.7,,
REC03593,Data Analyst,Cybersecurity,Administration,PhD,12,88.5,61.1,80.4,85.5,1,75.1,Intermediate,,,,,,,,,70.4,,70.7,,,,,,,,,,,,,,,,,,,,,,,,,,,,,,,,71.3,,69.4,73.2
REC03594,Research Officer,Cybersecurity,Statistics Division,Bachelor,14,75.6,38.3,55.3,100.0,7,66.6,Intermediate,,,,,,,,,64.9,,66.0,,,,,,,,,,,,,,,,,,,,,,,,,,,,,89.9,72.6,,,,,64.5
REC03595,Statistical Officer,Public Health,MoSPI,Bachelor,4,76.7,36.6,94.1,86.1,2,79.8,Intermediate,,,,,,,,,86.5,,70.2,,,,,,,,,,,,,,,,,,,,,,,,66.6,,,,,,,,,,79.2,67.4
REC03596,Database Administrator,Computer Science,Research,Master,7,90.9,45.3,65.9,81.8,3,65.7,Intermediate,,,,,,,,,,63.9,,57.8,,,,,,,,,,,,,,,,,,,,,,,,65.3,,,68.8,,,,65.8,,,
REC03597,Data Analyst,Statistics,MoSPI,Master,0,38.5,35.0,54.4,39.2,2,42.6,Beginner,,,,,,,,,32.9,,39.9,,,,,,,,,,,,,,,,,,,,,,,,,,,,,,,,32.3,,35.3,51.3
REC03598,Administrative Officer,Artificial Intelligence,Research,Bachelor,7,43.9,69.9,75.7,65.0,1,64.4,Developing,,62.7,,,,,71.0,,61.7,,,,,,,,,,,,,,,,,,,,,,,,,,,,63.0,,,58.5,,,,,,
REC03599,Biotechnology Faculty,Public Policy,Data & Analytics,Master,12,74.0,49.8,90.3,41.4,5,66.4,Intermediate,,,,,53.0,,,,68.7,,,,,,,,,,,,,58.3,,,77.5,,,,,,56.3,,,,,,,,,,,,,,,
REC03600,Policy Analyst,Education,Policy,Master,4,36.1,59.7,55.0,64.4,2,51.6,Developing,,,,,,,,,52.1,,,,,,,,,,,,,,,,,,,,,,,,,47.8,,,,,,47.8,35.6,,,,,55.9
REC03601,Agriculture Officer,Biotechnology,Administration,Master,14,68.4,29.3,65.1,76.1,1,62.4,Developing,,,52.9,,,,,,52.1,,,,,,,,,,,,63.0,,,,,,,,,,,,,,,,,,,50.9,,,,,,69.8
REC03602,Cybersecurity Analyst,Agriculture,Policy,Master,3,25.7,52.5,71.7,95.9,1,69.5,Intermediate,,,,,,,,73.3,61.2,,,,,,,,,,,,,,,,,,,,,,,,72.5,,,,,,67.7,,,72.4,,,,
REC03603,Economist,Environment,Data & Analytics,Master,10,43.3,23.3,71.4,99.5,3,70.1,Intermediate,,,,,,,,,48.2,,,,,59.0,59.4,,,,,,,,,,,,,,,,,,,,,,,,,69.9,,,,,,76.7
REC03604,Project Manager,Administration,Data & Analytics,Bachelor,0,46.5,41.7,75.1,89.1,7,68.8,Intermediate,,,,,,,55.2,,58.8,,,,,,,,,,,,,,,,,,66.7,,,,,,,,,73.0,66.1,,,,,,,,,
REC03605,AI Engineer,Cybersecurity,Administration,Master,8,87.4,53.2,79.5,82.1,3,71.8,Intermediate,,,,,,,,,,,,,63.5,,,,,,,,,,,,,,,,,73.9,,61.7,,,,,,,51.7,,,,,61.0,,
REC03606,Administrative Officer,Agriculture,Policy,Master,18,99.1,53.8,80.9,84.0,3,77.1,Intermediate,,76.0,,,,,83.2,,80.2,,,,,,,,,,,,,,,,,,,,,,,,,,,,76.0,,,77.6,,,,,,
REC03607,Database Administrator,Artificial Intelligence,Research,PhD,5,66.1,46.8,91.3,78.4,4,75.8,Intermediate,,,,,,,,,,75.5,,57.7,,,,,,,,,,,,,,,,,,,,,,,,69.3,,,72.3,,,,71.8,,,
REC03608,Agriculture Officer,Artificial Intelligence,Training,Master,10,108.1,61.3,80.6,85.3,3,76.9,Intermediate,,,74.4,,,,,,82.2,,,,,,,,,,,,86.7,,,,,,,,,,,,,,,,,,,69.6,,,,,,78.6
REC03609,Agriculture Officer,Public Policy,MoSPI,Bachelor,6,75.4,46.3,93.3,88.2,3,80.6,Advanced,,,81.9,,,,,,75.5,,,,,,,,,,,,71.7,,,,,,,,,,,,,,,,,,,76.4,,,,,,71.2
REC03610,Cybersecurity Analyst,Statistics,Data & Analytics,PhD,3,52.8,45.7,56.9,68.6,5,54.4,Developing,,,,,,,,52.4,47.7,,,,,,,,,,,,,,,,,,,,,,,,42.3,,,,,,55.5,,,62.2,,,,
REC03611,AI Engineer,Data Science,Training,PhD,7,56.8,14.7,72.9,75.9,3,65.4,Intermediate,,,,,,,,,,,,,53.0,,,,,,,,,,,,,,,,,68.6,,77.2,,,,,,,69.6,,,,,61.6,,
REC03612,Research Officer,Public Policy,MoSPI,Master,9,39.1,52.3,70.4,78.0,1,64.6,Developing,,,,,,,,,70.3,,58.5,,,,,,,,,,,,,,,,,,,,,,,,,,,,,60.5,58.0,,,,,63.2
REC03613,Biotechnology Faculty,Cybersecurity,Administration,Bachelor,0,38.2,35.5,100.0,63.0,3,73.8,Intermediate,,,,,69.2,,,,71.2,,,,,,,,,,,,,84.2,,,67.1,,,,,,57.5,,,,,,,,,,,,,,,
REC03614,Cybersecurity Analyst,Economics,DIID,Bachelor,1,16.7,51.4,79.2,85.0,2,68.4,Intermediate,,,,,,,,67.3,59.9,,,,,,,,,,,,,,,,,,,,,,,,63.4,,,,,,51.1,,,69.7,,,,
REC03615,Data Analyst,Education,MoSPI,Bachelor,1,5.0,45.5,79.4,77.0,4,65.3,Intermediate,,,,,,,,,52.1,,60.7,,,,,,,,,,,,,,,,,,,,,,,,,,,,,,,,67.4,,61.8,53.0
REC03616,Public Health Officer,Economics,Statistics Division,Bachelor,12,62.2,60.3,88.1,88.4,3,77.5,Intermediate,,,,,,62.1,,,73.0,,,,,,,,,72.0,,,,,,,,,,,,,,,,,,,,70.1,,57.2,,,,,,
REC03617,Biotechnology Faculty,Agriculture,DIID,Master,10,74.1,31.3,94.6,68.9,2,75.7,Intermediate,,,,,72.2,,,,65.6,,,,,,,,,,,,,74.1,,,75.4,,,,,,69.1,,,,,,,,,,,,,,,
REC03618,Public Health Officer,Data Science,Research,PhD,11,63.3,38.1,95.6,73.7,4,78.0,Intermediate,,,,,,83.8,,,65.9,,,,,,,,,76.2,,,,,,,,,,,,,,,,,,,,81.0,,74.6,,,,,,
REC03619,Research Officer,Agriculture,Data & Analytics,Bachelor,0,70.4,13.3,47.3,84.0,2,52.9,Developing,,,,,,,,,42.9,,48.9,,,,,,,,,,,,,,,,,,,,,,,,,,,,,47.9,52.6,,,,,48.4
REC03620,Finance Officer,Statistics,IT,Bachelor,3,45.6,31.8,74.5,78.1,3,66.3,Intermediate,74.7,,,,,,,,,,52.0,,,,,,,,75.2,66.0,,,,,,,,,,,,,,,,,,,,,,,,,,68.9
REC03621,Administrative Officer,Cybersecurity,Statistics Division,Master,8,53.8,19.2,40.2,96.3,1,54.3,Developing,,52.8,,,,,51.5,,54.4,,,,,,,,,,,,,,,,,,,,,,,,,,,,59.6,,,57.5,,,,,,
REC03622,Cybersecurity Analyst,Administration,Administration,Bachelor,0,39.0,38.3,59.3,61.5,5,53.1,Developing,,,,,,,,56.0,64.6,,,,,,,,,,,,,,,,,,,,,,,,56.4,,,,,,48.7,,,53.4,,,,
REC03623,Statistical Officer,Environment,Research,Master,13,57.3,41.4,66.8,77.3,4,63.5,Developing,,,,,,,,,53.9,,63.1,,,,,,,,,,,,,,,,,,,,,,,,62.1,,,,,,,,,,63.9,57.2
REC03624,Legal Officer,Agriculture,Training,Bachelor,6,47.1,56.1,80.0,73.6,4,68.5,Intermediate,,,,,,,80.0,,,,,,,,,,,,,,,,,,,,,,56.6,,,,,69.0,,,,,,66.0,,58.8,,,,
REC03625,HR Officer,Economics,Statistics Division,Master,5,70.9,67.1,53.2,78.5,2,58.5,Developing,,,,,,,59.2,,66.6,,,,,,,,,,,,,,66.8,,,64.2,,,,,,,,,,,,,,58.8,,,,,,
REC03626,Cybersecurity Analyst,Agriculture,IT,Bachelor,0,14.1,23.9,72.0,73.8,3,60.6,Developing,,,,,,,,57.9,60.1,,,,,,,,,,,,,,,,,,,,,,,,51.3,,,,,,56.7,,,58.3,,,,
REC03627,Legal Officer,Cybersecurity,Administration,PhD,6,43.7,64.0,72.1,77.5,2,65.9,Intermediate,,,,,,,63.4,,,,,,,,,,,,,,,,,,,,,,71.7,,,,,68.9,,,,,,71.8,,50.5,,,,
REC03628,Database Administrator,Data Science,Administration,Bachelor,10,69.3,72.7,78.1,71.0,1,69.8,Intermediate,,,,,,,,,,65.5,,63.7,,,,,,,,,,,,,,,,,,,,,,,,79.6,,,73.8,,,,77.8,,,
REC03629,Public Health Officer,Statistics,Policy,Master,8,89.2,55.1,64.2,70.1,2,62.4,Developing,,,,,,70.2,,,69.7,,,,,,,,,60.4,,,,,,,,,,,,,,,,,,,,62.4,,60.8,,,,,,
REC03630,Database Administrator,Cybersecurity,Administration,Bachelor,7,63.5,46.1,87.8,57.0,5,67.7,Intermediate,,,,,,,,,,58.2,,57.2,,,,,,,,,,,,,,,,,,,,,,,,67.7,,,59.8,,,,60.8,,,
REC03631,Cybersecurity Analyst,Computer Science,IT,Master,9,80.4,68.7,84.5,38.6,3,63.2,Developing,,,,,,,,62.3,63.5,,,,,,,,,,,,,,,,,,,,,,,,65.4,,,,,,50.7,,,63.7,,,,
REC03632,Environmental Officer,Education,Administration,Master,6,41.6,39.2,88.3,74.0,4,71.6,Intermediate,,,,,,,,,53.8,,,,,,,,74.0,,,,69.6,,,,,,,,,,,,,,,,,,,69.0,,,,,,61.4
REC03633,Agriculture Officer,Economics,Data & Analytics,Bachelor,1,49.8,47.3,100.0,100.0,5,85.9,Advanced,,,83.9,,,,,,81.6,,,,,,,,,,,,86.3,,,,,,,,,,,,,,,,,,,77.3,,,,,,84.3
REC03634,Statistical Officer,Artificial Intelligence,Data & Analytics,PhD,15,72.9,42.8,84.5,96.1,1,79.5,Intermediate,,,,,,,,,71.7,,81.6,,,,,,,,,,,,,,,,,,,,,,,,82.8,,,,,,,,,,66.8,73.8
REC03635,Data Scientist,Public Policy,MoSPI,PhD,6,78.3,39.5,71.6,69.0,4,63.8,Developing,,,,,,,,,54.0,,63.5,,,,,,,,,,,,,,,,,,,68.4,,,,,,,,,59.4,,,,,,,60.6
REC03636,HR Officer,Agriculture,Data & Analytics,PhD,5,66.6,48.3,58.3,92.7,2,63.5,Developing,,,,,,,61.9,,70.1,,,,,,,,,,,,,,61.8,,,63.2,,,,,,,,,,,,,,53.5,,,,,,
REC03637,Research Officer,Statistics,Training,Master,10,38.9,35.1,100.0,69.3,1,75.9,Intermediate,,,,,,,,,63.6,,67.9,,,,,,,,,,,,,,,,,,,,,,,,,,,,,67.0,59.0,,,,,67.0
REC03638,Economist,Public Health,Policy,Master,4,38.2,29.2,71.1,90.8,2,67.4,Intermediate,,,,,,,,,59.8,,,,,61.1,58.0,,,,,,,,,,,,,,,,,,,,,,,,,74.1,,,,,,72.3
REC03639,Database Administrator,Artificial Intelligence,MoSPI,Bachelor,4,10.5,48.7,84.4,69.3,3,66.4,Intermediate,,,,,,,,,,62.6,,65.0,,,,,,,,,,,,,,,,,,,,,,,,59.2,,,55.1,,,,56.7,,,
REC03640,Cybersecurity Analyst,Biotechnology,Research,Bachelor,16,72.7,39.1,75.8,74.8,1,69.2,Intermediate,,,,,,,,77.9,62.5,,,,,,,,,,,,,,,,,,,,,,,,64.0,,,,,,70.2,,,67.9,,,,
REC03641,Data Analyst,Artificial Intelligence,Statistics Division,Master,2,45.8,20.9,58.7,43.0,4,46.7,Beginner,,,,,,,,,57.1,,39.5,,,,,,,,,,,,,,,,,,,,,,,,,,,,,,,,44.8,,40.7,41.6
REC03642,Database Administrator,Data Science,Data & Analytics,Master,6,36.5,10.4,80.9,92.5,4,72.3,Intermediate,,,,,,,,,,66.3,,73.3,,,,,,,,,,,,,,,,,,,,,,,,62.8,,,69.2,,,,68.4,,,
REC03643,Legal Officer,Environment,Administration,PhD,5,18.6,55.6,59.6,86.2,4,59.6,Developing,,,,,,,60.8,,,,,,,,,,,,,,,,,,,,,,63.1,,,,,48.9,,,,,,56.0,,53.2,,,,
REC03644,Administrative Officer,Statistics,Research,Bachelor,6,58.6,44.5,98.4,43.9,2,68.9,Intermediate,,69.7,,,,,60.4,,55.2,,,,,,,,,,,,,,,,,,,,,,,,,,,,54.9,,,67.8,,,,,,
REC03645,Environmental Officer,Artificial Intelligence,IT,Bachelor,0,87.3,50.2,69.6,80.5,2,65.2,Intermediate,,,,,,,,,57.6,,,,,,,,70.7,,,,55.0,,,,,,,,,,,,,,,,,,,55.2,,,,,,47.8
REC03646,Legal Officer,Public Policy,IT,Master,7,19.5,33.1,77.7,69.7,3,63.2,Developing,,,,,,,50.2,,,,,,,,,,,,,,,,,,,,,,64.9,,,,,52.3,,,,,,45.9,,61.0,,,,
REC03647,Policy Analyst,Cybersecurity,MoSPI,PhD,1,88.5,57.4,89.3,92.7,4,80.3,Advanced,,,,,,,,,73.3,,,,,,,,,,,,,,,,,,,,,,,,,74.5,,,,,,73.8,78.7,,,,,80.9
REC03648,HR Officer,Cybersecurity,Training,PhD,13,113.7,67.2,77.6,97.6,6,79.3,Intermediate,,,,,,,71.9,,76.1,,,,,,,,,,,,,,82.3,,,75.2,,,,,,,,,,,,,,84.5,,,,,,
REC03649,Education Officer,Artificial Intelligence,IT,Master,1,35.5,44.6,72.2,94.1,4,68.7,Intermediate,,,,68.3,,,57.6,,61.7,,,,,,,66.4,,,,,,,,,,,,73.8,,,,,,,,,,,,,,,,,,
REC03650,Database Administrator,Computer Science,MoSPI,Master,5,43.3,30.7,55.7,68.4,2,52.4,Developing,,,,,,,,,,40.3,,42.1,,,,,,,,,,,,,,,,,,,,,,,,51.3,,,51.8,,,,46.3,,,
REC03651,Finance Officer,Economics,IT,Bachelor,14,50.5,46.6,81.5,73.8,2,70.6,Intermediate,71.8,,,,,,,,,,61.6,,,,,,,,64.3,70.2,,,,,,,,,,,,,,,,,,,,,,,,,,78.3
REC03652,Data Analyst,Computer Science,Research,Master,2,11.2,39.0,75.0,50.6,3,55.9,Developing,,,,,,,,,49.9,,53.8,,,,,,,,,,,,,,,,,,,,,,,,,,,,,,,,55.2,,55.2,46.8
REC03653,Legal Officer,Cybersecurity,IT,Master,9,55.8,34.2,76.1,82.2,2,69.2,Intermediate,,,,,,,68.2,,,,,,,,,,,,,,,,,,,,,,72.9,,,,,68.1,,,,,,58.9,,63.8,,,,
REC03654,Legal Officer,Administration,Data & Analytics,Master,19,68.4,37.4,76.1,67.1,7,67.7,Intermediate,,,,,,,65.9,,,,,,,,,,,,,,,,,,,,,,77.0,,,,,62.0,,,,,,60.6,,84.3,,,,
REC03655,Data Scientist,Environment,Research,Master,13,90.3,56.7,79.3,90.5,5,75.9,Intermediate,,,,,,,,,74.7,,60.2,,,,,,,,,,,,,,,,,,,72.7,,,,,,,,,77.0,,,,,,,70.1
REC03656,Public Health Officer,Education,Administration,Master,6,55.2,39.8,80.7,70.0,5,67.4,Intermediate,,,,,,55.3,,,67.4,,,,,,,,,59.7,,,,,,,,,,,,,,,,,,,,66.5,,66.0,,,,,,
REC03657,HR Officer,Biotechnology,MoSPI,Bachelor,1,76.0,22.6,78.7,68.4,5,66.0,Intermediate,,,,,,,56.3,,75.9,,,,,,,,,,,,,,50.4,,,67.6,,,,,,,,,,,,,,63.3,,,,,,
REC03658,Data Analyst,Environment,Research,Master,6,71.3,22.9,73.2,74.8,1,65.0,Developing,,,,,,,,,54.0,,62.2,,,,,,,,,,,,,,,,,,,,,,,,,,,,,,,,62.7,,57.9,59.0
REC03659,Statistical Officer,Cybersecurity,DIID,Master,1,48.9,37.0,87.3,83.1,3,73.1,Intermediate,,,,,,,,,60.3,,64.9,,,,,,,,,,,,,,,,,,,,,,,,50.6,,,,,,,,,,86.6,64.0
REC03660,Database Administrator,Computer Science,DIID,Master,6,33.2,18.3,55.5,90.1,4,59.0,Developing,,,,,,,,,,62.5,,53.0,,,,,,,,,,,,,,,,,,,,,,,,70.3,,,59.0,,,,50.8,,,
REC03661,Administrative Officer,Cybersecurity,Statistics Division,Master,3,8.7,41.1,80.9,60.9,3,61.8,Developing,,61.9,,,,,50.4,,56.7,,,,,,,,,,,,,,,,,,,,,,,,,,,,60.3,,,50.5,,,,,,
REC03662,Education Officer,Public Policy,Policy,Master,10,56.3,42.0,65.9,78.3,1,63.0,Developing,,,,53.8,,,61.4,,60.9,,,,,,,62.3,,,,,,,,,,,,62.3,,,,,,,,,,,,,,,,,,
REC03663,Administrative Officer,Cybersecurity,Research,Master,10,79.2,74.9,80.2,58.3,3,67.5,Intermediate,,73.2,,,,,70.4,,62.8,,,,,,,,,,,,,,,,,,,,,,,,,,,,57.9,,,75.6,,,,,,
REC03664,Public Health Officer,Agriculture,Training,Bachelor,10,61.9,27.7,90.1,79.7,6,76.0,Intermediate,,,,,,81.9,,,76.1,,,,,,,,,70.2,,,,,,,,,,,,,,,,,,,,72.2,,63.1,,,,,,
REC03665,Project Manager,Public Health,Statistics Division,PhD,3,40.6,28.4,63.5,69.2,3,57.6,Developing,,,,,,,43.9,,61.5,,,,,,,,,,,,,,,,,,72.9,,,,,,,,,65.4,51.7,,,,,,,,,
REC03666,Biotechnology Faculty,Artificial Intelligence,Data & Analytics,Master,6,109.3,55.8,74.8,70.9,2,66.9,Intermediate,,,,,52.5,,,,51.2,,,,,,,,,,,,,74.9,,,59.0,,,,,,46.8,,,,,,,,,,,,,,,
REC03667,Project Manager,Environment,Administration,PhD,6,100.7,57.7,91.7,59.3,3,72.9,Intermediate,,,,,,,57.7,,74.1,,,,,,,,,,,,,,,,,,64.0,,,,,,,,,72.6,71.1,,,,,,,,,
REC03668,Statistical Officer,Data Science,Training,Master,6,54.7,25.6,85.1,100.0,5,79.0,Intermediate,,,,,,,,,81.8,,74.2,,,,,,,,,,,,,,,,,,,,,,,,86.5,,,,,,,,,,75.0,80.0
REC03669,Cybersecurity Analyst,Education,Statistics Division,Bachelor,1,21.8,10.6,53.0,78.2,4,51.8,Developing,,,,,,,,55.3,49.5,,,,,,,,,,,,,,,,,,,,,,,,38.3,,,,,,46.6,,,46.0,,,,
REC03670,Data Scientist,Data Science,Policy,Master,14,45.9,54.1,77.0,66.1,1,65.5,Intermediate,,,,,,,,,52.6,,58.6,,,,,,,,,,,,,,,,,,,60.6,,,,,,,,,65.1,,,,,,,71.1
REC03671,Database Administrator,Computer Science,DIID,Bachelor,8,62.3,50.6,72.9,85.2,2,69.7,Intermediate,,,,,,,,,,83.2,,60.1,,,,,,,,,,,,,,,,,,,,,,,,78.1,,,70.8,,,,59.9,,,
REC03672,Statistical Officer,Public Policy,Policy,Master,0,59.3,58.5,61.5,70.8,2,58.1,Developing,,,,,,,,,63.5,,47.9,,,,,,,,,,,,,,,,,,,,,,,,54.2,,,,,,,,,,56.2,65.0
REC03673,Cybersecurity Analyst,Education,IT,Bachelor,6,32.4,36.1,73.6,51.2,1,57.0,Developing,,,,,,,,44.9,52.9,,,,,,,,,,,,,,,,,,,,,,,,55.5,,,,,,57.1,,,56.2,,,,
REC03674,Biotechnology Faculty,Economics,MoSPI,Master,2,63.4,56.5,66.2,78.3,3,62.5,Developing,,,,,61.0,,,,59.2,,,,,,,,,,,,,55.4,,,56.7,,,,,,55.6,,,,,,,,,,,,,,,
REC03675,Agriculture Officer,Environment,MoSPI,Master,2,24.0,23.0,83.0,85.0,2,70.9,Intermediate,,,74.0,,,,,,71.7,,,,,,,,,,,,79.8,,,,,,,,,,,,,,,,,,,66.9,,,,,,55.7
REC03676,Finance Officer,Public Policy,Training,Master,6,24.1,59.3,69.9,73.1,7,61.4,Developing,57.4,,,,,,,,,,51.0,,,,,,,,53.7,59.7,,,,,,,,,,,,,,,,,,,,,,,,,,57.2
REC03677,Legal Officer,Cybersecurity,Administration,Master,8,79.0,53.0,54.7,71.0,4,56.5,Developing,,,,,,,56.4,,,,,,,,,,,,,,,,,,,,,,67.2,,,,,48.4,,,,,,59.2,,46.7,,,,
REC03678,Software Engineer,Artificial Intelligence,Policy,Bachelor,2,38.1,74.2,82.0,71.5,2,68.3,Intermediate,,,,,,,,,,,,,,,,,,,,,,,,75.7,,,,,,,,,,,,67.4,,,55.7,,,,65.4,59.1,,
REC03679,Database Administrator,Computer Science,DIID,Master,2,71.9,44.0,75.8,81.5,4,68.6,Intermediate,,,,,,,,,,69.6,,61.5,,,,,,,,,,,,,,,,,,,,,,,,57.4,,,68.2,,,,65.1,,,
REC03680,Public Health Officer,Environment,DIID,Master,1,34.0,33.0,73.0,54.2,4,56.2,Developing,,,,,,45.0,,,33.9,,,,,,,,,58.5,,,,,,,,,,,,,,,,,,,,60.3,,47.0,,,,,,
REC03681,Policy Analyst,Public Health,Policy,Master,4,44.3,32.9,70.2,78.2,5,62.6,Developing,,,,,,,,,49.1,,,,,,,,,,,,,,,,,,,,,,,,,64.9,,,,,,48.8,51.1,,,,,60.0
REC03682,Software Engineer,Cybersecurity,MoSPI,Master,5,59.9,26.9,69.1,53.6,3,56.6,Developing,,,,,,,,,,,,,,,,,,,,,,,,61.1,,,,,,,,,,,,57.4,,,44.5,,,,51.3,57.9,,
REC03683,AI Engineer,Artificial Intelligence,Data & Analytics,Master,0,56.6,43.7,64.4,74.6,1,58.9,Developing,,,,,,,,,,,,,51.5,,,,,,,,,,,,,,,,,58.2,,50.6,,,,,,,52.0,,,,,44.1,,
REC03684,Public Health Officer,Public Policy,Training,PhD,1,51.1,59.2,79.1,80.8,5,70.1,Intermediate,,,,,,65.2,,,52.4,,,,,,,,,80.7,,,,,,,,,,,,,,,,,,,,70.0,,80.6,,,,,,
REC03685,Data Scientist,Education,Data & Analytics,Master,10,63.8,41.2,61.3,86.7,6,64.0,Developing,,,,,,,,,64.1,,64.7,,,,,,,,,,,,,,,,,,,61.7,,,,,,,,,72.8,,,,,,,57.9
REC03686,Data Analyst,Biotechnology,DIID,Master,0,38.0,18.7,66.1,74.3,3,58.0,Developing,,,,,,,,,46.8,,53.6,,,,,,,,,,,,,,,,,,,,,,,,,,,,,,,,48.1,,47.9,55.7
REC03687,Agriculture Officer,Finance,Statistics Division,Bachelor,3,45.1,32.8,59.1,64.8,3,53.5,Developing,,,53.3,,,,,,41.9,,,,,,,,,,,,50.9,,,,,,,,,,,,,,,,,,,57.0,,,,,,47.4
REC03688,Policy Analyst,Public Health,DIID,Master,1,54.9,24.1,72.8,64.4,4,59.5,Developing,,,,,,,,,42.8,,,,,,,,,,,,,,,,,,,,,,,,,53.5,,,,,,57.3,51.1,,,,,46.4
REC03689,Finance Officer,Statistics,Data & Analytics,Bachelor,7,40.8,26.0,77.3,74.0,1,65.7,Intermediate,61.5,,,,,,,,,,59.0,,,,,,,,56.0,69.2,,,,,,,,,,,,,,,,,,,,,,,,,,59.1
REC03690,Legal Officer,Agriculture,Statistics Division,Master,10,78.0,52.0,80.1,59.4,2,66.6,Intermediate,,,,,,,58.2,,,,,,,,,,,,,,,,,,,,,,65.3,,,,,68.8,,,,,,62.4,,69.4,,,,
REC03691,Economist,Education,Research,Master,12,70.3,41.7,75.1,100.0,3,74.8,Intermediate,,,,,,,,,71.7,,,,,71.1,70.7,,,,,,,,,,,,,,,,,,,,,,,,,61.0,,,,,,71.2
REC03692,Cybersecurity Analyst,Biotechnology,Training,Bachelor,12,6.8,45.3,66.9,95.0,5,66.7,Intermediate,,,,,,,,69.7,66.6,,,,,,,,,,,,,,,,,,,,,,,,67.0,,,,,,68.2,,,63.2,,,,
REC03693,Project Manager,Economics,DIID,Bachelor,16,51.1,9.6,76.4,77.2,4,68.3,Intermediate,,,,,,,70.3,,58.1,,,,,,,,,,,,,,,,,,73.7,,,,,,,,,70.3,65.1,,,,,,,,,
REC03694,HR Officer,Administration,MoSPI,Master,8,62.7,43.7,75.1,86.9,3,70.7,Intermediate,,,,,,,65.1,,69.6,,,,,,,,,,,,,,77.3,,,72.6,,,,,,,,,,,,,,60.1,,,,,,
REC03695,Legal Officer,Education,Administration,Master,3,39.3,35.6,74.2,70.9,3,62.4,Developing,,,,,,,62.1,,,,,,,,,,,,,,,,,,,,,,45.8,,,,,53.6,,,,,,57.0,,58.4,,,,
REC03696,Economist,Environment,Training,Bachelor,7,35.7,27.0,95.1,54.4,2,69.0,Intermediate,,,,,,,,,75.9,,,,,63.4,53.1,,,,,,,,,,,,,,,,,,,,,,,,,64.8,,,,,,60.4
REC03697,Administrative Officer,Economics,Research,PhD,3,76.8,45.5,48.0,84.8,1,55.3,Developing,,65.6,,,,,50.6,,35.1,,,,,,,,,,,,,,,,,,,,,,,,,,,,54.1,,,46.4,,,,,,
REC03698,Education Officer,Biotechnology,Policy,Bachelor,14,61.9,16.2,91.2,88.7,4,78.7,Intermediate,,,,77.9,,,66.6,,78.2,,,,,,,64.5,,,,,,,,,,,,68.4,,,,,,,,,,,,,,,,,,
REC03699,Economist,Finance,Research,Bachelor,13,22.4,29.5,62.3,82.3,5,60.9,Developing,,,,,,,,,69.6,,,,,58.8,53.0,,,,,,,,,,,,,,,,,,,,,,,,,56.3,,,,,,61.1
REC03700,Education Officer,Artificial Intelligence,MoSPI,Master,10,98.4,48.3,86.1,89.6,2,79.6,Intermediate,,,,81.9,,,80.3,,70.6,,,,,,,78.7,,,,,,,,,,,,77.2,,,,,,,,,,,,,,,,,,
REC03701,Data Scientist,Data Science,Administration,Bachelor,15,73.8,44.5,94.2,78.3,2,79.1,Intermediate,,,,,,,,,83.2,,78.8,,,,,,,,,,,,,,,,,,,67.5,,,,,,,,,68.8,,,,,,,67.3
REC03702,Administrative Officer,Cybersecurity,MoSPI,Bachelor,0,28.8,39.9,79.3,53.0,3,58.3,Developing,,47.2,,,,,49.2,,38.5,,,,,,,,,,,,,,,,,,,,,,,,,,,,49.2,,,51.5,,,,,,
REC03703,Agriculture Officer,Finance,Statistics Division,Master,8,46.6,54.0,100.0,61.9,4,76.1,Intermediate,,,74.9,,,,,,66.5,,,,,,,,,,,,77.3,,,,,,,,,,,,,,,,,,,76.2,,,,,,78.9
REC03704,Economist,Administration,MoSPI,Bachelor,6,48.9,28.5,81.4,63.4,3,65.0,Intermediate,,,,,,,,,55.7,,,,,65.1,57.8,,,,,,,,,,,,,,,,,,,,,,,,,61.4,,,,,,57.7
REC03705,Legal Officer,Education,IT,PhD,7,58.1,53.3,95.4,78.0,6,78.9,Intermediate,,,,,,,78.0,,,,,,,,,,,,,,,,,,,,,,81.4,,,,,71.2,,,,,,74.8,,85.5,,,,
REC03706,Research Officer,Education,Research,Master,3,5.0,56.6,74.7,82.2,4,65.1,Intermediate,,,,,,,,,58.0,,64.5,,,,,,,,,,,,,,,,,,,,,,,,,,,,,60.7,53.6,,,,,60.4
REC03707,Cybersecurity Analyst,Environment,MoSPI,PhD,5,85.8,62.0,74.8,100.0,8,75.4,Intermediate,,,,,,,,62.2,80.6,,,,,,,,,,,,,,,,,,,,,,,,69.9,,,,,,70.4,,,75.0,,,,
REC03708,Biotechnology Faculty,Agriculture,IT,PhD,6,62.7,52.2,79.9,83.0,5,71.5,Intermediate,,,,,67.0,,,,72.4,,,,,,,,,,,,,72.5,,,66.7,,,,,,55.4,,,,,,,,,,,,,,,
REC03709,Agriculture Officer,Statistics,Training,PhD,8,94.1,58.7,74.6,67.6,1,66.8,Intermediate,,,75.4,,,,,,54.4,,,,,,,,,,,,61.0,,,,,,,,,,,,,,,,,,,69.6,,,,,,63.6
REC03710,Cybersecurity Analyst,Artificial Intelligence,Policy,Master,3,64.9,46.8,93.3,68.9,7,74.2,Intermediate,,,,,,,,71.0,71.4,,,,,,,,,,,,,,,,,,,,,,,,71.7,,,,,,73.2,,,66.3,,,,
REC03711,Project Manager,Environment,Policy,Master,1,28.5,16.3,70.7,71.3,2,59.3,Developing,,,,,,,46.0,,54.1,,,,,,,,,,,,,,,,,,52.2,,,,,,,,,57.9,52.2,,,,,,,,,
REC03712,Statistical Officer,Environment,Research,Master,5,58.1,31.2,90.3,71.9,2,71.6,Intermediate,,,,,,,,,64.9,,59.9,,,,,,,,,,,,,,,,,,,,,,,,66.9,,,,,,,,,,58.2,52.3
REC03713,Software Engineer,Artificial Intelligence,IT,PhD,1,21.1,17.5,56.7,70.3,2,51.9,Developing,,,,,,,,,,,,,,,,,,,,,,,,45.6,,,,,,,,,,,,48.1,,,50.3,,,,48.7,51.7,,
REC03714,Agriculture Officer,Statistics,Data & Analytics,Master,4,76.1,57.7,70.2,66.3,3,62.3,Developing,,,55.9,,,,,,58.1,,,,,,,,,,,,52.9,,,,,,,,,,,,,,,,,,,58.2,,,,,,69.4
REC03715,HR Officer,Statistics,Research,Bachelor,0,53.3,64.9,70.7,68.2,6,62.6,Developing,,,,,,,63.0,,70.4,,,,,,,,,,,,,,74.1,,,60.1,,,,,,,,,,,,,,57.8,,,,,,
REC03716,Project Manager,Biotechnology,Policy,Bachelor,14,122.6,64.5,82.8,73.2,6,74.9,Intermediate,,,,,,,78.5,,65.9,,,,,,,,,,,,,,,,,,69.7,,,,,,,,,60.3,77.6,,,,,,,,,
REC03717,Statistical Officer,Public Policy,Training,PhD,3,49.7,60.3,74.1,79.1,5,66.7,Intermediate,,,,,,,,,64.3,,58.9,,,,,,,,,,,,,,,,,,,,,,,,59.9,,,,,,,,,,69.9,63.5
REC03718,Statistical Officer,Agriculture,Research,Bachelor,10,64.2,30.7,55.0,87.4,3,60.4,Developing,,,,,,,,,57.3,,53.5,,,,,,,,,,,,,,,,,,,,,,,,59.5,,,,,,,,,,69.0,60.1
REC03719,Finance Officer,Economics,Statistics Division,Master,2,57.0,34.9,80.6,72.6,5,67.6,Intermediate,60.2,,,,,,,,,,65.5,,,,,,,,65.0,67.0,,,,,,,,,,,,,,,,,,,,,,,,,,61.5
REC03720,Software Engineer,Cybersecurity,Data & Analytics,Master,8,66.3,61.1,96.2,83.7,2,80.7,Advanced,,,,,,,,,,,,,,,,,,,,,,,,82.3,,,,,,,,,,,,67.7,,,79.8,,,,68.8,71.2,,
REC03721,Cybersecurity Analyst,Cybersecurity,MoSPI,PhD,6,42.0,57.1,64.3,72.9,6,60.0,Developing,,,,,,,,57.7,61.9,,,,,,,,,,,,,,,,,,,,,,,,53.5,,,,,,62.1,,,59.9,,,,
REC03722,Public Health Officer,Economics,Policy,Master,6,77.0,69.3,71.0,51.9,1,59.4,Developing,,,,,,54.8,,,63.5,,,,,,,,,54.0,,,,,,,,,,,,,,,,,,,,60.7,,54.0,,,,,,
REC03723,Biotechnology Faculty,Public Health,Research,PhD,0,32.3,50.5,72.6,85.3,6,65.9,Intermediate,,,,,71.9,,,,49.3,,,,,,,,,,,,,67.9,,,61.2,,,,,,55.9,,,,,,,,,,,,,,,
REC03724,Legal Officer,Environment,Policy,PhD,8,19.6,33.5,69.7,79.6,1,62.6,Developing,,,,,,,56.2,,,,,,,,,,,,,,,,,,,,,,48.4,,,,,61.6,,,,,,63.0,,58.4,,,,
REC03725,Policy Analyst,Public Policy,Statistics Division,Master,13,85.9,52.7,86.3,55.8,2,69.7,Intermediate,,,,,,,,,80.3,,,,,,,,,,,,,,,,,,,,,,,,,71.4,,,,,,59.9,70.3,,,,,59.7
REC03726,Agriculture Officer,Statistics,Data & Analytics,Master,7,50.0,26.4,73.7,74.6,4,64.5,Developing,,,59.6,,,,,,58.8,,,,,,,,,,,,66.6,,,,,,,,,,,,,,,,,,,59.8,,,,,,55.7
REC03727,Environmental Officer,Data Science,DIID,Master,10,56.5,63.7,93.2,93.4,1,82.0,Advanced,,,,,,,,,67.2,,,,,,,,75.5,,,,73.9,,,,,,,,,,,,,,,,,,,85.5,,,,,,79.1
REC03728,Finance Officer,Public Policy,IT,Bachelor,10,12.6,2.0,82.7,70.7,2,65.6,Intermediate,62.0,,,,,,,,,,58.6,,,,,,,,47.2,63.5,,,,,,,,,,,,,,,,,,,,,,,,,,64.5
REC03729,HR Officer,Public Policy,Policy,Master,6,32.4,52.7,92.5,87.2,3,77.6,Intermediate,,,,,,,60.2,,79.4,,,,,,,,,,,,,,70.5,,,77.6,,,,,,,,,,,,,,68.9,,,,,,
REC03730,Finance Officer,Public Policy,Training,Master,10,70.3,7.5,80.3,73.1,3,67.8,Intermediate,66.3,,,,,,,,,,51.6,,,,,,,,51.4,65.1,,,,,,,,,,,,,,,,,,,,,,,,,,60.8
REC03731,Legal Officer,Economics,Policy,Master,1,65.5,58.2,47.4,52.6,3,45.1,Beginner,,,,,,,32.0,,,,,,,,,,,,,,,,,,,,,,36.1,,,,,33.7,,,,,,49.8,,51.2,,,,
REC03732,Legal Officer,Agriculture,Training,Master,13,93.0,104.0,80.9,100.0,5,81.4,Advanced,,,,,,,82.1,,,,,,,,,,,,,,,,,,,,,,83.0,,,,,79.0,,,,,,76.2,,70.2,,,,
REC03733,Legal Officer,Economics,Training,Bachelor,18,70.4,50.6,85.1,100.0,2,81.9,Advanced,,,,,,,81.0,,,,,,,,,,,,,,,,,,,,,,83.2,,,,,90.5,,,,,,63.9,,83.6,,,,
REC03734,Legal Officer,Public Health,Training,Bachelor,2,25.1,56.2,60.1,67.5,5,54.8,Developing,,,,,,,46.0,,,,,,,,,,,,,,,,,,,,,,58.3,,,,,58.5,,,,,,45.3,,60.3,,,,
REC03735,Cybersecurity Analyst,Environment,Administration,Bachelor,0,55.7,29.7,58.0,59.7,3,50.8,Developing,,,,,,,,45.7,36.0,,,,,,,,,,,,,,,,,,,,,,,,49.5,,,,,,42.8,,,44.7,,,,
REC03736,Legal Officer,Agriculture,DIID,PhD,4,45.3,23.3,54.2,64.5,2,50.9,Developing,,,,,,,38.9,,,,,,,,,,,,,,,,,,,,,,47.0,,,,,60.5,,,,,,42.1,,55.5,,,,
REC03737,Economist,Agriculture,Policy,Bachelor,3,93.5,56.3,99.6,81.6,7,82.2,Advanced,,,,,,,,,66.1,,,,,86.6,69.9,,,,,,,,,,,,,,,,,,,,,,,,,71.0,,,,,,74.5
REC03738,Finance Officer,Public Policy,Administration,Master,4,63.6,28.9,97.7,68.5,3,75.2,Intermediate,60.6,,,,,,,,,,63.2,,,,,,,,59.8,65.4,,,,,,,,,,,,,,,,,,,,,,,,,,85.2
REC03739,HR Officer,Statistics,Policy,PhD,11,67.8,38.3,85.0,100.0,5,79.9,Intermediate,,,,,,,61.2,,76.8,,,,,,,,,,,,,,80.2,,,76.2,,,,,,,,,,,,,,83.4,,,,,,
REC03740,Project Manager,Data Science,Statistics Division,Bachelor,8,43.3,37.0,76.0,42.3,2,57.1,Developing,,,,,,,58.5,,64.4,,,,,,,,,,,,,,,,,,53.2,,,,,,,,,51.5,56.9,,,,,,,,,
REC03741,Legal Officer,Environment,Training,Master,1,44.0,40.9,66.9,49.9,3,52.6,Developing,,,,,,,40.5,,,,,,,,,,,,,,,,,,,,,,44.9,,,,,55.6,,,,,,45.2,,43.2,,,,
REC03742,HR Officer,Biotechnology,IT,Master,1,53.6,30.0,61.0,70.0,1,56.3,Developing,,,,,,,46.6,,50.7,,,,,,,,,,,,,,62.5,,,49.3,,,,,,,,,,,,,,61.4,,,,,,
REC03743,Data Analyst,Cybersecurity,IT,Bachelor,2,31.6,38.1,65.2,59.9,2,55.5,Developing,,,,,,,,,54.0,,53.3,,,,,,,,,,,,,,,,,,,,,,,,,,,,,,,,53.8,,64.8,62.1
REC03744,Data Scientist,Agriculture,IT,Bachelor,14,47.9,42.6,64.6,65.6,7,59.3,Developing,,,,,,,,,66.6,,60.2,,,,,,,,,,,,,,,,,,,57.3,,,,,,,,,57.7,,,,,,,57.6
REC03745,Data Analyst,Statistics,Statistics Division,Bachelor,13,54.9,70.4,88.1,98.7,5,81.4,Advanced,,,,,,,,,73.6,,71.8,,,,,,,,,,,,,,,,,,,,,,,,,,,,,,,,84.1,,68.2,81.0
REC03746,AI Engineer,Data Science,Data & Analytics,Bachelor,2,51.5,52.7,88.0,59.9,6,68.5,Intermediate,,,,,,,,,,,,,58.4,,,,,,,,,,,,,,,,,62.8,,72.4,,,,,,,79.9,,,,,63.4,,
REC03747,Data Analyst,Artificial Intelligence,MoSPI,Bachelor,4,31.1,28.4,86.6,60.9,3,65.9,Intermediate,,,,,,,,,67.2,,58.0,,,,,,,,,,,,,,,,,,,,,,,,,,,,,,,,61.5,,51.8,67.2
REC03748,Data Analyst,Computer Science,Data & Analytics,Master,14,44.0,30.4,70.9,75.0,2,64.4,Developing,,,,,,,,,68.1,,66.9,,,,,,,,,,,,,,,,,,,,,,,,,,,,,,,,67.3,,55.1,53.1
REC03749,Statistical Officer,Economics,Administration,Bachelor,3,40.9,28.0,79.8,75.5,1,67.4,Intermediate,,,,,,,,,64.0,,66.7,,,,,,,,,,,,,,,,,,,,,,,,68.2,,,,,,,,,,62.0,64.2
REC03750,Finance Officer,Statistics,Statistics Division,PhD,13,14.2,39.6,84.0,66.0,5,67.2,Intermediate,60.6,,,,,,,,,,52.2,,,,,,,,73.9,79.2,,,,,,,,,,,,,,,,,,,,,,,,,,58.0
REC03751,Legal Officer,Environment,Policy,Master,9,39.0,30.1,59.2,84.2,3,59.9,Developing,,,,,,,68.3,,,,,,,,,,,,,,,,,,,,,,56.5,,,,,55.8,,,,,,62.8,,45.5,,,,
REC03752,Project Manager,Biotechnology,Research,PhD,7,85.5,59.8,70.7,60.7,5,62.2,Developing,,,,,,,49.6,,58.5,,,,,,,,,,,,,,,,,,67.1,,,,,,,,,68.5,57.6,,,,,,,,,
REC03753,Data Analyst,Finance,Policy,PhD,5,54.5,60.6,70.7,61.8,1,60.7,Developing,,,,,,,,,58.4,,54.9,,,,,,,,,,,,,,,,,,,,,,,,,,,,,,,,55.1,,55.7,71.2
REC03754,Agriculture Officer,Artificial Intelligence,Data & Analytics,Bachelor,1,64.2,53.9,79.2,52.9,6,61.8,Developing,,,61.1,,,,,,68.8,,,,,,,,,,,,57.2,,,,,,,,,,,,,,,,,,,48.4,,,,,,52.4
REC03755,Cybersecurity Analyst,Cybersecurity,Policy,PhD,2,33.7,29.6,66.3,96.5,4,65.6,Intermediate,,,,,,,,62.6,60.1,,,,,,,,,,,,,,,,,,,,,,,,58.9,,,,,,62.8,,,60.2,,,,
REC03756,Data Scientist,Computer Science,Data & Analytics,Bachelor,16,108.7,61.8,66.7,77.3,3,67.6,Intermediate,,,,,,,,,64.4,,48.7,,,,,,,,,,,,,,,,,,,71.5,,,,,,,,,68.1,,,,,,,80.8
REC03757,Cybersecurity Analyst,Computer Science,MoSPI,PhD,5,50.8,38.6,77.0,69.5,2,65.1,Intermediate,,,,,,,,53.7,73.3,,,,,,,,,,,,,,,,,,,,,,,,60.6,,,,,,57.3,,,64.6,,,,
REC03758,Data Analyst,Data Science,DIID,PhD,13,76.5,49.7,68.5,71.7,3,64.6,Developing,,,,,,,,,57.3,,67.0,,,,,,,,,,,,,,,,,,,,,,,,,,,,,,,,55.3,,67.4,74.8
REC03759,Legal Officer,Public Health,DIID,Bachelor,7,85.6,49.4,86.3,65.3,3,71.4,Intermediate,,,,,,,68.6,,,,,,,,,,,,,,,,,,,,,,70.8,,,,,70.6,,,,,,69.7,,63.4,,,,
REC03760,Software Engineer,Computer Science,IT,Bachelor,6,45.7,23.1,76.0,84.8,2,68.9,Intermediate,,,,,,,,,,,,,,,,,,,,,,,,68.9,,,,,,,,,,,,63.3,,,63.8,,,,69.5,74.2,,
REC03761,HR Officer,Statistics,Training,Master,0,43.0,48.6,76.0,70.8,3,64.2,Developing,,,,,,,50.0,,60.0,,,,,,,,,,,,,,66.2,,,54.4,,,,,,,,,,,,,,73.0,,,,,,
REC03762,HR Officer,Administration,Policy,PhD,2,47.3,33.1,77.1,86.0,5,69.5,Intermediate,,,,,,,66.8,,69.1,,,,,,,,,,,,,,82.4,,,64.8,,,,,,,,,,,,,,53.5,,,,,,
REC03763,Research Officer,Statistics,Data & Analytics,Master,13,30.2,14.0,84.1,50.8,2,63.5,Developing,,,,,,,,,63.4,,53.8,,,,,,,,,,,,,,,,,,,,,,,,,,,,,72.7,72.7,,,,,59.3
REC03764,Data Scientist,Economics,Data & Analytics,Master,5,54.1,45.7,71.6,73.3,3,63.5,Developing,,,,,,,,,65.6,,54.5,,,,,,,,,,,,,,,,,,,57.1,,,,,,,,,61.0,,,,,,,53.9
REC03765,Education Officer,Data Science,DIID,Bachelor,15,87.7,53.3,89.5,86.0,5,80.9,Advanced,,,,81.8,,,77.2,,80.4,,,,,,,77.7,,,,,,,,,,,,86.4,,,,,,,,,,,,,,,,,,
REC03766,Database Administrator,Cybersecurity,Training,Master,5,47.5,73.3,77.7,87.6,3,72.0,Intermediate,,,,,,,,,,75.1,,74.5,,,,,,,,,,,,,,,,,,,,,,,,66.6,,,65.8,,,,70.0,,,
REC03767,Biotechnology Faculty,Agriculture,Statistics Division,Master,6,98.5,29.1,71.6,56.1,1,60.1,Developing,,,,,55.1,,,,51.3,,,,,,,,,,,,,51.1,,,53.8,,,,,,58.0,,,,,,,,,,,,,,,
REC03768,Data Analyst,Administration,Administration,Master,10,36.1,49.7,73.4,68.8,7,63.7,Developing,,,,,,,,,51.2,,63.9,,,,,,,,,,,,,,,,,,,,,,,,,,,,,,,,61.2,,65.8,71.0
REC03769,Education Officer,Artificial Intelligence,Data & Analytics,Master,4,38.5,52.7,76.3,68.6,3,64.7,Developing,,,,65.5,,,53.6,,65.3,,,,,,,67.8,,,,,,,,,,,,71.5,,,,,,,,,,,,,,,,,,
REC03770,Software Engineer,Data Science,Policy,PhD,7,55.5,44.7,77.0,84.0,6,70.1,Intermediate,,,,,,,,,,,,,,,,,,,,,,,,75.0,,,,,,,,,,,,63.1,,,58.0,,,,59.0,77.3,,
REC03771,Public Health Officer,Data Science,MoSPI,Master,3,50.1,68.6,65.1,70.4,5,60.5,Developing,,,,,,57.5,,,62.0,,,,,,,,,65.0,,,,,,,,,,,,,,,,,,,,70.6,,55.7,,,,,,
REC03772,Database Administrator,Data Science,IT,Bachelor,12,63.6,19.8,90.6,74.8,4,74.9,Intermediate,,,,,,,,,,81.0,,70.2,,,,,,,,,,,,,,,,,,,,,,,,66.6,,,76.4,,,,61.5,,,
REC03773,HR Officer,Data Science,Policy,PhD,0,5.0,17.5,69.4,77.3,1,59.1,Developing,,,,,,,47.0,,63.1,,,,,,,,,,,,,,50.2,,,49.5,,,,,,,,,,,,,,52.6,,,,,,
REC03774,Database Administrator,Computer Science,Policy,Bachelor,19,79.3,69.4,87.3,92.2,3,82.0,Advanced,,,,,,,,,,84.0,,82.6,,,,,,,,,,,,,,,,,,,,,,,,76.2,,,72.1,,,,89.3,,,
REC03775,Project Manager,Environment,MoSPI,PhD,9,81.3,69.8,75.7,64.6,1,66.4,Intermediate,,,,,,,67.2,,65.2,,,,,,,,,,,,,,,,,,49.5,,,,,,,,,68.9,71.9,,,,,,,,,
REC03776,Project Manager,Artificial Intelligence,Statistics Division,Bachelor,9,46.9,51.1,74.2,72.6,3,65.4,Intermediate,,,,,,,72.9,,57.6,,,,,,,,,,,,,,,,,,59.9,,,,,,,,,62.0,62.4,,,,,,,,,
REC03777,Public Health Officer,Cybersecurity,Administration,Master,0,60.7,42.3,70.6,84.3,5,65.2,Intermediate,,,,,,62.1,,,50.2,,,,,,,,,61.0,,,,,,,,,,,,,,,,,,,,50.3,,63.9,,,,,,
REC03778,Software Engineer,Data Science,Training,Master,10,52.5,37.7,72.4,79.1,5,66.3,Intermediate,,,,,,,,,,,,,,,,,,,,,,,,61.9,,,,,,,,,,,,70.4,,,67.7,,,,60.9,56.9,,
REC03779,Research Officer,Artificial Intelligence,Administration,Master,6,50.3,54.0,66.5,66.8,2,59.6,Developing,,,,,,,,,67.8,,53.1,,,,,,,,,,,,,,,,,,,,,,,,,,,,,53.1,52.6,,,,,63.7
REC03780,Finance Officer,Public Policy,Statistics Division,Bachelor,6,23.0,36.3,76.7,51.3,4,57.5,Developing,61.8,,,,,,,,,,47.5,,,,,,,,41.1,43.4,,,,,,,,,,,,,,,,,,,,,,,,,,55.5
REC03781,Cybersecurity Analyst,Artificial Intelligence,Administration,Bachelor,0,50.6,28.5,74.9,98.3,3,71.3,Intermediate,,,,,,,,57.7,71.6,,,,,,,,,,,,,,,,,,,,,,,,75.7,,,,,,59.2,,,71.1,,,,
REC03782,Software Engineer,Data Science,Statistics Division,Bachelor,5,66.6,51.8,83.4,83.8,5,74.9,Intermediate,,,,,,,,,,,,,,,,,,,,,,,,72.6,,,,,,,,,,,,78.0,,,76.5,,,,69.1,88.2,,
REC03783,Economist,Statistics,IT,Master,5,43.1,4.8,69.8,52.9,3,55.3,Developing,,,,,,,,,53.5,,,,,54.4,56.7,,,,,,,,,,,,,,,,,,,,,,,,,47.6,,,,,,55.0
REC03784,Data Analyst,Cybersecurity,Statistics Division,PhD,12,97.6,34.9,68.6,60.0,3,61.7,Developing,,,,,,,,,54.8,,57.8,,,,,,,,,,,,,,,,,,,,,,,,,,,,,,,,72.6,,56.4,64.2
REC03785,Administrative Officer,Data Science,Training,Master,10,39.9,55.4,84.1,77.0,4,71.6,Intermediate,,66.8,,,,,78.0,,62.8,,,,,,,,,,,,,,,,,,,,,,,,,,,,67.6,,,62.7,,,,,,
REC03786,Research Officer,Agriculture,Policy,PhD,0,46.4,47.5,92.1,69.2,5,71.1,Intermediate,,,,,,,,,61.3,,61.6,,,,,,,,,,,,,,,,,,,,,,,,,,,,,57.6,60.8,,,,,60.6
REC03787,Agriculture Officer,Environment,IT,Master,3,14.2,62.1,57.8,78.5,1,56.2,Developing,,,47.0,,,,,,63.7,,,,,,,,,,,,58.4,,,,,,,,,,,,,,,,,,,46.1,,,,,,52.2
REC03788,Data Scientist,Administration,Training,Bachelor,12,86.6,77.7,63.5,67.4,5,61.4,Developing,,,,,,,,,54.5,,72.1,,,,,,,,,,,,,,,,,,,49.4,,,,,,,,,56.2,,,,,,,58.8
REC03789,HR Officer,Cybersecurity,Research,PhD,5,68.1,38.2,49.4,64.8,4,50.4,Developing,,,,,,,46.7,,60.6,,,,,,,,,,,,,,51.6,,,43.7,,,,,,,,,,,,,,44.4,,,,,,
REC03790,Environmental Officer,Education,Research,Master,11,58.3,54.0,81.6,63.1,4,66.7,Intermediate,,,,,,,,,63.2,,,,,,,,64.0,,,,54.3,,,,,,,,,,,,,,,,,,,53.8,,,,,,62.7
REC03791,Biotechnology Faculty,Administration,IT,Master,12,78.3,63.5,95.3,76.1,3,79.7,Intermediate,,,,,66.6,,,,73.7,,,,,,,,,,,,,83.2,,,70.1,,,,,,80.5,,,,,,,,,,,,,,,
REC03792,Database Administrator,Computer Science,DIID,Master,8,49.1,41.0,68.5,78.3,2,63.9,Developing,,,,,,,,,,53.4,,68.6,,,,,,,,,,,,,,,,,,,,,,,,66.9,,,55.4,,,,66.3,,,
REC03793,Legal Officer,Cybersecurity,Statistics Division,Bachelor,8,60.8,21.3,70.6,88.9,5,67.6,Intermediate,,,,,,,53.5,,,,,,,,,,,,,,,,,,,,,,69.6,,,,,72.0,,,,,,60.4,,57.9,,,,
REC03794,AI Engineer,Computer Science,Training,Master,0,5.0,54.3,59.1,68.0,3,52.2,Developing,,,,,,,,,,,,,45.2,,,,,,,,,,,,,,,,,39.4,,42.2,,,,,,,54.3,,,,,53.8,,
REC03795,Data Scientist,Finance,MoSPI,Bachelor,5,84.2,56.8,67.1,60.4,1,60.2,Developing,,,,,,,,,62.2,,59.3,,,,,,,,,,,,,,,,,,,58.0,,,,,,,,,65.9,,,,,,,58.2
REC03796,Statistical Officer,Education,IT,PhD,4,46.9,34.3,48.4,61.9,2,47.2,Beginner,,,,,,,,,52.8,,52.0,,,,,,,,,,,,,,,,,,,,,,,,33.3,,,,,,,,,,33.0,48.0
REC03797,Agriculture Officer,Administration,IT,Master,13,45.2,62.1,87.9,71.3,5,72.8,Intermediate,,,67.7,,,,,,68.7,,,,,,,,,,,,64.7,,,,,,,,,,,,,,,,,,,63.2,,,,,,77.8
REC03798,Environmental Officer,Cybersecurity,Policy,Bachelor,9,35.9,24.6,74.5,74.4,3,65.3,Intermediate,,,,,,,,,64.1,,,,,,,,71.5,,,,59.3,,,,,,,,,,,,,,,,,,,64.7,,,,,,70.9
REC03799,Research Officer,Education,Research,Bachelor,7,43.8,35.1,60.3,76.9,1,58.4,Developing,,,,,,,,,45.7,,51.0,,,,,,,,,,,,,,,,,,,,,,,,,,,,,59.7,58.8,,,,,62.8
REC03800,Public Health Officer,Agriculture,Statistics Division,Master,2,30.5,44.2,79.9,56.6,4,60.9,Developing,,,,,,61.0,,,50.8,,,,,,,,,43.1,,,,,,,,,,,,,,,,,,,,56.7,,59.1,,,,,,
REC03801,Environmental Officer,Statistics,MoSPI,Bachelor,16,45.3,42.5,100.0,79.5,4,80.7,Advanced,,,,,,,,,77.1,,,,,,,,67.3,,,,77.5,,,,,,,,,,,,,,,,,,,61.5,,,,,,78.0
REC03802,Policy Analyst,Biotechnology,DIID,Master,19,67.7,64.5,82.5,61.4,2,69.5,Intermediate,,,,,,,,,59.5,,,,,,,,,,,,,,,,,,,,,,,,,70.5,,,,,,61.8,75.9,,,,,70.4
REC03803,Data Analyst,Environment,Training,Master,8,55.7,17.7,83.9,70.3,3,69.3,Intermediate,,,,,,,,,75.1,,55.1,,,,,,,,,,,,,,,,,,,,,,,,,,,,,,,,72.7,,53.9,80.3
REC03804,Public Health Officer,Artificial Intelligence,Training,PhD,4,13.9,21.8,74.1,61.8,4,58.6,Developing,,,,,,46.8,,,56.9,,,,,,,,,44.5,,,,,,,,,,,,,,,,,,,,65.5,,57.0,,,,,,
REC03805,HR Officer,Statistics,Training,Master,14,55.5,24.9,78.6,80.8,4,70.8,Intermediate,,,,,,,68.1,,73.5,,,,,,,,,,,,,,53.7,,,77.2,,,,,,,,,,,,,,77.6,,,,,,
REC03806,Research Officer,Agriculture,Statistics Division,Master,3,51.4,7.3,83.3,81.2,4,70.6,Intermediate,,,,,,,,,72.4,,54.9,,,,,,,,,,,,,,,,,,,,,,,,,,,,,67.9,69.5,,,,,66.8
REC03807,Project Manager,Environment,Administration,Master,12,97.4,41.6,82.1,77.1,3,73.5,Intermediate,,,,,,,76.5,,65.8,,,,,,,,,,,,,,,,,,73.7,,,,,,,,,71.9,60.9,,,,,,,,,
REC03808,Legal Officer,Public Health,IT,Master,9,9.2,58.1,86.4,100.0,6,77.9,Intermediate,,,,,,,78.2,,,,,,,,,,,,,,,,,,,,,,73.8,,,,,62.2,,,,,,75.0,,80.0,,,,
REC03809,Agriculture Officer,Biotechnology,Administration,Master,0,24.9,47.1,58.7,62.7,1,51.3,Developing,,,39.6,,,,,,48.2,,,,,,,,,,,,46.4,,,,,,,,,,,,,,,,,,,52.8,,,,,,45.8
REC03810,HR Officer,Artificial Intelligence,Administration,Master,0,86.3,39.2,67.6,83.5,4,64.6,Developing,,,,,,,51.9,,49.8,,,,,,,,,,,,,,60.8,,,64.6,,,,,,,,,,,,,,55.2,,,,,,
REC03811,Software Engineer,Cybersecurity,DIID,PhD,4,26.5,30.5,60.7,92.2,5,61.7,Developing,,,,,,,,,,,,,,,,,,,,,,,,63.5,,,,,,,,,,,,66.8,,,58.9,,,,64.3,44.4,,
REC03812,Economist,Statistics,Policy,Master,10,42.9,64.2,88.9,74.8,2,74.0,Intermediate,,,,,,,,,71.2,,,,,73.9,74.3,,,,,,,,,,,,,,,,,,,,,,,,,57.5,,,,,,75.4
REC03813,Data Analyst,Public Health,DIID,Master,0,29.5,65.5,82.0,67.5,3,66.3,Intermediate,,,,,,,,,71.7,,68.8,,,,,,,,,,,,,,,,,,,,,,,,,,,,,,,,59.3,,63.1,57.0
REC03814,Statistical Officer,Artificial Intelligence,MoSPI,Bachelor,3,41.5,31.6,52.2,87.8,1,56.7,Developing,,,,,,,,,62.8,,41.7,,,,,,,,,,,,,,,,,,,,,,,,50.2,,,,,,,,,,57.9,64.1
REC03815,Software Engineer,Data Science,Data & Analytics,Master,0,48.1,30.8,60.4,76.8,8,57.6,Developing,,,,,,,,,,,,,,,,,,,,,,,,62.8,,,,,,,,,,,,47.8,,,55.4,,,,56.5,54.8,,
REC03816,Statistical Officer,Economics,IT,Bachelor,7,81.4,60.5,62.0,70.0,4,60.0,Developing,,,,,,,,,63.1,,48.0,,,,,,,,,,,,,,,,,,,,,,,,54.9,,,,,,,,,,56.4,65.9
REC03817,Environmental Officer,Artificial Intelligence,MoSPI,Bachelor,12,67.1,28.8,82.3,66.7,2,68.1,Intermediate,,,,,,,,,68.8,,,,,,,,63.8,,,,62.9,,,,,,,,,,,,,,,,,,,59.0,,,,,,54.4
REC03818,Policy Analyst,Artificial Intelligence,Research,Bachelor,10,73.9,8.1,88.9,97.0,5,80.6,Advanced,,,,,,,,,86.9,,,,,,,,,,,,,,,,,,,,,,,,,71.9,,,,,,79.9,75.1,,,,,75.9
REC03819,Cybersecurity Analyst,Education,Policy,Master,5,81.0,66.5,75.4,62.6,1,65.0,Developing,,,,,,,,60.3,70.9,,,,,,,,,,,,,,,,,,,,,,,,61.6,,,,,,62.2,,,62.8,,,,
REC03820,Statistical Officer,Education,IT,Master,3,55.9,26.7,93.8,62.6,8,71.3,Intermediate,,,,,,,,,75.5,,56.8,,,,,,,,,,,,,,,,,,,,,,,,60.2,,,,,,,,,,66.7,69.7
REC03821,Legal Officer,Cybersecurity,MoSPI,Master,7,34.9,2.0,72.5,46.9,1,54.3,Developing,,,,,,,47.7,,,,,,,,,,,,,,,,,,,,,,52.4,,,,,40.5,,,,,,52.0,,58.3,,,,
REC03822,AI Engineer,Computer Science,Statistics Division,Bachelor,4,54.6,65.3,71.4,55.5,5,59.4,Developing,,,,,,,,,,,,,71.2,,,,,,,,,,,,,,,,,58.1,,52.1,,,,,,,60.9,,,,,53.9,,
REC03823,Software Engineer,Cybersecurity,DIID,Bachelor,4,75.7,57.6,67.1,67.5,2,61.3,Developing,,,,,,,,,,,,,,,,,,,,,,,,63.8,,,,,,,,,,,,57.9,,,62.6,,,,57.1,57.6,,
REC03824,Research Officer,Administration,Statistics Division,Bachelor,9,43.7,51.2,90.8,75.3,5,75.2,Intermediate,,,,,,,,,75.0,,69.8,,,,,,,,,,,,,,,,,,,,,,,,,,,,,74.3,71.8,,,,,81.2
REC03825,Environmental Officer,Education,Administration,PhD,10,65.6,43.4,93.9,59.9,7,72.8,Intermediate,,,,,,,,,75.7,,,,,,,,62.6,,,,68.3,,,,,,,,,,,,,,,,,,,74.0,,,,,,65.9
REC03826,AI Engineer,Artificial Intelligence,DIID,Bachelor,12,60.7,54.9,63.4,66.4,7,59.7,Developing,,,,,,,,,,,,,67.3,,,,,,,,,,,,,,,,,48.8,,57.3,,,,,,,67.8,,,,,60.3,,
REC03827,Biotechnology Faculty,Public Policy,Administration,Master,10,60.3,57.3,83.0,92.2,2,76.8,Intermediate,,,,,64.2,,,,72.9,,,,,,,,,,,,,76.1,,,68.1,,,,,,86.7,,,,,,,,,,,,,,,
REC03828,Data Analyst,Biotechnology,Data & Analytics,Master,10,79.2,12.9,93.3,87.1,3,80.3,Advanced,,,,,,,,,71.6,,74.4,,,,,,,,,,,,,,,,,,,,,,,,,,,,,,,,78.9,,73.0,85.9
REC03829,AI Engineer,Data Science,Data & Analytics,Bachelor,1,59.9,53.8,85.3,71.8,1,71.2,Intermediate,,,,,,,,,,,,,78.3,,,,,,,,,,,,,,,,,70.3,,71.8,,,,,,,64.4,,,,,73.3,,
REC03830,Administrative Officer,Administration,Administration,Master,10,85.7,75.9,70.7,67.0,2,65.8,Intermediate,,74.5,,,,,70.8,,62.6,,,,,,,,,,,,,,,,,,,,,,,,,,,,65.2,,,70.3,,,,,,
REC03831,HR Officer,Biotechnology,Policy,PhD,13,33.0,27.5,83.3,93.1,5,75.1,Intermediate,,,,,,,68.8,,83.3,,,,,,,,,,,,,,75.3,,,58.6,,,,,,,,,,,,,,67.6,,,,,,
REC03832,Administrative Officer,Cybersecurity,IT,Master,4,49.4,42.6,78.5,68.5,1,65.0,Intermediate,,59.3,,,,,58.6,,53.5,,,,,,,,,,,,,,,,,,,,,,,,,,,,61.4,,,61.6,,,,,,
REC03833,Legal Officer,Public Health,Policy,Master,9,67.2,48.2,83.4,90.1,2,76.1,Intermediate,,,,,,,78.0,,,,,,,,,,,,,,,,,,,,,,65.8,,,,,83.4,,,,,,65.1,,66.7,,,,
REC03834,Biotechnology Faculty,Administration,Administration,Master,8,44.5,37.2,76.5,100.0,4,74.5,Intermediate,,,,,71.7,,,,75.9,,,,,,,,,,,,,79.7,,,70.0,,,,,,75.7,,,,,,,,,,,,,,,
REC03835,Data Analyst,Economics,IT,Bachelor,0,44.9,61.7,90.2,66.1,1,70.7,Intermediate,,,,,,,,,73.0,,70.9,,,,,,,,,,,,,,,,,,,,,,,,,,,,,,,,69.9,,57.8,62.5
REC03836,Biotechnology Faculty,Economics,Training,Master,7,48.1,54.3,56.5,67.0,3,55.4,Developing,,,,,66.9,,,,65.0,,,,,,,,,,,,,47.0,,,57.6,,,,,,58.5,,,,,,,,,,,,,,,
REC03837,Cybersecurity Analyst,Data Science,Administration,Bachelor,0,71.1,39.1,61.0,95.0,4,64.6,Developing,,,,,,,,75.3,52.1,,,,,,,,,,,,,,,,,,,,,,,,65.2,,,,,,50.2,,,65.3,,,,
REC03838,Cybersecurity Analyst,Environment,DIID,Master,20,54.4,35.5,77.4,79.5,3,71.3,Intermediate,,,,,,,,74.5,77.5,,,,,,,,,,,,,,,,,,,,,,,,69.2,,,,,,60.1,,,83.0,,,,
REC03839,AI Engineer,Computer Science,Training,Master,8,35.2,44.8,70.2,85.0,2,66.2,Intermediate,,,,,,,,,,,,,63.2,,,,,,,,,,,,,,,,,69.2,,53.0,,,,,,,65.7,,,,,71.9,,
REC03840,Database Administrator,Artificial Intelligence,Policy,PhD,14,92.5,90.4,72.9,69.6,1,68.6,Intermediate,,,,,,,,,,66.2,,59.0,,,,,,,,,,,,,,,,,,,,,,,,61.3,,,76.1,,,,82.0,,,
REC03841,Education Officer,Data Science,Training,Bachelor,3,82.8,60.6,70.6,39.9,4,54.9,Developing,,,,52.8,,,57.3,,50.8,,,,,,,47.2,,,,,,,,,,,,46.4,,,,,,,,,,,,,,,,,,
REC03842,Data Analyst,Public Health,Statistics Division,Bachelor,3,67.5,56.4,59.6,77.9,3,60.1,Developing,,,,,,,,,60.1,,57.6,,,,,,,,,,,,,,,,,,,,,,,,,,,,,,,,66.7,,59.1,56.0
REC03843,Policy Analyst,Public Health,Training,Master,12,81.7,49.0,59.7,93.3,4,66.1,Intermediate,,,,,,,,,52.1,,,,,,,,,,,,,,,,,,,,,,,,,63.5,,,,,,64.4,69.4,,,,,72.1
REC03844,Economist,Public Policy,Policy,PhD,14,48.3,32.9,84.5,82.9,6,73.8,Intermediate,,,,,,,,,62.7,,,,,74.4,69.0,,,,,,,,,,,,,,,,,,,,,,,,,68.9,,,,,,72.6
REC03845,HR Officer,Economics,IT,Master,6,46.3,16.5,95.2,66.4,6,72.4,Intermediate,,,,,,,57.6,,68.3,,,,,,,,,,,,,,64.6,,,69.7,,,,,,,,,,,,,,66.3,,,,,,
REC03846,Legal Officer,Public Health,Training,Bachelor,3,83.7,41.9,100.0,62.1,3,76.3,Intermediate,,,,,,,78.6,,,,,,,,,,,,,,,,,,,,,,72.0,,,,,68.0,,,,,,66.6,,69.1,,,,
REC03847,Research Officer,Education,Policy,Bachelor,0,31.4,36.2,85.1,65.9,5,66.0,Intermediate,,,,,,,,,59.3,,54.4,,,,,,,,,,,,,,,,,,,,,,,,,,,,,61.6,54.9,,,,,67.8
REC03848,Legal Officer,Agriculture,Statistics Division,Master,8,42.5,31.8,73.9,63.6,1,61.4,Developing,,,,,,,60.6,,,,,,,,,,,,,,,,,,,,,,65.1,,,,,53.7,,,,,,54.6,,51.5,,,,
REC03849,Education Officer,Statistics,DIID,Master,9,5.0,48.6,87.7,80.8,2,71.6,Intermediate,,,,69.9,,,63.4,,65.8,,,,,,,56.4,,,,,,,,,,,,59.4,,,,,,,,,,,,,,,,,,
REC03850,Project Manager,Education,Policy,Master,11,50.7,64.7,91.7,76.1,1,76.1,Intermediate,,,,,,,68.3,,72.7,,,,,,,,,,,,,,,,,,64.1,,,,,,,,,74.8,75.1,,,,,,,,,
REC03851,Economist,Administration,DIID,PhD,10,63.1,26.1,72.6,75.0,1,65.0,Intermediate,,,,,,,,,66.1,,,,,66.6,59.2,,,,,,,,,,,,,,,,,,,,,,,,,47.5,,,,,,57.8
REC03852,Administrative Officer,Cybersecurity,IT,PhD,14,79.6,51.2,74.1,58.6,3,64.1,Developing,,65.7,,,,,59.2,,60.8,,,,,,,,,,,,,,,,,,,,,,,,,,,,72.3,,,63.0,,,,,,
REC03853,Statistical Officer,Finance,Policy,Master,6,45.6,45.1,79.8,68.6,5,65.8,Intermediate,,,,,,,,,55.4,,45.5,,,,,,,,,,,,,,,,,,,,,,,,70.1,,,,,,,,,,56.6,68.5
REC03854,Data Scientist,Agriculture,IT,Master,1,27.0,38.4,65.3,97.6,4,65.8,Intermediate,,,,,,,,,69.2,,59.5,,,,,,,,,,,,,,,,,,,68.8,,,,,,,,,65.7,,,,,,,60.6
REC03855,Environmental Officer,Education,IT,Bachelor,8,80.7,34.7,81.5,69.1,6,68.9,Intermediate,,,,,,,,,69.4,,,,,,,,65.9,,,,63.7,,,,,,,,,,,,,,,,,,,58.8,,,,,,59.8
REC03856,Environmental Officer,Finance,Statistics Division,Master,5,74.9,47.2,84.3,81.2,2,74.0,Intermediate,,,,,,,,,73.5,,,,,,,,81.4,,,,70.8,,,,,,,,,,,,,,,,,,,67.6,,,,,,63.1
REC03857,Database Administrator,Artificial Intelligence,Training,PhD,5,59.4,61.8,73.2,77.2,1,66.6,Intermediate,,,,,,,,,,71.8,,53.7,,,,,,,,,,,,,,,,,,,,,,,,60.6,,,66.2,,,,65.0,,,
REC03858,Data Scientist,Public Health,Training,Master,10,84.2,24.9,54.7,93.6,1,63.3,Developing,,,,,,,,,69.6,,52.7,,,,,,,,,,,,,,,,,,,62.9,,,,,,,,,72.6,,,,,,,64.0
REC03859,Agriculture Officer,Public Health,Policy,Bachelor,5,42.4,62.9,75.8,82.0,2,68.9,Intermediate,,,75.8,,,,,,68.9,,,,,,,,,,,,67.6,,,,,,,,,,,,,,,,,,,72.5,,,,,,56.1
REC03860,Biotechnology Faculty,Agriculture,Data & Analytics,Bachelor,15,55.7,37.3,61.4,95.6,4,67.6,Intermediate,,,,,55.1,,,,77.7,,,,,,,,,,,,,77.5,,,76.8,,,,,,74.1,,,,,,,,,,,,,,,
REC03861,Legal Officer,Public Policy,Administration,Master,10,49.4,81.2,87.5,66.2,4,70.8,Intermediate,,,,,,,64.6,,,,,,,,,,,,,,,,,,,,,,63.3,,,,,65.9,,,,,,61.5,,60.5,,,,
REC03862,Software Engineer,Computer Science,IT,Master,0,46.1,32.7,78.8,60.2,2,62.0,Developing,,,,,,,,,,,,,,,,,,,,,,,,44.3,,,,,,,,,,,,68.3,,,59.3,,,,49.8,64.7,,
REC03863,Project Manager,Cybersecurity,Data & Analytics,Master,6,88.2,50.8,63.5,100.0,3,70.0,Intermediate,,,,,,,67.3,,68.6,,,,,,,,,,,,,,,,,,76.9,,,,,,,,,71.6,65.0,,,,,,,,,
REC03864,AI Engineer,Cybersecurity,IT,Master,10,98.0,42.3,62.0,67.1,6,60.1,Developing,,,,,,,,,,,,,61.7,,,,,,,,,,,,,,,,,53.6,,58.6,,,,,,,60.6,,,,,58.5,,
REC03865,Economist,Public Health,Policy,Master,6,53.0,44.7,94.3,66.5,7,73.7,Intermediate,,,,,,,,,75.7,,,,,64.7,73.8,,,,,,,,,,,,,,,,,,,,,,,,,68.4,,,,,,66.2
REC03866,Research Officer,Cybersecurity,Data & Analytics,PhD,7,60.7,62.8,92.6,60.0,3,71.5,Intermediate,,,,,,,,,53.9,,69.9,,,,,,,,,,,,,,,,,,,,,,,,,,,,,66.4,49.8,,,,,82.8
REC03867,AI Engineer,Data Science,Research,Bachelor,9,76.6,38.4,75.0,87.9,1,71.4,Intermediate,,,,,,,,,,,,,68.2,,,,,,,,,,,,,,,,,70.8,,63.8,,,,,,,71.5,,,,,67.2,,
REC03868,Finance Officer,Statistics,DIID,PhD,9,47.0,22.7,92.2,69.5,1,72.7,Intermediate,72.9,,,,,,,,,,60.9,,,,,,,,68.4,76.9,,,,,,,,,,,,,,,,,,,,,,,,,,58.1
REC03869,Project Manager,Education,Training,Master,7,14.3,29.7,87.7,66.4,6,67.5,Intermediate,,,,,,,51.2,,69.5,,,,,,,,,,,,,,,,,,63.4,,,,,,,,,70.4,53.2,,,,,,,,,
REC03870,HR Officer,Artificial Intelligence,Training,Master,4,42.2,47.0,64.8,82.9,5,61.7,Developing,,,,,,,54.3,,54.4,,,,,,,,,,,,,,67.1,,,57.4,,,,,,,,,,,,,,43.9,,,,,,
REC03871,Statistical Officer,Finance,Training,Bachelor,11,77.5,25.8,90.3,75.7,6,75.4,Intermediate,,,,,,,,,68.4,,74.9,,,,,,,,,,,,,,,,,,,,,,,,71.5,,,,,,,,,,64.3,69.1
REC03872,Economist,Agriculture,Administration,Bachelor,8,62.5,43.7,82.5,70.3,3,69.9,Intermediate,,,,,,,,,74.7,,,,,69.7,71.8,,,,,,,,,,,,,,,,,,,,,,,,,65.3,,,,,,64.9
REC03873,Environmental Officer,Artificial Intelligence,Administration,PhD,12,78.9,45.0,72.3,82.2,4,69.1,Intermediate,,,,,,,,,60.0,,,,,,,,66.3,,,,59.6,,,,,,,,,,,,,,,,,,,79.2,,,,,,66.8
REC03874,Statistical Officer,Cybersecurity,Research,Master,11,79.7,67.3,95.8,74.3,1,79.4,Intermediate,,,,,,,,,72.4,,61.5,,,,,,,,,,,,,,,,,,,,,,,,80.2,,,,,,,,,,70.5,87.1
REC03875,Finance Officer,Public Policy,DIID,PhD,11,42.9,28.2,91.3,64.1,1,70.9,Intermediate,75.5,,,,,,,,,,57.8,,,,,,,,71.4,62.2,,,,,,,,,,,,,,,,,,,,,,,,,,59.9
REC03876,Project Manager,Economics,Training,PhD,8,51.9,27.2,81.6,97.7,1,75.2,Intermediate,,,,,,,60.7,,81.3,,,,,,,,,,,,,,,,,,66.2,,,,,,,,,68.6,60.8,,,,,,,,,
REC03877,Environmental Officer,Education,Research,Bachelor,2,31.4,69.5,71.1,75.2,5,64.1,Developing,,,,,,,,,64.7,,,,,,,,61.3,,,,72.8,,,,,,,,,,,,,,,,,,,72.4,,,,,,60.3
REC03878,Education Officer,Economics,MoSPI,Master,4,78.1,55.8,79.6,76.5,1,69.5,Intermediate,,,,66.0,,,60.2,,61.5,,,,,,,63.8,,,,,,,,,,,,54.9,,,,,,,,,,,,,,,,,,
REC03879,Environmental Officer,Environment,Training,Master,0,52.1,71.0,82.7,60.6,4,65.5,Intermediate,,,,,,,,,63.9,,,,,,,,66.7,,,,55.4,,,,,,,,,,,,,,,,,,,66.6,,,,,,48.7
REC03880,Data Scientist,Artificial Intelligence,MoSPI,PhD,9,12.5,47.3,85.8,95.1,2,76.0,Intermediate,,,,,,,,,67.3,,69.4,,,,,,,,,,,,,,,,,,,73.4,,,,,,,,,76.5,,,,,,,73.2
REC03881,Biotechnology Faculty,Data Science,Statistics Division,Master,3,128.3,56.1,71.2,75.5,1,67.3,Intermediate,,,,,62.8,,,,44.1,,,,,,,,,,,,,74.6,,,56.8,,,,,,58.8,,,,,,,,,,,,,,,
REC03882,Public Health Officer,Statistics,DIID,Bachelor,8,63.1,48.2,75.8,87.0,1,71.1,Intermediate,,,,,,61.3,,,69.3,,,,,,,,,71.0,,,,,,,,,,,,,,,,,,,,70.7,,71.4,,,,,,
REC03883,Agriculture Officer,Finance,IT,PhD,8,77.0,23.2,85.6,53.1,2,64.7,Developing,,,53.3,,,,,,54.3,,,,,,,,,,,,43.6,,,,,,,,,,,,,,,,,,,50.9,,,,,,62.1
REC03884,Database Administrator,Artificial Intelligence,Policy,Bachelor,11,22.9,36.8,93.3,70.0,5,73.2,Intermediate,,,,,,,,,,65.6,,72.3,,,,,,,,,,,,,,,,,,,,,,,,63.6,,,77.6,,,,71.2,,,
REC03885,Finance Officer,Agriculture,DIID,PhD,7,46.5,41.1,78.1,83.0,1,69.0,Intermediate,65.3,,,,,,,,,,58.3,,,,,,,,59.2,61.3,,,,,,,,,,,,,,,,,,,,,,,,,,61.7
REC03886,Finance Officer,Agriculture,Research,Bachelor,10,79.3,34.1,78.2,60.0,5,65.1,Intermediate,60.1,,,,,,,,,,62.3,,,,,,,,67.9,64.4,,,,,,,,,,,,,,,,,,,,,,,,,,56.1
REC03887,Administrative Officer,Biotechnology,Statistics Division,Master,1,65.0,30.3,69.7,70.6,5,61.0,Developing,,58.8,,,,,53.8,,62.3,,,,,,,,,,,,,,,,,,,,,,,,,,,,49.3,,,51.2,,,,,,
REC03888,HR Officer,Public Health,Policy,Master,12,62.8,42.1,83.0,100.0,3,79.3,Intermediate,,,,,,,75.7,,74.5,,,,,,,,,,,,,,77.2,,,78.4,,,,,,,,,,,,,,84.3,,,,,,
REC03889,Administrative Officer,Administration,Statistics Division,Master,13,58.5,58.6,68.3,77.9,2,65.5,Intermediate,,62.5,,,,,63.4,,72.5,,,,,,,,,,,,,,,,,,,,,,,,,,,,59.7,,,64.9,,,,,,
REC03890,AI Engineer,Artificial Intelligence,MoSPI,PhD,19,153.2,91.6,71.9,100.0,1,80.3,Advanced,,,,,,,,,,,,,74.2,,,,,,,,,,,,,,,,,80.0,,72.3,,,,,,,87.4,,,,,71.8,,
REC03891,Biotechnology Faculty,Artificial Intelligence,Statistics Division,Master,6,35.6,44.1,79.9,78.5,5,69.0,Intermediate,,,,,82.7,,,,59.0,,,,,,,,,,,,,64.7,,,68.2,,,,,,58.1,,,,,,,,,,,,,,,
REC03892,Finance Officer,Agriculture,IT,Bachelor,8,32.8,57.6,60.9,62.5,4,55.6,Developing,58.2,,,,,,,,,,60.0,,,,,,,,60.4,49.7,,,,,,,,,,,,,,,,,,,,,,,,,,61.9
REC03893,Agriculture Officer,Administration,Data & Analytics,Master,10,61.7,30.6,69.7,81.3,2,65.7,Intermediate,,,66.3,,,,,,55.2,,,,,,,,,,,,57.5,,,,,,,,,,,,,,,,,,,72.0,,,,,,59.7
REC03894,Environmental Officer,Agriculture,Administration,Master,7,36.4,42.7,68.8,81.1,3,64.0,Developing,,,,,,,,,72.3,,,,,,,,62.6,,,,64.7,,,,,,,,,,,,,,,,,,,54.0,,,,,,53.9
REC03895,Project Manager,Education,Statistics Division,Master,11,74.2,48.4,53.0,77.5,7,57.8,Developing,,,,,,,58.9,,56.7,,,,,,,,,,,,,,,,,,58.1,,,,,,,,,68.8,48.0,,,,,,,,,
REC03896,Legal Officer,Environment,Data & Analytics,Master,11,87.8,28.2,100.0,84.8,3,84.2,Advanced,,,,,,,88.8,,,,,,,,,,,,,,,,,,,,,,72.4,,,,,88.2,,,,,,76.5,,76.6,,,,
REC03897,HR Officer,Administration,Statistics Division,Master,12,83.9,37.8,84.7,80.1,2,74.6,Intermediate,,,,,,,67.5,,74.1,,,,,,,,,,,,,,57.5,,,63.1,,,,,,,,,,,,,,80.6,,,,,,
REC03898,Agriculture Officer,Finance,Data & Analytics,Master,10,69.0,28.3,60.4,53.6,3,52.7,Developing,,,51.6,,,,,,51.8,,,,,,,,,,,,49.2,,,,,,,,,,,,,,,,,,,38.3,,,,,,46.0
REC03899,Economist,Administration,Research,Master,9,35.9,56.5,66.3,67.3,3,59.5,Developing,,,,,,,,,59.2,,,,,59.5,63.9,,,,,,,,,,,,,,,,,,,,,,,,,56.2,,,,,,52.5
REC03900,Software Engineer,Computer Science,Data & Analytics,Master,7,48.0,65.3,61.2,77.8,3,60.6,Developing,,,,,,,,,,,,,,,,,,,,,,,,65.7,,,,,,,,,,,,61.6,,,54.9,,,,64.2,52.2,,
REC03901,AI Engineer,Artificial Intelligence,Statistics Division,Bachelor,10,79.2,38.6,62.7,79.7,1,62.9,Developing,,,,,,,,,,,,,61.8,,,,,,,,,,,,,,,,,63.2,,66.7,,,,,,,53.6,,,,,57.3,,
REC03902,Finance Officer,Data Science,Policy,Master,14,83.7,43.0,75.9,100.0,4,76.6,Intermediate,70.1,,,,,,,,,,68.2,,,,,,,,69.3,83.9,,,,,,,,,,,,,,,,,,,,,,,,,,74.2
REC03903,Administrative Officer,Economics,Training,PhD,6,23.5,30.8,77.0,45.9,2,56.3,Developing,,56.3,,,,,48.8,,47.0,,,,,,,,,,,,,,,,,,,,,,,,,,,,51.8,,,50.4,,,,,,
REC03904,AI Engineer,Data Science,Policy,PhD,9,18.2,22.8,82.7,76.7,4,68.3,Intermediate,,,,,,,,,,,,,63.3,,,,,,,,,,,,,,,,,70.1,,49.9,,,,,,,65.4,,,,,65.8,,
REC03905,Software Engineer,Computer Science,MoSPI,Master,2,59.9,27.6,60.3,86.3,2,61.2,Developing,,,,,,,,,,,,,,,,,,,,,,,,52.2,,,,,,,,,,,,59.4,,,66.2,,,,65.0,54.8,,
REC03906,Economist,Administration,IT,Master,1,52.7,42.1,60.3,75.1,1,57.7,Developing,,,,,,,,,50.6,,,,,57.0,53.0,,,,,,,,,,,,,,,,,,,,,,,,,65.5,,,,,,51.6
REC03907,Policy Analyst,Artificial Intelligence,Policy,Bachelor,0,27.1,31.9,56.1,28.6,3,40.3,Beginner,,,,,,,,,39.4,,,,,,,,,,,,,,,,,,,,,,,,,41.2,,,,,,27.1,45.7,,,,,42.0
REC03908,Finance Officer,Environment,Policy,Master,4,88.9,51.1,86.1,92.0,3,79.0,Intermediate,77.7,,,,,,,,,,79.5,,,,,,,,68.6,89.8,,,,,,,,,,,,,,,,,,,,,,,,,,68.1
REC03909,Economist,Economics,Research,Master,11,44.1,35.2,95.2,91.7,7,81.3,Advanced,,,,,,,,,65.9,,,,,79.7,74.7,,,,,,,,,,,,,,,,,,,,,,,,,79.7,,,,,,79.5
REC03910,Policy Analyst,Cybersecurity,MoSPI,Master,5,67.5,44.5,59.9,85.2,8,61.2,Developing,,,,,,,,,59.1,,,,,,,,,,,,,,,,,,,,,,,,,54.6,,,,,,58.6,50.1,,,,,54.2
REC03911,Data Scientist,Public Health,Policy,PhD,0,71.9,45.5,81.5,66.7,3,66.8,Intermediate,,,,,,,,,66.8,,65.7,,,,,,,,,,,,,,,,,,,54.1,,,,,,,,,56.1,,,,,,,60.8
REC03912,Agriculture Officer,Finance,IT,Bachelor,2,56.7,39.0,62.5,76.1,4,59.0,Developing,,,51.4,,,,,,54.7,,,,,,,,,,,,58.4,,,,,,,,,,,,,,,,,,,51.3,,,,,,55.5
REC03913,Environmental Officer,Biotechnology,Policy,Master,7,56.3,51.8,73.9,58.8,2,61.2,Developing,,,,,,,,,50.7,,,,,,,,58.9,,,,58.0,,,,,,,,,,,,,,,,,,,60.1,,,,,,59.5
REC03914,Cybersecurity Analyst,Biotechnology,Data & Analytics,Bachelor,6,57.0,26.9,91.7,77.0,4,74.6,Intermediate,,,,,,,,56.5,74.9,,,,,,,,,,,,,,,,,,,,,,,,67.2,,,,,,70.9,,,69.8,,,,
REC03915,Environmental Officer,Data Science,IT,Master,2,7.5,46.4,69.2,75.7,3,59.8,Developing,,,,,,,,,53.8,,,,,,,,57.2,,,,55.1,,,,,,,,,,,,,,,,,,,47.1,,,,,,52.1
REC03916,Biotechnology Faculty,Administration,DIID,PhD,10,80.5,60.3,58.9,84.0,1,63.3,Developing,,,,,72.7,,,,61.6,,,,,,,,,,,,,58.5,,,50.6,,,,,,73.4,,,,,,,,,,,,,,,
REC03917,AI Engineer,Computer Science,Data & Analytics,Master,11,24.1,30.0,79.1,86.1,2,70.4,Intermediate,,,,,,,,,,,,,68.6,,,,,,,,,,,,,,,,,74.6,,77.0,,,,,,,60.1,,,,,57.9,,
REC03918,Data Analyst,Cybersecurity,Research,Master,10,88.6,43.0,84.7,93.9,6,79.6,Intermediate,,,,,,,,,85.8,,66.6,,,,,,,,,,,,,,,,,,,,,,,,,,,,,,,,84.5,,77.9,77.3
REC03919,Biotechnology Faculty,Education,Policy,Master,4,45.2,65.6,90.8,53.4,4,66.7,Intermediate,,,,,54.4,,,,50.2,,,,,,,,,,,,,50.8,,,70.5,,,,,,52.3,,,,,,,,,,,,,,,
REC03920,Education Officer,Biotechnology,DIID,Master,13,107.3,102.4,62.9,97.6,3,72.5,Intermediate,,,,57.7,,,82.0,,78.5,,,,,,,75.5,,,,,,,,,,,,68.1,,,,,,,,,,,,,,,,,,
REC03921,Database Administrator,Artificial Intelligence,IT,Master,11,83.4,48.9,81.7,100.0,4,78.3,Intermediate,,,,,,,,,,71.6,,75.2,,,,,,,,,,,,,,,,,,,,,,,,53.7,,,70.4,,,,71.4,,,
REC03922,Agriculture Officer,Economics,Administration,PhD,15,65.2,43.6,100.0,68.6,2,79.3,Intermediate,,,83.0,,,,,,75.9,,,,,,,,,,,,70.4,,,,,,,,,,,,,,,,,,,74.2,,,,,,76.2
REC03923,HR Officer,Administration,MoSPI,Bachelor,11,50.0,55.6,87.5,78.7,6,74.8,Intermediate,,,,,,,73.9,,72.8,,,,,,,,,,,,,,70.2,,,80.1,,,,,,,,,,,,,,65.4,,,,,,
REC03924,Education Officer,Data Science,Research,Master,9,82.7,56.2,93.8,86.6,3,81.7,Advanced,,,,89.6,,,81.1,,67.8,,,,,,,86.1,,,,,,,,,,,,66.6,,,,,,,,,,,,,,,,,,
REC03925,Economist,Agriculture,IT,PhD,6,43.0,54.3,68.3,78.1,2,64.2,Developing,,,,,,,,,55.2,,,,,67.9,66.6,,,,,,,,,,,,,,,,,,,,,,,,,64.0,,,,,,76.5
REC03926,Database Administrator,Cybersecurity,IT,PhD,0,44.1,62.2,83.8,72.2,4,68.6,Intermediate,,,,,,,,,,64.5,,64.7,,,,,,,,,,,,,,,,,,,,,,,,59.2,,,66.8,,,,56.0,,,
REC03927,Environmental Officer,Environment,Data & Analytics,Master,13,71.9,50.6,82.2,93.2,2,77.7,Intermediate,,,,,,,,,72.2,,,,,,,,71.1,,,,87.0,,,,,,,,,,,,,,,,,,,68.8,,,,,,80.6
REC03928,Finance Officer,Public Policy,Statistics Division,PhD,11,70.1,60.5,94.6,75.5,2,78.0,Intermediate,72.1,,,,,,,,,,76.7,,,,,,,,78.6,56.4,,,,,,,,,,,,,,,,,,,,,,,,,,71.2
REC03929,Software Engineer,Artificial Intelligence,IT,Master,11,65.9,42.1,63.5,59.8,4,57.6,Developing,,,,,,,,,,,,,,,,,,,,,,,,66.8,,,,,,,,,,,,49.2,,,65.5,,,,53.3,56.1,,
REC03930,Public Health Officer,Economics,IT,Bachelor,4,69.2,84.5,72.6,65.5,4,64.2,Developing,,,,,,59.2,,,54.6,,,,,,,,,67.2,,,,,,,,,,,,,,,,,,,,55.9,,78.7,,,,,,
REC03931,Administrative Officer,Data Science,Statistics Division,Bachelor,8,56.8,30.6,59.4,79.4,2,59.9,Developing,,65.3,,,,,67.8,,57.1,,,,,,,,,,,,,,,,,,,,,,,,,,,,57.9,,,54.3,,,,,,
REC03932,Policy Analyst,Data Science,Statistics Division,Master,7,44.1,45.6,80.2,84.9,4,71.5,Intermediate,,,,,,,,,68.3,,,,,,,,,,,,,,,,,,,,,,,,,59.5,,,,,,78.8,66.4,,,,,69.1
REC03933,Agriculture Officer,Administration,Administration,PhD,11,97.4,45.6,80.7,76.0,1,71.6,Intermediate,,,58.7,,,,,,66.8,,,,,,,,,,,,59.4,,,,,,,,,,,,,,,,,,,66.5,,,,,,65.1
REC03934,Legal Officer,Agriculture,DIID,PhD,4,20.1,49.7,58.0,45.9,3,47.8,Beginner,,,,,,,39.8,,,,,,,,,,,,,,,,,,,,,,58.8,,,,,44.5,,,,,,49.6,,61.3,,,,
REC03935,Data Scientist,Public Policy,Research,Master,3,5.5,14.3,88.6,66.9,3,66.2,Intermediate,,,,,,,,,54.5,,53.4,,,,,,,,,,,,,,,,,,,56.0,,,,,,,,,53.4,,,,,,,70.2
REC03936,AI Engineer,Data Science,Data & Analytics,Bachelor,4,37.2,66.5,72.3,65.1,1,60.9,Developing,,,,,,,,,,,,,51.6,,,,,,,,,,,,,,,,,54.6,,67.9,,,,,,,56.7,,,,,47.4,,
REC03937,Data Analyst,Statistics,Administration,Bachelor,11,70.9,45.2,67.3,76.8,1,64.4,Developing,,,,,,,,,58.8,,63.0,,,,,,,,,,,,,,,,,,,,,,,,,,,,,,,,65.8,,65.3,55.7
REC03938,Policy Analyst,Economics,Research,Master,9,50.8,29.6,79.2,86.3,1,71.8,Intermediate,,,,,,,,,82.6,,,,,,,,,,,,,,,,,,,,,,,,,70.1,,,,,,68.5,69.5,,,,,58.9
REC03939,Policy Analyst,Public Policy,IT,Bachelor,9,62.4,33.4,61.6,88.7,1,63.9,Developing,,,,,,,,,65.6,,,,,,,,,,,,,,,,,,,,,,,,,58.5,,,,,,62.5,58.4,,,,,64.3
REC03940,Cybersecurity Analyst,Public Health,IT,Master,4,63.8,49.8,83.0,70.4,5,69.2,Intermediate,,,,,,,,67.7,65.6,,,,,,,,,,,,,,,,,,,,,,,,56.9,,,,,,70.5,,,63.7,,,,
REC03941,HR Officer,Education,Policy,Bachelor,11,65.8,26.4,74.8,83.9,4,69.9,Intermediate,,,,,,,77.0,,68.5,,,,,,,,,,,,,,75.3,,,70.4,,,,,,,,,,,,,,55.1,,,,,,
REC03942,Biotechnology Faculty,Data Science,Statistics Division,PhD,8,68.2,52.3,76.6,59.6,3,64.0,Developing,,,,,65.1,,,,55.9,,,,,,,,,,,,,66.7,,,62.8,,,,,,59.8,,,,,,,,,,,,,,,
REC03943,Data Analyst,Environment,Statistics Division,Master,0,48.4,69.3,62.5,66.8,3,57.0,Developing,,,,,,,,,54.4,,42.8,,,,,,,,,,,,,,,,,,,,,,,,,,,,,,,,60.2,,54.9,64.2
REC03944,HR Officer,Administration,Statistics Division,Bachelor,0,42.1,43.6,85.3,61.1,2,65.7,Intermediate,,,,,,,57.1,,65.4,,,,,,,,,,,,,,59.5,,,56.7,,,,,,,,,,,,,,65.9,,,,,,
REC03945,Education Officer,Economics,Research,Bachelor,7,56.6,57.6,70.3,73.4,3,64.1,Developing,,,,48.2,,,66.1,,63.6,,,,,,,65.7,,,,,,,,,,,,66.1,,,,,,,,,,,,,,,,,,
REC03946,Data Scientist,Public Policy,Research,PhD,5,41.9,38.3,100.0,83.1,1,80.8,Advanced,,,,,,,,,84.4,,71.4,,,,,,,,,,,,,,,,,,,88.0,,,,,,,,,70.0,,,,,,,71.1
REC03947,Data Analyst,Cybersecurity,Statistics Division,Master,0,67.5,37.7,87.7,66.3,2,69.3,Intermediate,,,,,,,,,65.1,,64.6,,,,,,,,,,,,,,,,,,,,,,,,,,,,,,,,67.4,,58.6,56.7
REC03948,Biotechnology Faculty,Statistics,Data & Analytics,Master,10,66.6,14.1,67.4,60.3,2,57.9,Developing,,,,,53.7,,,,52.6,,,,,,,,,,,,,47.0,,,56.8,,,,,,56.1,,,,,,,,,,,,,,,
REC03949,Research Officer,Economics,Training,Bachelor,4,33.4,24.5,71.5,71.8,3,61.5,Developing,,,,,,,,,63.8,,55.3,,,,,,,,,,,,,,,,,,,,,,,,,,,,,48.8,61.0,,,,,64.0
REC03950,Environmental Officer,Agriculture,Training,Bachelor,11,77.5,49.7,83.9,85.8,1,76.2,Intermediate,,,,,,,,,71.9,,,,,,,,61.2,,,,76.3,,,,,,,,,,,,,,,,,,,73.8,,,,,,81.7
REC03951,Project Manager,Education,Statistics Division,Bachelor,7,69.4,48.7,71.6,58.3,1,60.8,Developing,,,,,,,68.2,,61.4,,,,,,,,,,,,,,,,,,45.1,,,,,,,,,60.3,60.1,,,,,,,,,
REC03952,Biotechnology Faculty,Agriculture,Policy,Master,3,22.0,47.8,82.4,66.2,4,65.1,Intermediate,,,,,48.8,,,,78.4,,,,,,,,,,,,,59.0,,,50.2,,,,,,63.6,,,,,,,,,,,,,,,
REC03953,Education Officer,Administration,Policy,Bachelor,5,87.4,46.8,90.3,73.7,4,75.6,Intermediate,,,,77.1,,,70.8,,60.7,,,,,,,75.4,,,,,,,,,,,,77.9,,,,,,,,,,,,,,,,,,
REC03954,Education Officer,Environment,IT,Master,13,5.0,30.3,90.4,41.4,3,62.5,Developing,,,,48.9,,,56.4,,66.5,,,,,,,68.4,,,,,,,,,,,,56.6,,,,,,,,,,,,,,,,,,
REC03955,Software Engineer,Data Science,Training,Bachelor,11,65.3,44.3,68.6,70.3,1,63.0,Developing,,,,,,,,,,,,,,,,,,,,,,,,58.1,,,,,,,,,,,,67.5,,,59.3,,,,63.6,60.5,,
REC03956,Agriculture Officer,Economics,Statistics Division,PhD,8,52.8,56.0,67.7,84.1,1,65.5,Intermediate,,,52.8,,,,,,46.3,,,,,,,,,,,,69.5,,,,,,,,,,,,,,,,,,,79.5,,,,,,61.1
REC03957,Administrative Officer,Education,Data & Analytics,Master,8,36.0,41.5,73.5,79.0,3,65.0,Developing,,75.1,,,,,48.8,,47.7,,,,,,,,,,,,,,,,,,,,,,,,,,,,59.7,,,54.3,,,,,,
REC03958,Education Officer,Statistics,Research,Master,7,87.0,81.5,65.5,88.5,4,67.6,Intermediate,,,,55.7,,,70.4,,64.0,,,,,,,52.6,,,,,,,,,,,,65.0,,,,,,,,,,,,,,,,,,
REC03959,Research Officer,Data Science,Administration,Master,7,33.5,26.5,75.5,91.1,3,69.5,Intermediate,,,,,,,,,70.8,,65.8,,,,,,,,,,,,,,,,,,,,,,,,,,,,,59.3,63.9,,,,,63.1
REC03960,Cybersecurity Analyst,Education,MoSPI,Bachelor,6,37.1,58.8,77.6,92.4,2,72.2,Intermediate,,,,,,,,62.8,74.3,,,,,,,,,,,,,,,,,,,,,,,,66.7,,,,,,71.2,,,68.7,,,,
REC03961,Biotechnology Faculty,Education,Training,Master,0,31.4,59.5,56.2,76.4,1,55.4,Developing,,,,,41.9,,,,58.2,,,,,,,,,,,,,67.3,,,52.2,,,,,,50.0,,,,,,,,,,,,,,,
REC03962,Cybersecurity Analyst,Agriculture,Data & Analytics,Bachelor,0,39.5,35.5,70.3,50.6,3,54.6,Developing,,,,,,,,52.3,32.7,,,,,,,,,,,,,,,,,,,,,,,,58.2,,,,,,57.7,,,55.0,,,,
REC03963,Agriculture Officer,Administration,Administration,Master,5,30.2,49.0,50.2,82.7,4,54.3,Developing,,,51.6,,,,,,54.6,,,,,,,,,,,,58.7,,,,,,,,,,,,,,,,,,,42.2,,,,,,56.3
REC03964,Public Health Officer,Environment,Research,PhD,6,54.7,32.6,74.7,72.8,3,65.5,Intermediate,,,,,,76.3,,,53.2,,,,,,,,,72.6,,,,,,,,,,,,,,,,,,,,64.9,,56.8,,,,,,
REC03965,Statistical Officer,Public Health,MoSPI,Master,8,41.0,39.9,70.8,64.5,1,60.3,Developing,,,,,,,,,62.3,,51.7,,,,,,,,,,,,,,,,,,,,,,,,61.8,,,,,,,,,,57.1,52.9
REC03966,Data Analyst,Artificial Intelligence,Research,Bachelor,2,58.8,40.5,65.3,62.0,5,56.7,Developing,,,,,,,,,59.8,,39.9,,,,,,,,,,,,,,,,,,,,,,,,,,,,,,,,57.4,,59.9,49.9
REC03967,Education Officer,Public Health,MoSPI,Master,9,75.6,40.3,84.6,86.6,2,75.5,Intermediate,,,,76.8,,,65.0,,51.9,,,,,,,70.7,,,,,,,,,,,,78.9,,,,,,,,,,,,,,,,,,
REC03968,HR Officer,Economics,Research,Master,2,37.3,28.9,51.4,88.4,1,55.7,Developing,,,,,,,49.2,,60.0,,,,,,,,,,,,,,40.5,,,59.5,,,,,,,,,,,,,,53.2,,,,,,
REC03969,Project Manager,Computer Science,Administration,Bachelor,7,26.1,35.6,77.2,81.8,4,68.0,Intermediate,,,,,,,61.3,,67.9,,,,,,,,,,,,,,,,,,73.4,,,,,,,,,68.1,59.9,,,,,,,,,
REC03970,Public Health Officer,Administration,Policy,PhD,5,39.5,69.2,93.6,59.7,6,71.8,Intermediate,,,,,,70.5,,,75.0,,,,,,,,,65.3,,,,,,,,,,,,,,,,,,,,74.2,,71.1,,,,,,
REC03971,Data Scientist,Economics,MoSPI,Master,1,23.1,52.7,83.6,73.9,5,68.1,Intermediate,,,,,,,,,64.8,,51.5,,,,,,,,,,,,,,,,,,,67.3,,,,,,,,,68.7,,,,,,,68.0
REC03972,Administrative Officer,Education,Statistics Division,PhD,3,51.4,54.9,69.6,65.6,5,58.9,Developing,,58.3,,,,,51.3,,34.6,,,,,,,,,,,,,,,,,,,,,,,,,,,,49.3,,,46.3,,,,,,
REC03973,Data Scientist,Environment,Policy,Master,10,35.3,6.3,55.8,73.4,1,54.7,Developing,,,,,,,,,66.8,,47.9,,,,,,,,,,,,,,,,,,,49.3,,,,,,,,,62.2,,,,,,,52.0
REC03974,Data Analyst,Agriculture,Data & Analytics,Bachelor,14,84.6,46.3,83.6,72.3,4,72.6,Intermediate,,,,,,,,,71.9,,71.4,,,,,,,,,,,,,,,,,,,,,,,,,,,,,,,,61.4,,64.0,75.7
REC03975,HR Officer,Artificial Intelligence,MoSPI,Master,12,73.2,47.8,80.6,68.0,3,69.0,Intermediate,,,,,,,56.3,,66.3,,,,,,,,,,,,,,65.6,,,66.6,,,,,,,,,,,,,,72.7,,,,,,
REC03976,Statistical Officer,Data Science,IT,Master,10,32.7,22.4,68.5,44.5,1,52.7,Developing,,,,,,,,,44.7,,45.6,,,,,,,,,,,,,,,,,,,,,,,,51.7,,,,,,,,,,58.6,52.1
REC03977,Cybersecurity Analyst,Administration,Data & Analytics,PhD,17,88.7,47.4,51.5,77.6,3,59.0,Developing,,,,,,,,50.9,64.0,,,,,,,,,,,,,,,,,,,,,,,,53.8,,,,,,62.6,,,77.3,,,,
REC03978,HR Officer,Statistics,DIID,Bachelor,5,32.3,43.9,71.5,73.8,2,62.4,Developing,,,,,,,60.4,,45.4,,,,,,,,,,,,,,48.7,,,57.0,,,,,,,,,,,,,,76.1,,,,,,
REC03979,Finance Officer,Statistics,DIID,Bachelor,4,49.8,40.8,59.1,47.7,4,49.6,Beginner,46.7,,,,,,,,,,49.9,,,,,,,,52.0,43.4,,,,,,,,,,,,,,,,,,,,,,,,,,53.6
REC03980,Database Administrator,Data Science,DIID,Master,13,135.8,73.5,90.3,97.0,6,87.3,Advanced,,,,,,,,,,90.6,,75.9,,,,,,,,,,,,,,,,,,,,,,,,87.0,,,86.3,,,,92.7,,,
REC03981,Database Administrator,Computer Science,DIID,Bachelor,0,27.7,42.9,64.4,71.7,1,57.8,Developing,,,,,,,,,,57.6,,57.1,,,,,,,,,,,,,,,,,,,,,,,,66.2,,,53.1,,,,53.0,,,
REC03982,Data Scientist,Artificial Intelligence,Statistics Division,Master,13,46.2,53.6,75.3,59.6,7,62.6,Developing,,,,,,,,,58.6,,60.6,,,,,,,,,,,,,,,,,,,50.4,,,,,,,,,70.4,,,,,,,55.9
REC03983,Data Scientist,Artificial Intelligence,Research,Bachelor,9,41.0,33.1,95.2,71.7,3,74.7,Intermediate,,,,,,,,,71.5,,79.3,,,,,,,,,,,,,,,,,,,67.2,,,,,,,,,62.6,,,,,,,60.4
REC03984,Statistical Officer,Administration,Policy,Master,1,22.4,34.8,82.3,71.5,3,66.4,Intermediate,,,,,,,,,58.1,,65.2,,,,,,,,,,,,,,,,,,,,,,,,58.7,,,,,,,,,,60.4,72.8
REC03985,Project Manager,Agriculture,Policy,Master,15,119.5,57.4,75.8,70.4,4,70.3,Intermediate,,,,,,,57.2,,66.0,,,,,,,,,,,,,,,,,,72.2,,,,,,,,,63.0,75.7,,,,,,,,,
REC03986,HR Officer,Economics,Statistics Division,Master,8,62.4,32.9,82.0,64.9,4,67.0,Intermediate,,,,,,,49.9,,64.8,,,,,,,,,,,,,,64.5,,,68.8,,,,,,,,,,,,,,61.5,,,,,,
REC03987,Data Scientist,Agriculture,MoSPI,PhD,8,35.0,27.0,70.7,70.9,2,61.1,Developing,,,,,,,,,68.1,,43.1,,,,,,,,,,,,,,,,,,,47.9,,,,,,,,,69.9,,,,,,,52.0
REC03988,Public Health Officer,Agriculture,Statistics Division,Master,5,40.5,21.9,84.0,69.2,2,67.7,Intermediate,,,,,,70.3,,,52.4,,,,,,,,,67.3,,,,,,,,,,,,,,,,,,,,71.7,,61.6,,,,,,
REC03989,Project Manager,Cybersecurity,IT,Bachelor,6,22.7,30.2,78.5,74.0,6,65.9,Intermediate,,,,,,,68.4,,71.1,,,,,,,,,,,,,,,,,,58.7,,,,,,,,,67.2,53.6,,,,,,,,,
REC03990,Research Officer,Economics,Administration,Bachelor,10,65.2,70.9,84.3,72.1,1,72.9,Intermediate,,,,,,,,,63.4,,79.0,,,,,,,,,,,,,,,,,,,,,,,,,,,,,83.1,76.1,,,,,66.8
REC03991,Data Scientist,Data Science,Administration,Master,10,46.7,52.5,70.7,64.6,6,62.0,Developing,,,,,,,,,61.7,,67.8,,,,,,,,,,,,,,,,,,,59.9,,,,,,,,,69.3,,,,,,,55.1
REC03992,Data Analyst,Public Health,MoSPI,PhD,7,54.8,35.3,100.0,61.7,2,74.7,Intermediate,,,,,,,,,70.9,,73.8,,,,,,,,,,,,,,,,,,,,,,,,,,,,,,,,61.5,,71.1,60.1
REC03993,Biotechnology Faculty,Environment,Data & Analytics,Master,0,22.4,29.8,65.4,73.2,2,56.7,Developing,,,,,51.0,,,,43.6,,,,,,,,,,,,,49.1,,,57.7,,,,,,39.5,,,,,,,,,,,,,,,
REC03994,Agriculture Officer,Administration,Administration,Bachelor,4,33.6,2.4,68.3,74.3,7,59.9,Developing,,,64.8,,,,,,55.3,,,,,,,,,,,,54.2,,,,,,,,,,,,,,,,,,,52.6,,,,,,60.0
REC03995,Database Administrator,Computer Science,Training,Bachelor,2,91.1,56.4,52.8,91.1,2,61.4,Developing,,,,,,,,,,64.8,,58.7,,,,,,,,,,,,,,,,,,,,,,,,57.7,,,54.9,,,,67.9,,,
REC03996,Research Officer,Data Science,Data & Analytics,Bachelor,11,67.0,34.2,89.3,94.9,3,80.0,Advanced,,,,,,,,,63.8,,74.2,,,,,,,,,,,,,,,,,,,,,,,,,,,,,81.2,74.9,,,,,72.8
REC03997,Economist,Statistics,Statistics Division,Bachelor,4,57.1,28.7,60.3,72.1,4,56.1,Developing,,,,,,,,,50.8,,,,,47.8,40.9,,,,,,,,,,,,,,,,,,,,,,,,,49.2,,,,,,50.4
REC03998,Policy Analyst,Agriculture,Administration,Master,14,81.7,57.0,88.5,100.0,1,84.4,Advanced,,,,,,,,,78.2,,,,,,,,,,,,,,,,,,,,,,,,,84.4,,,,,,99.5,76.2,,,,,90.7
REC03999,Legal Officer,Cybersecurity,DIID,Master,11,74.1,51.2,63.2,100.0,3,69.4,Intermediate,,,,,,,64.3,,,,,,,,,,,,,,,,,,,,,,62.6,,,,,66.6,,,,,,72.3,,71.2,,,,
REC04000,Finance Officer,Agriculture,Statistics Division,Master,3,47.7,13.9,79.5,74.0,2,66.1,Intermediate,42.6,,,,,,,,,,67.0,,,,,,,,52.7,66.8,,,,,,,,,,,,,,,,,,,,,,,,,,70.6
REC04001,Legal Officer,Public Policy,MoSPI,Master,5,39.6,29.6,53.1,87.2,2,57.5,Developing,,,,,,,66.8,,,,,,,,,,,,,,,,,,,,,,58.8,,,,,58.4,,,,,,51.3,,53.1,,,,
REC04002,Economist,Economics,Statistics Division,Bachelor,0,80.2,48.3,75.0,57.9,3,61.8,Developing,,,,,,,,,61.2,,,,,66.3,49.1,,,,,,,,,,,,,,,,,,,,,,,,,54.5,,,,,,60.9
REC04003,AI Engineer,Cybersecurity,Data & Analytics,Master,6,79.3,27.3,81.8,60.4,4,65.6,Intermediate,,,,,,,,,,,,,49.4,,,,,,,,,,,,,,,,,49.8,,65.8,,,,,,,64.0,,,,,63.3,,
REC04004,Research Officer,Cybersecurity,Policy,Bachelor,5,25.2,21.7,79.5,44.5,2,56.3,Developing,,,,,,,,,37.2,,50.4,,,,,,,,,,,,,,,,,,,,,,,,,,,,,56.6,43.9,,,,,50.2
REC04005,Database Administrator,Cybersecurity,MoSPI,Master,6,60.6,30.1,72.8,69.9,2,63.4,Developing,,,,,,,,,,57.9,,57.2,,,,,,,,,,,,,,,,,,,,,,,,56.6,,,59.2,,,,68.0,,,
REC04006,Biotechnology Faculty,Agriculture,Administration,Master,1,39.9,41.2,66.4,63.4,5,56.5,Developing,,,,,41.3,,,,55.8,,,,,,,,,,,,,52.0,,,55.9,,,,,,58.5,,,,,,,,,,,,,,,
REC04007,Data Scientist,Education,Statistics Division,Master,7,40.0,42.6,86.3,89.4,3,75.7,Intermediate,,,,,,,,,77.2,,68.9,,,,,,,,,,,,,,,,,,,65.2,,,,,,,,,70.8,,,,,,,79.3
REC04008,Finance Officer,Data Science,IT,PhD,9,72.8,57.6,72.6,78.8,3,67.9,Intermediate,56.6,,,,,,,,,,61.6,,,,,,,,67.5,66.6,,,,,,,,,,,,,,,,,,,,,,,,,,75.5
REC04009,Data Scientist,Finance,Statistics Division,Bachelor,8,48.5,51.1,68.4,74.5,6,63.0,Developing,,,,,,,,,59.1,,59.5,,,,,,,,,,,,,,,,,,,62.4,,,,,,,,,72.0,,,,,,,52.0
REC04010,Environmental Officer,Data Science,DIID,Master,0,69.0,51.8,86.7,96.4,5,79.2,Intermediate,,,,,,,,,72.4,,,,,,,,81.4,,,,74.5,,,,,,,,,,,,,,,,,,,77.8,,,,,,82.9
REC04011,Research Officer,Finance,Policy,Bachelor,12,85.5,56.8,78.6,69.8,2,69.8,Intermediate,,,,,,,,,75.7,,67.0,,,,,,,,,,,,,,,,,,,,,,,,,,,,,72.3,62.1,,,,,68.8
REC04012,Agriculture Officer,Finance,Policy,PhD,10,85.6,19.9,71.2,79.3,1,66.3,Intermediate,,,61.7,,,,,,64.4,,,,,,,,,,,,63.6,,,,,,,,,,,,,,,,,,,54.2,,,,,,53.4
REC04013,Project Manager,Public Health,Training,Master,5,39.4,41.1,79.6,53.3,3,60.5,Developing,,,,,,,60.0,,48.3,,,,,,,,,,,,,,,,,,54.4,,,,,,,,,50.7,54.1,,,,,,,,,
REC04014,Finance Officer,Finance,Data & Analytics,Bachelor,13,63.6,30.3,70.9,78.5,4,66.4,Intermediate,69.7,,,,,,,,,,61.0,,,,,,,,59.5,64.2,,,,,,,,,,,,,,,,,,,,,,,,,,69.0
REC04015,Legal Officer,Public Policy,Policy,Master,8,19.0,33.4,81.0,65.1,3,64.9,Developing,,,,,,,78.5,,,,,,,,,,,,,,,,,,,,,,60.3,,,,,54.0,,,,,,63.7,,60.2,,,,
REC04016,Education Officer,Artificial Intelligence,Data & Analytics,Master,6,23.1,40.6,69.2,64.8,3,58.6,Developing,,,,52.6,,,46.1,,59.2,,,,,,,65.7,,,,,,,,,,,,60.7,,,,,,,,,,,,,,,,,,
REC04017,Policy Analyst,Environment,Research,PhD,16,72.2,45.0,86.9,61.3,1,71.0,Intermediate,,,,,,,,,75.8,,,,,,,,,,,,,,,,,,,,,,,,,68.2,,,,,,55.1,73.3,,,,,70.5
REC04018,Environmental Officer,Agriculture,Training,PhD,0,77.9,37.5,64.4,68.7,2,58.3,Developing,,,,,,,,,44.3,,,,,,,,50.5,,,,41.0,,,,,,,,,,,,,,,,,,,63.6,,,,,,57.9
REC04019,Research Officer,Administration,Administration,Bachelor,9,39.3,44.7,95.5,59.9,3,72.2,Intermediate,,,,,,,,,60.8,,71.6,,,,,,,,,,,,,,,,,,,,,,,,,,,,,66.9,81.8,,,,,63.4
REC04020,Environmental Officer,Agriculture,Training,Bachelor,0,5.0,42.3,35.5,69.1,3,40.6,Beginner,,,,,,,,,34.7,,,,,,,,41.1,,,,30.7,,,,,,,,,,,,,,,,,,,45.4,,,,,,50.1
REC04021,Statistical Officer,Public Health,Administration,Bachelor,13,54.9,27.3,72.1,84.8,1,68.1,Intermediate,,,,,,,,,60.5,,57.6,,,,,,,,,,,,,,,,,,,,,,,,70.9,,,,,,,,,,73.7,63.7
REC04022,Software Engineer,Cybersecurity,Administration,Master,7,36.0,27.6,78.8,88.7,3,71.0,Intermediate,,,,,,,,,,,,,,,,,,,,,,,,62.7,,,,,,,,,,,,71.1,,,68.0,,,,71.9,65.8,,
REC04023,Data Analyst,Computer Science,IT,Master,5,9.7,2.0,88.7,69.4,1,67.7,Intermediate,,,,,,,,,53.4,,74.4,,,,,,,,,,,,,,,,,,,,,,,,,,,,,,,,59.6,,66.5,57.6
REC04024,Agriculture Officer,Data Science,IT,Master,0,46.0,50.3,93.5,60.7,2,69.4,Intermediate,,,70.0,,,,,,60.0,,,,,,,,,,,,40.1,,,,,,,,,,,,,,,,,,,60.4,,,,,,65.1
REC04025,Economist,Cybersecurity,Research,Bachelor,1,33.0,5.7,57.4,69.0,2,51.2,Developing,,,,,,,,,45.3,,,,,55.0,28.3,,,,,,,,,,,,,,,,,,,,,,,,,39.1,,,,,,45.4
REC04026,Administrative Officer,Agriculture,IT,PhD,11,50.6,75.7,77.9,75.3,2,69.1,Intermediate,,65.0,,,,,62.6,,66.0,,,,,,,,,,,,,,,,,,,,,,,,,,,,68.5,,,64.5,,,,,,
REC04027,Legal Officer,Education,DIID,Bachelor,12,32.3,60.2,70.8,65.6,4,61.9,Developing,,,,,,,66.5,,,,,,,,,,,,,,,,,,,,,,50.2,,,,,71.6,,,,,,63.4,,56.7,,,,
REC04028,HR Officer,Statistics,Data & Analytics,Bachelor,10,80.3,57.8,82.7,87.7,5,76.9,Intermediate,,,,,,,80.5,,77.2,,,,,,,,,,,,,,73.3,,,79.9,,,,,,,,,,,,,,73.7,,,,,,
REC04029,Data Scientist,Administration,Training,Master,10,57.1,84.5,66.6,61.0,2,59.7,Developing,,,,,,,,,54.8,,64.9,,,,,,,,,,,,,,,,,,,58.4,,,,,,,,,56.1,,,,,,,52.1
REC04030,Statistical Officer,Artificial Intelligence,Policy,PhD,8,34.3,42.7,72.9,77.8,2,64.6,Developing,,,,,,,,,67.7,,58.9,,,,,,,,,,,,,,,,,,,,,,,,62.0,,,,,,,,,,53.5,50.5
REC04031,Public Health Officer,Environment,Research,Bachelor,13,50.4,35.8,76.1,78.9,1,69.2,Intermediate,,,,,,76.9,,,66.4,,,,,,,,,67.8,,,,,,,,,,,,,,,,,,,,76.4,,64.5,,,,,,
REC04032,Project Manager,Cybersecurity,Policy,Bachelor,16,111.8,68.4,76.1,62.9,5,68.9,Intermediate,,,,,,,65.4,,65.1,,,,,,,,,,,,,,,,,,71.7,,,,,,,,,71.1,68.8,,,,,,,,,
REC04033,Project Manager,Computer Science,MoSPI,Master,5,25.8,46.6,84.2,62.0,1,65.2,Intermediate,,,,,,,53.5,,56.4,,,,,,,,,,,,,,,,,,60.4,,,,,,,,,56.5,69.1,,,,,,,,,
REC04034,Policy Analyst,Data Science,Policy,Bachelor,11,43.8,28.8,70.9,64.6,2,60.9,Developing,,,,,,,,,59.2,,,,,,,,,,,,,,,,,,,,,,,,,48.2,,,,,,61.1,60.7,,,,,64.7
REC04035,Policy Analyst,Public Policy,DIID,PhD,7,92.3,39.8,84.5,65.5,2,70.5,Intermediate,,,,,,,,,62.0,,,,,,,,,,,,,,,,,,,,,,,,,61.6,,,,,,81.5,66.3,,,,,68.5
REC04036,Project Manager,Public Health,DIID,Master,7,70.4,46.4,86.7,57.3,1,68.4,Intermediate,,,,,,,58.2,,61.3,,,,,,,,,,,,,,,,,,67.2,,,,,,,,,62.5,82.1,,,,,,,,,
REC04037,Statistical Officer,Cybersecurity,Research,Bachelor,9,69.1,59.6,75.8,63.6,3,65.1,Intermediate,,,,,,,,,54.1,,57.8,,,,,,,,,,,,,,,,,,,,,,,,69.0,,,,,,,,,,77.6,55.9
REC04038,HR Officer,Administration,Data & Analytics,Master,0,63.4,25.1,54.7,78.3,4,55.7,Developing,,,,,,,52.8,,54.6,,,,,,,,,,,,,,55.9,,,53.0,,,,,,,,,,,,,,50.8,,,,,,
REC04039,Environmental Officer,Statistics,MoSPI,Bachelor,8,52.3,61.8,100.0,80.5,1,81.3,Advanced,,,,,,,,,83.1,,,,,,,,74.7,,,,86.4,,,,,,,,,,,,,,,,,,,71.0,,,,,,64.6
REC04040,Software Engineer,Computer Science,Research,Master,7,71.5,49.2,80.6,77.4,2,70.8,Intermediate,,,,,,,,,,,,,,,,,,,,,,,,67.4,,,,,,,,,,,,70.2,,,59.3,,,,62.6,71.0,,
REC04041,Policy Analyst,Data Science,Training,Master,4,36.3,49.1,52.6,87.9,1,57.5,Developing,,,,,,,,,51.8,,,,,,,,,,,,,,,,,,,,,,,,,59.2,,,,,,53.1,70.1,,,,,49.8
REC04042,Data Analyst,Public Policy,Research,Bachelor,0,53.3,28.8,80.6,49.0,2,59.8,Developing,,,,,,,,,56.8,,62.4,,,,,,,,,,,,,,,,,,,,,,,,,,,,,,,,56.6,,44.9,52.9
REC04043,Legal Officer,Cybersecurity,Training,PhD,7,62.5,25.6,40.5,90.9,2,53.3,Developing,,,,,,,55.2,,,,,,,,,,,,,,,,,,,,,,54.9,,,,,53.9,,,,,,54.5,,51.0,,,,
REC04044,Environmental Officer,Public Health,IT,Bachelor,3,13.7,32.8,74.9,71.1,8,62.2,Developing,,,,,,,,,63.8,,,,,,,,61.2,,,,60.3,,,,,,,,,,,,,,,,,,,52.8,,,,,,57.8
REC04045,Research Officer,Data Science,Training,Bachelor,7,89.6,32.3,66.8,95.5,5,68.9,Intermediate,,,,,,,,,59.4,,58.5,,,,,,,,,,,,,,,,,,,,,,,,,,,,,64.4,54.6,,,,,72.7
REC04046,Economist,Biotechnology,Policy,Master,12,54.1,63.9,73.3,74.2,3,66.1,Intermediate,,,,,,,,,67.9,,,,,54.9,57.4,,,,,,,,,,,,,,,,,,,,,,,,,57.2,,,,,,65.3
REC04047,Statistical Officer,Data Science,Research,Master,12,52.0,36.3,75.2,84.7,1,69.3,Intermediate,,,,,,,,,69.1,,52.3,,,,,,,,,,,,,,,,,,,,,,,,62.1,,,,,,,,,,70.4,67.0
REC04048,Software Engineer,Artificial Intelligence,IT,PhD,8,43.3,6.4,83.1,55.7,3,63.4,Developing,,,,,,,,,,,,,,,,,,,,,,,,68.7,,,,,,,,,,,,51.1,,,58.8,,,,60.2,61.1,,
REC04049,Cybersecurity Analyst,Data Science,DIID,Bachelor,16,112.3,62.4,67.5,94.1,3,73.1,Intermediate,,,,,,,,70.7,68.2,,,,,,,,,,,,,,,,,,,,,,,,79.0,,,,,,67.6,,,72.0,,,,
REC04050,Biotechnology Faculty,Public Policy,MoSPI,Bachelor,5,67.9,44.4,69.5,61.1,2,59.5,Developing,,,,,56.2,,,,48.8,,,,,,,,,,,,,55.8,,,51.0,,,,,,64.1,,,,,,,,,,,,,,,
REC04051,Data Scientist,Cybersecurity,Administration,Master,0,30.7,29.1,76.3,67.9,3,61.7,Developing,,,,,,,,,63.1,,55.3,,,,,,,,,,,,,,,,,,,47.8,,,,,,,,,52.7,,,,,,,56.1
REC04052,Cybersecurity Analyst,Biotechnology,Administration,Bachelor,10,47.7,47.6,51.3,73.3,2,53.7,Developing,,,,,,,,51.0,50.3,,,,,,,,,,,,,,,,,,,,,,,,45.8,,,,,,45.8,,,66.8,,,,
REC04053,Software Engineer,Artificial Intelligence,Research,Bachelor,12,26.4,20.1,100.0,78.2,1,79.2,Intermediate,,,,,,,,,,,,,,,,,,,,,,,,70.9,,,,,,,,,,,,79.1,,,78.9,,,,77.1,77.9,,
REC04054,Project Manager,Data Science,MoSPI,Bachelor,8,38.0,58.4,64.3,69.0,2,58.7,Developing,,,,,,,51.2,,62.9,,,,,,,,,,,,,,,,,,58.5,,,,,,,,,57.5,49.3,,,,,,,,,
REC04055,Research Officer,Agriculture,Data & Analytics,PhD,9,42.1,51.6,78.9,73.8,2,69.1,Intermediate,,,,,,,,,81.2,,55.9,,,,,,,,,,,,,,,,,,,,,,,,,,,,,85.3,62.6,,,,,77.8
REC04056,Data Analyst,Administration,MoSPI,Bachelor,8,40.1,49.3,77.8,70.4,2,65.5,Intermediate,,,,,,,,,50.8,,54.5,,,,,,,,,,,,,,,,,,,,,,,,,,,,,,,,56.2,,60.1,76.1
REC04057,Research Officer,Artificial Intelligence,IT,Master,10,73.2,77.0,75.8,81.5,1,71.7,Intermediate,,,,,,,,,72.2,,66.4,,,,,,,,,,,,,,,,,,,,,,,,,,,,,78.4,69.3,,,,,73.2
REC04058,Software Engineer,Cybersecurity,MoSPI,Master,10,70.7,64.2,86.5,68.1,1,72.4,Intermediate,,,,,,,,,,,,,,,,,,,,,,,,78.1,,,,,,,,,,,,73.1,,,65.6,,,,76.1,58.3,,
REC04059,Research Officer,Artificial Intelligence,IT,Master,6,21.7,23.2,47.8,85.1,2,52.5,Developing,,,,,,,,,42.2,,53.2,,,,,,,,,,,,,,,,,,,,,,,,,,,,,49.8,50.0,,,,,53.3
REC04060,Data Scientist,Economics,MoSPI,Master,7,68.3,62.3,90.0,74.0,2,74.9,Intermediate,,,,,,,,,65.6,,66.6,,,,,,,,,,,,,,,,,,,62.6,,,,,,,,,87.5,,,,,,,66.3
REC04061,Statistical Officer,Biotechnology,Data & Analytics,Bachelor,0,45.8,53.9,82.8,79.7,1,69.5,Intermediate,,,,,,,,,65.1,,65.8,,,,,,,,,,,,,,,,,,,,,,,,55.0,,,,,,,,,,58.0,54.8
REC04062,Statistical Officer,Agriculture,Administration,Master,5,67.6,72.1,68.9,90.5,4,68.9,Intermediate,,,,,,,,,54.6,,76.4,,,,,,,,,,,,,,,,,,,,,,,,73.7,,,,,,,,,,62.8,63.1
REC04063,Legal Officer,Environment,Statistics Division,Bachelor,10,55.8,11.5,65.8,55.4,1,55.1,Developing,,,,,,,46.3,,,,,,,,,,,,,,,,,,,,,,45.5,,,,,57.0,,,,,,46.4,,60.0,,,,
REC04064,HR Officer,Biotechnology,Research,Master,4,65.8,31.4,77.5,90.0,6,71.8,Intermediate,,,,,,,64.7,,75.7,,,,,,,,,,,,,,65.3,,,60.9,,,,,,,,,,,,,,72.5,,,,,,
REC04065,Data Scientist,Agriculture,Research,PhD,2,64.3,44.2,65.6,71.5,3,59.0,Developing,,,,,,,,,50.9,,51.9,,,,,,,,,,,,,,,,,,,42.4,,,,,,,,,45.7,,,,,,,55.5
REC04066,Data Scientist,Biotechnology,DIID,PhD,8,52.7,49.5,82.7,44.7,3,61.8,Developing,,,,,,,,,67.5,,63.6,,,,,,,,,,,,,,,,,,,51.2,,,,,,,,,53.5,,,,,,,59.6
REC04067,Statistical Officer,Administration,DIID,Master,13,46.1,37.7,91.7,96.3,1,81.6,Advanced,,,,,,,,,84.7,,64.9,,,,,,,,,,,,,,,,,,,,,,,,83.4,,,,,,,,,,74.2,81.9
REC04068,Data Analyst,Computer Science,Training,Master,8,75.9,54.9,77.1,83.9,1,71.2,Intermediate,,,,,,,,,86.1,,53.6,,,,,,,,,,,,,,,,,,,,,,,,,,,,,,,,58.8,,69.2,59.5
REC04069,Legal Officer,Public Health,Data & Analytics,Bachelor,1,47.8,38.6,89.5,88.1,4,76.3,Intermediate,,,,,,,80.4,,,,,,,,,,,,,,,,,,,,,,74.0,,,,,72.9,,,,,,65.3,,65.2,,,,
REC04070,Statistical Officer,Agriculture,Training,PhD,11,94.9,91.7,75.3,93.7,4,76.4,Intermediate,,,,,,,,,71.8,,78.2,,,,,,,,,,,,,,,,,,,,,,,,71.3,,,,,,,,,,76.7,77.9
REC04071,Data Scientist,Finance,DIID,Master,7,79.3,67.0,68.9,79.4,6,66.8,Intermediate,,,,,,,,,70.0,,67.5,,,,,,,,,,,,,,,,,,,60.1,,,,,,,,,65.9,,,,,,,67.7
REC04072,Finance Officer,Environment,Data & Analytics,PhD,4,59.8,52.2,69.7,79.9,3,65.4,Intermediate,70.6,,,,,,,,,,57.7,,,,,,,,60.9,60.6,,,,,,,,,,,,,,,,,,,,,,,,,,71.0
REC04073,Legal Officer,Economics,IT,Master,10,49.0,28.0,87.2,86.3,1,76.3,Intermediate,,,,,,,71.0,,,,,,,,,,,,,,,,,,,,,,83.0,,,,,69.9,,,,,,75.7,,79.9,,,,
REC04074,Agriculture Officer,Cybersecurity,Statistics Division,Master,4,49.7,32.1,82.2,78.8,2,70.3,Intermediate,,,70.0,,,,,,67.1,,,,,,,,,,,,77.8,,,,,,,,,,,,,,,,,,,51.5,,,,,,70.9
REC04075,Project Manager,Biotechnology,Policy,Master,2,49.5,22.1,72.3,60.7,1,59.5,Developing,,,,,,,57.6,,60.4,,,,,,,,,,,,,,,,,,61.6,,,,,,,,,59.4,54.4,,,,,,,,,
REC04076,Data Analyst,Environment,Policy,Bachelor,8,84.7,74.5,66.5,63.4,1,61.2,Developing,,,,,,,,,67.6,,51.8,,,,,,,,,,,,,,,,,,,,,,,,,,,,,,,,59.2,,59.2,56.4
REC04077,Statistical Officer,Public Health,Administration,Bachelor,0,32.7,31.2,63.7,71.2,5,56.5,Developing,,,,,,,,,47.1,,54.4,,,,,,,,,,,,,,,,,,,,,,,,57.2,,,,,,,,,,44.2,58.3
REC04078,Finance Officer,Data Science,Training,PhD,0,43.3,32.0,82.8,64.0,3,64.8,Developing,55.1,,,,,,,,,,53.2,,,,,,,,62.6,63.5,,,,,,,,,,,,,,,,,,,,,,,,,,58.9
REC04079,Policy Analyst,Finance,Training,Master,0,93.2,72.4,65.9,83.2,3,65.9,Intermediate,,,,,,,,,60.1,,,,,,,,,,,,,,,,,,,,,,,,,62.5,,,,,,61.8,59.0,,,,,72.7
REC04080,Data Analyst,Education,Statistics Division,PhD,9,39.4,37.7,82.9,68.5,2,68.1,Intermediate,,,,,,,,,71.8,,63.3,,,,,,,,,,,,,,,,,,,,,,,,,,,,,,,,66.7,,69.9,57.9
REC04081,Administrative Officer,Education,MoSPI,Master,4,63.3,55.7,81.6,100.0,3,77.9,Intermediate,,66.4,,,,,72.2,,82.3,,,,,,,,,,,,,,,,,,,,,,,,,,,,83.6,,,77.6,,,,,,
REC04082,Cybersecurity Analyst,Environment,Training,Bachelor,0,13.6,31.9,88.9,77.3,3,70.2,Intermediate,,,,,,,,55.0,71.6,,,,,,,,,,,,,,,,,,,,,,,,65.4,,,,,,58.9,,,64.5,,,,
REC04083,Database Administrator,Cybersecurity,DIID,Master,6,56.1,35.1,89.0,73.0,3,72.4,Intermediate,,,,,,,,,,65.0,,58.4,,,,,,,,,,,,,,,,,,,,,,,,79.6,,,70.4,,,,60.2,,,
REC04084,Public Health Officer,Data Science,Statistics Division,Bachelor,12,66.1,62.8,86.7,93.0,2,79.6,Intermediate,,,,,,80.2,,,73.5,,,,,,,,,75.6,,,,,,,,,,,,,,,,,,,,70.9,,80.5,,,,,,
REC04085,Legal Officer,Environment,Data & Analytics,Master,11,97.0,41.1,86.4,93.9,4,80.8,Advanced,,,,,,,79.1,,,,,,,,,,,,,,,,,,,,,,77.2,,,,,93.3,,,,,,76.3,,66.7,,,,
REC04086,Statistical Officer,Public Health,Data & Analytics,Bachelor,0,66.0,62.7,88.9,75.1,6,73.8,Intermediate,,,,,,,,,66.2,,64.7,,,,,,,,,,,,,,,,,,,,,,,,68.8,,,,,,,,,,72.4,79.6
REC04087,Cybersecurity Analyst,Public Health,IT,Bachelor,7,43.3,36.2,58.5,74.5,4,57.2,Developing,,,,,,,,68.3,55.9,,,,,,,,,,,,,,,,,,,,,,,,57.7,,,,,,54.1,,,49.2,,,,
REC04088,Finance Officer,Finance,Research,PhD,7,69.0,56.7,68.5,75.7,3,64.1,Developing,67.1,,,,,,,,,,62.5,,,,,,,,51.8,59.8,,,,,,,,,,,,,,,,,,,,,,,,,,59.1
REC04089,Public Health Officer,Environment,Research,Master,5,52.2,55.9,73.8,76.1,4,65.7,Intermediate,,,,,,50.7,,,65.4,,,,,,,,,68.3,,,,,,,,,,,,,,,,,,,,57.2,,62.9,,,,,,
REC04090,Research Officer,Public Policy,DIID,Master,19,115.9,71.5,64.2,74.2,4,66.9,Intermediate,,,,,,,,,68.9,,67.5,,,,,,,,,,,,,,,,,,,,,,,,,,,,,72.8,58.1,,,,,72.3
REC04091,Cybersecurity Analyst,Cybersecurity,MoSPI,Bachelor,9,59.3,36.9,72.3,85.3,3,68.5,Intermediate,,,,,,,,69.6,63.0,,,,,,,,,,,,,,,,,,,,,,,,68.1,,,,,,63.7,,,68.6,,,,
REC04092,Economist,Education,IT,Bachelor,8,52.4,31.6,61.4,83.7,4,61.4,Developing,,,,,,,,,61.9,,,,,55.3,49.9,,,,,,,,,,,,,,,,,,,,,,,,,69.3,,,,,,58.0
REC04093,Biotechnology Faculty,Artificial Intelligence,Policy,Master,11,80.4,12.6,49.9,79.5,1,55.4,Developing,,,,,47.5,,,,59.3,,,,,,,,,,,,,55.7,,,55.9,,,,,,43.3,,,,,,,,,,,,,,,
REC04094,Policy Analyst,Statistics,Administration,Master,0,72.9,36.0,62.3,67.0,1,56.8,Developing,,,,,,,,,60.0,,,,,,,,,,,,,,,,,,,,,,,,,52.5,,,,,,52.4,48.2,,,,,49.8
REC04095,Data Analyst,Computer Science,MoSPI,Master,11,77.5,47.9,82.9,66.3,1,69.5,Intermediate,,,,,,,,,57.9,,80.7,,,,,,,,,,,,,,,,,,,,,,,,,,,,,,,,58.0,,63.3,61.6
REC04096,Policy Analyst,Education,Administration,Master,8,68.7,45.3,84.9,73.5,1,72.2,Intermediate,,,,,,,,,72.5,,,,,,,,,,,,,,,,,,,,,,,,,70.4,,,,,,70.0,70.2,,,,,65.4
REC04097,Statistical Officer,Agriculture,MoSPI,Bachelor,8,62.2,22.0,62.7,83.2,1,62.0,Developing,,,,,,,,,64.5,,55.2,,,,,,,,,,,,,,,,,,,,,,,,58.5,,,,,,,,,,61.1,51.1
REC04098,Legal Officer,Administration,IT,Bachelor,7,58.7,63.0,56.2,56.1,1,51.7,Developing,,,,,,,49.5,,,,,,,,,,,,,,,,,,,,,,57.4,,,,,41.8,,,,,,48.9,,45.7,,,,
REC04099,Project Manager,Computer Science,Policy,Master,13,80.9,61.2,83.1,91.3,4,77.7,Intermediate,,,,,,,71.7,,70.5,,,,,,,,,,,,,,,,,,72.6,,,,,,,,,61.6,83.0,,,,,,,,,
REC04100,Finance Officer,Statistics,MoSPI,PhD,11,134.9,57.9,83.3,74.0,1,75.6,Intermediate,53.0,,,,,,,,,,69.7,,,,,,,,65.9,88.8,,,,,,,,,,,,,,,,,,,,,,,,,,83.8
REC04101,Education Officer,Public Health,Training,Bachelor,12,44.9,33.3,90.5,86.5,2,77.3,Intermediate,,,,81.1,,,72.9,,67.5,,,,,,,67.1,,,,,,,,,,,,68.4,,,,,,,,,,,,,,,,,,
REC04102,Statistical Officer,Economics,Administration,Master,15,40.7,35.4,86.0,71.1,4,70.9,Intermediate,,,,,,,,,52.8,,65.5,,,,,,,,,,,,,,,,,,,,,,,,74.4,,,,,,,,,,67.1,72.3
REC04103,Data Scientist,Statistics,Training,Bachelor,2,60.5,30.1,78.8,73.8,1,67.5,Intermediate,,,,,,,,,62.8,,55.9,,,,,,,,,,,,,,,,,,,86.6,,,,,,,,,69.0,,,,,,,55.8
REC04104,Policy Analyst,Environment,IT,Master,8,89.2,52.0,80.2,54.7,3,65.2,Intermediate,,,,,,,,,53.8,,,,,,,,,,,,,,,,,,,,,,,,,67.6,,,,,,61.2,53.4,,,,,70.5
REC04105,Biotechnology Faculty,Education,IT,Master,4,69.9,36.4,64.5,59.4,6,55.7,Developing,,,,,54.4,,,,43.7,,,,,,,,,,,,,54.2,,,51.7,,,,,,41.8,,,,,,,,,,,,,,,
REC04106,Research Officer,Cybersecurity,Policy,Bachelor,8,56.2,33.1,91.2,65.4,5,72.0,Intermediate,,,,,,,,,67.7,,72.4,,,,,,,,,,,,,,,,,,,,,,,,,,,,,64.3,80.1,,,,,60.7
REC04107,Research Officer,Biotechnology,MoSPI,PhD,4,48.0,24.4,61.9,63.6,2,54.6,Developing,,,,,,,,,49.5,,51.6,,,,,,,,,,,,,,,,,,,,,,,,,,,,,46.3,48.1,,,,,57.0
REC04108,Database Administrator,Cybersecurity,Administration,Master,14,59.3,36.6,88.0,84.7,1,77.4,Intermediate,,,,,,,,,,66.2,,72.8,,,,,,,,,,,,,,,,,,,,,,,,86.8,,,72.4,,,,81.2,,,
REC04109,Biotechnology Faculty,Data Science,IT,Bachelor,3,36.8,63.6,70.6,71.4,1,62.0,Developing,,,,,57.9,,,,60.1,,,,,,,,,,,,,56.1,,,64.6,,,,,,53.7,,,,,,,,,,,,,,,
REC04110,Data Analyst,Statistics,Data & Analytics,Master,5,65.8,62.3,67.5,75.1,3,63.4,Developing,,,,,,,,,63.2,,59.0,,,,,,,,,,,,,,,,,,,,,,,,,,,,,,,,68.8,,50.8,65.0
REC04111,Agriculture Officer,Data Science,Administration,Bachelor,0,36.9,43.6,73.2,54.3,4,56.8,Developing,,,53.3,,,,,,54.8,,,,,,,,,,,,50.4,,,,,,,,,,,,,,,,,,,42.1,,,,,,52.7
REC04112,Database Administrator,Data Science,MoSPI,Bachelor,6,24.3,61.7,85.2,94.4,3,75.9,Intermediate,,,,,,,,,,62.8,,80.7,,,,,,,,,,,,,,,,,,,,,,,,73.5,,,66.7,,,,71.2,,,
REC04113,Research Officer,Artificial Intelligence,Policy,Master,16,84.6,55.3,90.3,74.4,5,77.4,Intermediate,,,,,,,,,82.4,,73.7,,,,,,,,,,,,,,,,,,,,,,,,,,,,,78.0,64.1,,,,,73.1
REC04114,Public Health Officer,Artificial Intelligence,MoSPI,Master,7,70.8,48.4,83.0,58.3,2,67.1,Intermediate,,,,,,72.7,,,69.5,,,,,,,,,61.5,,,,,,,,,,,,,,,,,,,,61.8,,66.1,,,,,,
REC04115,Environmental Officer,Administration,Policy,Master,7,88.9,37.0,69.2,63.2,2,60.8,Developing,,,,,,,,,56.4,,,,,,,,64.9,,,,54.0,,,,,,,,,,,,,,,,,,,50.2,,,,,,47.3
REC04116,AI Engineer,Cybersecurity,MoSPI,Bachelor,10,73.0,54.5,57.0,83.1,5,60.9,Developing,,,,,,,,,,,,,56.5,,,,,,,,,,,,,,,,,56.0,,57.8,,,,,,,65.5,,,,,53.2,,
REC04117,Data Scientist,Agriculture,Training,PhD,11,66.6,74.5,85.6,43.8,3,65.8,Intermediate,,,,,,,,,81.5,,67.7,,,,,,,,,,,,,,,,,,,70.6,,,,,,,,,62.2,,,,,,,57.4
REC04118,Statistical Officer,Public Policy,Statistics Division,PhD,12,76.0,45.8,72.2,60.7,3,62.9,Developing,,,,,,,,,65.3,,59.9,,,,,,,,,,,,,,,,,,,,,,,,51.9,,,,,,,,,,76.9,56.0
REC04119,Data Analyst,Environment,IT,PhD,5,56.5,28.7,78.9,72.6,4,67.3,Intermediate,,,,,,,,,60.4,,57.6,,,,,,,,,,,,,,,,,,,,,,,,,,,,,,,,65.5,,76.0,67.3
REC04120,Administrative Officer,Education,Administration,Bachelor,10,62.1,59.2,50.7,69.4,2,53.3,Developing,,54.1,,,,,51.4,,42.8,,,,,,,,,,,,,,,,,,,,,,,,,,,,49.8,,,56.6,,,,,,
REC04121,Database Administrator,Artificial Intelligence,Statistics Division,Master,2,64.7,70.7,69.2,77.6,8,64.9,Developing,,,,,,,,,,67.3,,63.1,,,,,,,,,,,,,,,,,,,,,,,,60.4,,,57.6,,,,67.2,,,
REC04122,Legal Officer,Cybersecurity,Policy,Bachelor,3,5.0,28.1,71.0,71.5,1,59.8,Developing,,,,,,,57.6,,,,,,,,,,,,,,,,,,,,,,66.2,,,,,51.6,,,,,,66.8,,47.8,,,,
REC04123,Policy Analyst,Statistics,MoSPI,Master,11,11.2,22.4,92.1,94.7,6,78.5,Intermediate,,,,,,,,,69.1,,,,,,,,,,,,,,,,,,,,,,,,,65.5,,,,,,84.0,71.3,,,,,78.6
REC04124,Policy Analyst,Economics,Data & Analytics,PhD,7,53.7,34.4,85.6,79.2,1,72.8,Intermediate,,,,,,,,,66.7,,,,,,,,,,,,,,,,,,,,,,,,,71.0,,,,,,68.6,69.8,,,,,70.8
REC04125,Data Analyst,Cybersecurity,Data & Analytics,Master,9,75.3,62.4,84.5,47.0,1,64.6,Developing,,,,,,,,,72.8,,46.4,,,,,,,,,,,,,,,,,,,,,,,,,,,,,,,,59.2,,64.0,52.2
REC04126,Data Scientist,Cybersecurity,Policy,Bachelor,8,94.8,74.2,70.0,82.3,1,69.2,Intermediate,,,,,,,,,71.2,,64.0,,,,,,,,,,,,,,,,,,,68.5,,,,,,,,,63.6,,,,,,,71.3
REC04127,Public Health Officer,Economics,IT,Bachelor,6,85.8,33.7,70.0,66.5,3,62.0,Developing,,,,,,45.4,,,61.6,,,,,,,,,46.6,,,,,,,,,,,,,,,,,,,,65.6,,65.0,,,,,,
REC04128,Legal Officer,Economics,Administration,Master,0,70.5,42.2,83.7,62.0,1,66.2,Intermediate,,,,,,,64.5,,,,,,,,,,,,,,,,,,,,,,67.4,,,,,59.1,,,,,,54.0,,50.7,,,,
REC04129,Public Health Officer,Public Health,DIID,Bachelor,1,47.7,35.9,69.2,59.0,5,56.1,Developing,,,,,,46.5,,,48.3,,,,,,,,,53.1,,,,,,,,,,,,,,,,,,,,43.2,,46.7,,,,,,
REC04130,HR Officer,Biotechnology,Training,Master,6,69.2,44.3,76.3,73.5,3,67.0,Intermediate,,,,,,,65.7,,52.2,,,,,,,,,,,,,,66.7,,,62.2,,,,,,,,,,,,,,65.6,,,,,,
REC04131,Education Officer,Biotechnology,Training,Bachelor,16,49.2,41.1,76.2,88.5,3,72.7,Intermediate,,,,88.6,,,63.1,,77.2,,,,,,,68.2,,,,,,,,,,,,75.3,,,,,,,,,,,,,,,,,,
REC04132,Agriculture Officer,Administration,Administration,PhD,3,74.3,95.3,84.2,88.9,4,77.3,Intermediate,,,80.8,,,,,,60.8,,,,,,,,,,,,80.4,,,,,,,,,,,,,,,,,,,76.1,,,,,,71.9
REC04133,Project Manager,Computer Science,IT,Bachelor,0,73.4,81.6,62.2,77.5,3,61.3,Developing,,,,,,,56.2,,57.6,,,,,,,,,,,,,,,,,,60.0,,,,,,,,,56.6,58.8,,,,,,,,,
REC04134,AI Engineer,Artificial Intelligence,Training,PhD,6,27.3,47.3,92.7,86.0,3,77.3,Intermediate,,,,,,,,,,,,,68.4,,,,,,,,,,,,,,,,,73.0,,73.7,,,,,,,74.6,,,,,76.8,,
REC04135,Research Officer,Artificial Intelligence,MoSPI,Master,7,101.6,21.0,80.6,82.0,3,72.4,Intermediate,,,,,,,,,80.6,,58.8,,,,,,,,,,,,,,,,,,,,,,,,,,,,,58.4,66.2,,,,,61.6
REC04136,Software Engineer,Data Science,Research,Master,15,101.2,46.6,58.0,70.2,3,61.5,Developing,,,,,,,,,,,,,,,,,,,,,,,,74.5,,,,,,,,,,,,67.6,,,58.9,,,,74.2,68.4,,
REC04137,Database Administrator,Computer Science,Administration,Master,9,55.8,44.0,58.9,82.6,5,60.6,Developing,,,,,,,,,,67.5,,59.7,,,,,,,,,,,,,,,,,,,,,,,,52.0,,,57.9,,,,56.2,,,
REC04138,Research Officer,Economics,MoSPI,Master,16,101.6,66.1,94.4,76.2,3,81.5,Advanced,,,,,,,,,90.9,,76.4,,,,,,,,,,,,,,,,,,,,,,,,,,,,,75.8,73.8,,,,,79.1
REC04139,Environmental Officer,Artificial Intelligence,Training,Bachelor,0,39.4,22.8,63.9,54.0,3,52.2,Developing,,,,,,,,,54.2,,,,,,,,42.9,,,,55.5,,,,,,,,,,,,,,,,,,,49.2,,,,,,49.9
REC04140,Project Manager,Public Policy,MoSPI,Master,1,77.2,49.6,83.2,90.0,3,75.7,Intermediate,,,,,,,67.4,,80.2,,,,,,,,,,,,,,,,,,75.0,,,,,,,,,71.7,69.2,,,,,,,,,
REC04141,Legal Officer,Cybersecurity,Statistics Division,Master,5,35.8,51.1,82.7,84.2,6,71.9,Intermediate,,,,,,,63.1,,,,,,,,,,,,,,,,,,,,,,66.8,,,,,69.5,,,,,,64.5,,74.3,,,,
REC04142,Policy Analyst,Data Science,Policy,Master,4,47.0,45.0,64.5,69.1,2,57.5,Developing,,,,,,,,,52.1,,,,,,,,,,,,,,,,,,,,,,,,,50.1,,,,,,48.6,50.5,,,,,49.6
REC04143,Software Engineer,Cybersecurity,Policy,PhD,6,85.9,33.8,90.3,92.7,3,80.0,Advanced,,,,,,,,,,,,,,,,,,,,,,,,69.5,,,,,,,,,,,,79.8,,,69.5,,,,67.3,75.3,,
REC04144,Public Health Officer,Agriculture,Training,PhD,1,36.2,44.7,86.3,62.8,4,66.9,Intermediate,,,,,,68.5,,,57.9,,,,,,,,,62.9,,,,,,,,,,,,,,,,,,,,65.6,,60.8,,,,,,
REC04145,Data Scientist,Economics,Administration,Bachelor,7,20.8,34.6,67.1,96.0,3,66.8,Intermediate,,,,,,,,,74.7,,59.4,,,,,,,,,,,,,,,,,,,66.6,,,,,,,,,65.5,,,,,,,67.6
REC04146,Data Analyst,Biotechnology,Research,Bachelor,4,48.4,56.5,76.4,75.2,3,66.7,Intermediate,,,,,,,,,62.8,,64.0,,,,,,,,,,,,,,,,,,,,,,,,,,,,,,,,57.8,,67.7,64.9
REC04147,Database Administrator,Data Science,Research,Master,11,47.5,45.3,87.2,83.7,4,76.1,Intermediate,,,,,,,,,,87.9,,79.3,,,,,,,,,,,,,,,,,,,,,,,,66.2,,,73.4,,,,71.1,,,
REC04148,HR Officer,Cybersecurity,Data & Analytics,Bachelor,10,45.4,43.1,74.8,84.2,4,69.4,Intermediate,,,,,,,68.6,,86.3,,,,,,,,,,,,,,52.0,,,74.4,,,,,,,,,,,,,,65.6,,,,,,
REC04149,Environmental Officer,Cybersecurity,Statistics Division,Bachelor,10,63.8,37.9,51.6,71.9,7,54.8,Developing,,,,,,,,,49.6,,,,,,,,64.3,,,,58.8,,,,,,,,,,,,,,,,,,,52.6,,,,,,60.3
REC04150,Economist,Statistics,IT,Master,14,77.8,73.3,89.3,85.4,3,80.0,Intermediate,,,,,,,,,78.2,,,,,92.4,73.7,,,,,,,,,,,,,,,,,,,,,,,,,70.0,,,,,,68.5
REC04151,Administrative Officer,Environment,DIID,PhD,7,56.5,29.2,81.0,57.3,2,64.4,Developing,,59.3,,,,,66.8,,58.6,,,,,,,,,,,,,,,,,,,,,,,,,,,,66.1,,,67.3,,,,,,
REC04152,Environmental Officer,Public Policy,Statistics Division,Master,9,59.6,51.2,90.6,75.4,2,75.3,Intermediate,,,,,,,,,70.4,,,,,,,,75.2,,,,72.4,,,,,,,,,,,,,,,,,,,71.6,,,,,,66.7
REC04153,Finance Officer,Economics,Statistics Division,Master,8,71.2,29.4,96.5,77.1,2,78.3,Intermediate,70.5,,,,,,,,,,72.4,,,,,,,,82.2,55.8,,,,,,,,,,,,,,,,,,,,,,,,,,75.2
REC04154,Economist,Administration,Statistics Division,Master,7,106.8,45.0,65.6,83.7,5,67.2,Intermediate,,,,,,,,,64.6,,,,,71.8,75.4,,,,,,,,,,,,,,,,,,,,,,,,,68.9,,,,,,53.4
REC04155,Economist,Economics,IT,PhD,6,63.5,76.9,62.1,66.5,3,58.3,Developing,,,,,,,,,56.8,,,,,56.8,41.2,,,,,,,,,,,,,,,,,,,,,,,,,55.5,,,,,,64.2
REC04156,AI Engineer,Data Science,Research,Master,6,39.7,35.2,69.6,46.6,3,53.6,Developing,,,,,,,,,,,,,45.6,,,,,,,,,,,,,,,,,56.2,,52.2,,,,,,,41.0,,,,,49.0,,
REC04157,Legal Officer,Cybersecurity,DIID,PhD,1,60.8,39.5,56.4,87.9,3,60.2,Developing,,,,,,,62.1,,,,,,,,,,,,,,,,,,,,,,53.1,,,,,60.1,,,,,,63.9,,62.0,,,,
REC04158,Project Manager,Administration,Data & Analytics,Master,12,66.0,53.5,85.6,93.1,1,78.9,Intermediate,,,,,,,68.6,,76.4,,,,,,,,,,,,,,,,,,84.6,,,,,,,,,82.1,67.5,,,,,,,,,
REC04159,Project Manager,Education,Policy,PhD,11,50.1,35.9,76.3,81.4,2,68.5,Intermediate,,,,,,,67.8,,60.2,,,,,,,,,,,,,,,,,,52.8,,,,,,,,,65.6,67.4,,,,,,,,,
REC04160,Administrative Officer,Environment,Data & Analytics,Master,0,54.1,42.2,54.2,55.1,1,49.5,Beginner,,49.7,,,,,50.4,,53.1,,,,,,,,,,,,,,,,,,,,,,,,,,,,52.5,,,56.5,,,,,,
REC04161,Data Analyst,Administration,Research,PhD,8,16.5,23.1,72.4,47.6,1,54.6,Developing,,,,,,,,,59.1,,43.8,,,,,,,,,,,,,,,,,,,,,,,,,,,,,,,,58.1,,45.9,54.7
REC04162,Legal Officer,Agriculture,Training,Master,10,86.1,72.1,83.7,72.3,6,73.0,Intermediate,,,,,,,64.4,,,,,,,,,,,,,,,,,,,,,,78.0,,,,,73.6,,,,,,62.4,,69.0,,,,
REC04163,Finance Officer,Finance,Policy,Bachelor,7,27.7,43.5,64.2,67.4,5,57.5,Developing,57.7,,,,,,,,,,63.3,,,,,,,,46.3,55.6,,,,,,,,,,,,,,,,,,,,,,,,,,63.4
REC04164,Data Scientist,Finance,Administration,Master,14,56.5,47.4,86.5,61.5,4,69.5,Intermediate,,,,,,,,,59.2,,72.3,,,,,,,,,,,,,,,,,,,66.2,,,,,,,,,67.7,,,,,,,63.1
REC04165,HR Officer,Statistics,Policy,Bachelor,18,89.4,45.9,76.0,95.2,3,76.4,Intermediate,,,,,,,66.1,,77.5,,,,,,,,,,,,,,70.4,,,75.5,,,,,,,,,,,,,,80.1,,,,,,
REC04166,Research Officer,Statistics,MoSPI,PhD,6,58.9,58.4,84.2,69.4,4,70.7,Intermediate,,,,,,,,,74.6,,64.9,,,,,,,,,,,,,,,,,,,,,,,,,,,,,77.7,69.6,,,,,69.9
REC04167,Software Engineer,Data Science,DIID,Bachelor,9,49.7,73.3,75.8,66.6,3,64.5,Developing,,,,,,,,,,,,,,,,,,,,,,,,50.6,,,,,,,,,,,,60.1,,,62.2,,,,63.2,51.8,,
REC04168,Finance Officer,Agriculture,Statistics Division,PhD,1,42.2,50.2,86.7,68.0,5,68.6,Intermediate,62.1,,,,,,,,,,51.9,,,,,,,,75.0,70.2,,,,,,,,,,,,,,,,,,,,,,,,,,53.5
REC04169,Agriculture Officer,Public Health,Policy,PhD,9,101.3,47.9,85.6,100.0,4,81.9,Advanced,,,80.9,,,,,,81.1,,,,,,,,,,,,80.1,,,,,,,,,,,,,,,,,,,74.2,,,,,,70.7
REC04170,Education Officer,Education,IT,Master,3,81.4,66.4,91.4,73.2,2,75.6,Intermediate,,,,74.4,,,75.7,,76.9,,,,,,,60.1,,,,,,,,,,,,65.0,,,,,,,,,,,,,,,,,,
REC04171,Project Manager,Cybersecurity,Statistics Division,Bachelor,11,25.3,40.0,72.3,60.6,5,59.8,Developing,,,,,,,57.4,,55.5,,,,,,,,,,,,,,,,,,54.3,,,,,,,,,55.4,64.8,,,,,,,,,
REC04172,Finance Officer,Finance,Policy,Master,6,66.1,37.9,70.9,75.1,2,63.9,Developing,60.8,,,,,,,,,,55.4,,,,,,,,60.4,49.3,,,,,,,,,,,,,,,,,,,,,,,,,,62.3
REC04173,Public Health Officer,Public Health,MoSPI,Bachelor,11,97.4,50.9,71.0,65.1,4,65.1,Intermediate,,,,,,63.4,,,73.4,,,,,,,,,67.7,,,,,,,,,,,,,,,,,,,,61.2,,64.7,,,,,,
REC04174,Public Health Officer,Artificial Intelligence,Training,Master,12,41.0,35.1,76.1,89.5,2,71.5,Intermediate,,,,,,75.8,,,69.9,,,,,,,,,73.3,,,,,,,,,,,,,,,,,,,,72.5,,65.6,,,,,,
REC04175,Statistical Officer,Agriculture,Training,Bachelor,1,46.4,31.0,53.5,100.0,3,60.8,Developing,,,,,,,,,42.3,,50.4,,,,,,,,,,,,,,,,,,,,,,,,57.9,,,,,,,,,,72.0,69.5
REC04176,Economist,Environment,Administration,Bachelor,4,64.6,36.6,74.3,51.6,6,59.2,Developing,,,,,,,,,56.7,,,,,62.1,45.6,,,,,,,,,,,,,,,,,,,,,,,,,59.7,,,,,,62.4
REC04177,Agriculture Officer,Agriculture,Statistics Division,Bachelor,1,14.8,28.9,83.6,81.8,5,69.3,Intermediate,,,53.9,,,,,,73.1,,,,,,,,,,,,61.9,,,,,,,,,,,,,,,,,,,68.7,,,,,,65.0
REC04178,Project Manager,Agriculture,DIID,PhD,7,66.2,43.1,72.1,78.9,3,66.0,Intermediate,,,,,,,56.4,,68.3,,,,,,,,,,,,,,,,,,60.2,,,,,,,,,60.9,53.4,,,,,,,,,
REC04179,Data Analyst,Agriculture,Administration,Master,3,118.3,23.8,76.5,90.1,2,73.3,Intermediate,,,,,,,,,65.8,,64.6,,,,,,,,,,,,,,,,,,,,,,,,,,,,,,,,67.8,,67.5,73.1
REC04180,AI Engineer,Computer Science,IT,Master,4,85.9,25.4,100.0,82.0,3,82.1,Advanced,,,,,,,,,,,,,79.8,,,,,,,,,,,,,,,,,80.0,,69.2,,,,,,,72.5,,,,,87.4,,
REC04181,Environmental Officer,Economics,Administration,Master,6,31.2,71.9,64.5,58.7,1,56.3,Developing,,,,,,,,,58.2,,,,,,,,67.4,,,,50.0,,,,,,,,,,,,,,,,,,,49.7,,,,,,64.0
REC04182,Policy Analyst,Education,Data & Analytics,Bachelor,4,51.6,52.3,79.8,90.0,6,73.2,Intermediate,,,,,,,,,52.3,,,,,,,,,,,,,,,,,,,,,,,,,73.9,,,,,,71.5,86.8,,,,,73.2
REC04183,Policy Analyst,Economics,Policy,PhD,6,81.2,73.0,64.3,80.0,5,65.3,Intermediate,,,,,,,,,75.7,,,,,,,,,,,,,,,,,,,,,,,,,68.1,,,,,,58.9,83.3,,,,,55.1
REC04184,Software Engineer,Computer Science,Training,PhD,0,38.8,47.6,78.9,95.9,3,72.6,Intermediate,,,,,,,,,,,,,,,,,,,,,,,,66.7,,,,,,,,,,,,60.0,,,76.8,,,,65.0,72.4,,
REC04185,Data Scientist,Education,MoSPI,Master,6,39.2,28.0,75.0,70.1,4,64.4,Developing,,,,,,,,,70.5,,64.6,,,,,,,,,,,,,,,,,,,68.2,,,,,,,,,70.6,,,,,,,57.8
REC04186,Policy Analyst,Environment,Administration,Master,5,72.6,38.5,56.8,69.9,2,56.1,Developing,,,,,,,,,47.8,,,,,,,,,,,,,,,,,,,,,,,,,50.3,,,,,,57.3,52.0,,,,,67.0
REC04187,Public Health Officer,Biotechnology,Data & Analytics,Master,10,96.7,57.3,78.9,83.5,2,73.7,Intermediate,,,,,,56.3,,,64.3,,,,,,,,,73.9,,,,,,,,,,,,,,,,,,,,77.3,,74.5,,,,,,
REC04188,Environmental Officer,Agriculture,Policy,Bachelor,2,64.1,27.5,70.4,46.5,1,53.8,Developing,,,,,,,,,35.6,,,,,,,,47.4,,,,53.8,,,,,,,,,,,,,,,,,,,44.3,,,,,,42.1
REC04189,Data Scientist,Public Health,Data & Analytics,Bachelor,9,83.7,59.9,80.5,77.9,2,72.9,Intermediate,,,,,,,,,82.5,,73.2,,,,,,,,,,,,,,,,,,,69.6,,,,,,,,,67.8,,,,,,,70.9
REC04190,AI Engineer,Artificial Intelligence,Training,Master,14,80.3,41.8,79.3,88.4,3,75.9,Intermediate,,,,,,,,,,,,,80.2,,,,,,,,,,,,,,,,,92.4,,72.3,,,,,,,76.4,,,,,73.6,,
REC04191,Agriculture Officer,Environment,Research,Master,15,73.4,49.3,69.1,73.6,1,65.4,Intermediate,,,72.1,,,,,,74.3,,,,,,,,,,,,55.1,,,,,,,,,,,,,,,,,,,69.9,,,,,,48.5
REC04192,Cybersecurity Analyst,Public Health,Training,Master,11,67.8,23.6,88.8,85.7,3,77.1,Intermediate,,,,,,,,64.8,78.5,,,,,,,,,,,,,,,,,,,,,,,,72.9,,,,,,76.5,,,66.8,,,,
REC04193,Cybersecurity Analyst,Public Health,MoSPI,Master,2,57.9,35.9,72.3,79.1,7,64.9,Developing,,,,,,,,59.1,63.3,,,,,,,,,,,,,,,,,,,,,,,,56.4,,,,,,68.2,,,48.8,,,,
REC04194,Education Officer,Economics,MoSPI,Master,3,37.8,49.0,99.8,68.7,3,75.7,Intermediate,,,,77.9,,,71.8,,70.4,,,,,,,61.9,,,,,,,,,,,,64.3,,,,,,,,,,,,,,,,,,
REC04195,Project Manager,Administration,Research,Master,0,58.8,36.4,68.0,52.1,2,54.2,Developing,,,,,,,47.0,,45.6,,,,,,,,,,,,,,,,,,49.1,,,,,,,,,54.3,38.5,,,,,,,,,
REC04196,Education Officer,Biotechnology,Data & Analytics,Bachelor,8,53.3,37.0,100.0,69.9,3,77.8,Intermediate,,,,74.5,,,80.8,,78.2,,,,,,,65.7,,,,,,,,,,,,70.8,,,,,,,,,,,,,,,,,,
REC04197,Agriculture Officer,Public Health,Research,PhD,3,56.6,46.2,80.1,62.3,3,64.3,Developing,,,53.7,,,,,,66.2,,,,,,,,,,,,54.5,,,,,,,,,,,,,,,,,,,50.4,,,,,,62.4
REC04198,Policy Analyst,Artificial Intelligence,MoSPI,Master,14,35.7,24.1,81.0,65.1,1,66.0,Intermediate,,,,,,,,,54.3,,,,,,,,,,,,,,,,,,,,,,,,,69.8,,,,,,70.6,51.0,,,,,67.9
REC04199,Data Analyst,Biotechnology,Administration,Master,22,119.2,71.9,73.3,81.9,1,74.0,Intermediate,,,,,,,,,69.6,,68.5,,,,,,,,,,,,,,,,,,,,,,,,,,,,,,,,71.8,,73.4,76.4
REC04200,HR Officer,Agriculture,DIID,Master,0,58.0,30.0,80.5,61.7,3,63.9,Developing,,,,,,,65.8,,58.4,,,,,,,,,,,,,,55.4,,,55.7,,,,,,,,,,,,,,61.4,,,,,,
REC04201,Economist,Cybersecurity,Statistics Division,Master,17,93.2,59.6,79.8,66.9,1,69.9,Intermediate,,,,,,,,,73.8,,,,,60.3,62.7,,,,,,,,,,,,,,,,,,,,,,,,,61.6,,,,,,63.3
REC04202,Legal Officer,Economics,MoSPI,Master,6,108.2,56.9,57.1,84.5,4,63.0,Developing,,,,,,,55.2,,,,,,,,,,,,,,,,,,,,,,61.8,,,,,57.1,,,,,,63.7,,68.8,,,,
REC04203,Administrative Officer,Administration,IT,Master,8,89.0,61.0,73.7,97.2,2,75.2,Intermediate,,72.2,,,,,79.2,,80.6,,,,,,,,,,,,,,,,,,,,,,,,,,,,78.7,,,65.5,,,,,,
REC04204,AI Engineer,Cybersecurity,Research,Bachelor,14,73.7,68.2,78.4,84.1,2,74.4,Intermediate,,,,,,,,,,,,,80.4,,,,,,,,,,,,,,,,,76.9,,70.6,,,,,,,82.9,,,,,72.6,,
REC04205,Biotechnology Faculty,Biotechnology,Statistics Division,Master,17,51.5,27.0,86.9,73.9,1,73.5,Intermediate,,,,,66.9,,,,82.3,,,,,,,,,,,,,66.6,,,69.3,,,,,,77.4,,,,,,,,,,,,,,,
REC04206,Database Administrator,Cybersecurity,IT,PhD,9,80.0,19.5,65.3,82.9,2,64.5,Developing,,,,,,,,,,78.1,,51.6,,,,,,,,,,,,,,,,,,,,,,,,64.8,,,55.7,,,,60.0,,,
REC04207,Data Scientist,Education,DIID,Master,10,48.6,27.1,60.4,65.2,2,54.8,Developing,,,,,,,,,54.4,,46.3,,,,,,,,,,,,,,,,,,,55.9,,,,,,,,,48.6,,,,,,,38.8
REC04208,Research Officer,Data Science,Policy,Master,7,88.2,81.5,79.7,78.0,3,72.3,Intermediate,,,,,,,,,65.4,,64.2,,,,,,,,,,,,,,,,,,,,,,,,,,,,,61.7,68.8,,,,,77.9
REC04209,Biotechnology Faculty,Data Science,Administration,Bachelor,4,41.0,34.8,75.0,79.4,1,66.6,Intermediate,,,,,78.4,,,,60.5,,,,,,,,,,,,,69.5,,,55.5,,,,,,62.9,,,,,,,,,,,,,,,
REC04210,HR Officer,Economics,Research,Bachelor,4,55.2,66.4,100.0,68.1,1,77.8,Intermediate,,,,,,,78.2,,68.1,,,,,,,,,,,,,,75.2,,,83.7,,,,,,,,,,,,,,66.3,,,,,,
REC04211,Project Manager,Education,IT,Bachelor,4,60.2,28.3,66.6,72.3,3,59.8,Developing,,,,,,,49.8,,63.0,,,,,,,,,,,,,,,,,,48.7,,,,,,,,,49.8,51.7,,,,,,,,,
REC04212,Finance Officer,Economics,Statistics Division,Bachelor,10,81.8,57.1,78.8,70.3,2,69.2,Intermediate,76.5,,,,,,,,,,62.5,,,,,,,,58.7,61.0,,,,,,,,,,,,,,,,,,,,,,,,,,72.6
REC04213,Finance Officer,Agriculture,Data & Analytics,Master,11,75.6,47.8,70.3,77.2,1,67.2,Intermediate,74.1,,,,,,,,,,72.2,,,,,,,,65.7,61.9,,,,,,,,,,,,,,,,,,,,,,,,,,72.6
REC04214,Administrative Officer,Artificial Intelligence,Data & Analytics,PhD,0,37.7,56.0,70.2,68.0,6,60.1,Developing,,46.0,,,,,52.1,,68.8,,,,,,,,,,,,,,,,,,,,,,,,,,,,54.6,,,59.2,,,,,,
REC04215,Finance Officer,Statistics,Research,Bachelor,0,72.3,53.0,68.2,70.6,3,61.3,Developing,54.8,,,,,,,,,,56.2,,,,,,,,56.9,54.8,,,,,,,,,,,,,,,,,,,,,,,,,,58.2
REC04216,Data Scientist,Cybersecurity,DIID,Bachelor,0,29.9,9.0,76.7,63.2,2,59.1,Developing,,,,,,,,,51.9,,49.1,,,,,,,,,,,,,,,,,,,49.8,,,,,,,,,43.3,,,,,,,48.9
REC04217,Environmental Officer,Education,Training,Bachelor,6,42.6,69.5,59.5,91.4,3,63.3,Developing,,,,,,,,,64.9,,,,,,,,54.7,,,,54.9,,,,,,,,,,,,,,,,,,,73.1,,,,,,62.3
REC04218,HR Officer,Administration,Administration,Bachelor,11,77.4,38.0,68.7,59.7,7,59.9,Developing,,,,,,,46.2,,65.1,,,,,,,,,,,,,,57.7,,,56.9,,,,,,,,,,,,,,53.3,,,,,,
REC04219,Legal Officer,Environment,Policy,Bachelor,0,22.7,37.6,55.8,95.8,4,59.4,Developing,,,,,,,47.3,,,,,,,,,,,,,,,,,,,,,,44.7,,,,,57.0,,,,,,59.6,,70.8,,,,
REC04220,Agriculture Officer,Agriculture,DIID,Master,6,39.8,34.1,63.3,92.0,3,64.1,Developing,,,64.9,,,,,,60.9,,,,,,,,,,,,59.0,,,,,,,,,,,,,,,,,,,65.1,,,,,,59.7
REC04221,Finance Officer,Public Policy,Training,Master,11,74.1,52.2,71.9,93.9,1,72.6,Intermediate,71.0,,,,,,,,,,79.7,,,,,,,,65.1,64.7,,,,,,,,,,,,,,,,,,,,,,,,,,79.0
REC04222,Environmental Officer,Cybersecurity,Statistics Division,Master,2,46.3,39.5,61.9,60.9,1,53.0,Developing,,,,,,,,,45.5,,,,,,,,45.0,,,,44.0,,,,,,,,,,,,,,,,,,,52.7,,,,,,34.6
REC04223,Policy Analyst,Public Health,Policy,Master,14,75.9,62.7,81.3,64.6,6,69.1,Intermediate,,,,,,,,,62.1,,,,,,,,,,,,,,,,,,,,,,,,,65.2,,,,,,73.4,63.0,,,,,61.8
REC04224,AI Engineer,Cybersecurity,Administration,Master,11,40.5,66.9,87.9,69.0,4,72.0,Intermediate,,,,,,,,,,,,,73.4,,,,,,,,,,,,,,,,,68.7,,62.4,,,,,,,54.2,,,,,87.6,,
REC04225,Administrative Officer,Statistics,Research,Master,9,76.3,46.2,75.8,81.6,3,69.7,Intermediate,,67.1,,,,,64.3,,70.7,,,,,,,,,,,,,,,,,,,,,,,,,,,,60.7,,,56.7,,,,,,
REC04226,Project Manager,Biotechnology,Training,Master,5,55.9,39.6,74.5,60.0,5,61.0,Developing,,,,,,,56.3,,51.8,,,,,,,,,,,,,,,,,,65.5,,,,,,,,,50.1,57.4,,,,,,,,,
REC04227,Agriculture Officer,Public Policy,DIID,Master,4,43.0,39.5,79.8,87.2,1,71.3,Intermediate,,,71.1,,,,,,67.6,,,,,,,,,,,,74.4,,,,,,,,,,,,,,,,,,,59.0,,,,,,67.9
REC04228,Statistical Officer,Cybersecurity,IT,PhD,4,44.7,36.3,78.0,38.4,3,55.9,Developing,,,,,,,,,47.0,,52.1,,,,,,,,,,,,,,,,,,,,,,,,58.9,,,,,,,,,,45.8,57.5
REC04229,AI Engineer,Computer Science,IT,Master,1,65.4,36.1,88.5,72.8,5,72.4,Intermediate,,,,,,,,,,,,,72.8,,,,,,,,,,,,,,,,,67.3,,68.9,,,,,,,65.9,,,,,71.4,,
REC04230,Finance Officer,Public Policy,Training,Master,4,51.0,39.5,67.4,47.2,4,53.8,Developing,46.3,,,,,,,,,,52.4,,,,,,,,39.9,67.3,,,,,,,,,,,,,,,,,,,,,,,,,,58.1
REC04231,Finance Officer,Economics,Training,Bachelor,22,99.2,52.7,81.7,76.6,1,75.5,Intermediate,67.8,,,,,,,,,,73.3,,,,,,,,87.5,76.0,,,,,,,,,,,,,,,,,,,,,,,,,,71.3
REC04232,Agriculture Officer,Finance,MoSPI,Master,10,8.1,27.5,74.5,58.1,5,58.7,Developing,,,55.8,,,,,,52.3,,,,,,,,,,,,54.0,,,,,,,,,,,,,,,,,,,58.1,,,,,,59.3
REC04233,Administrative Officer,Administration,MoSPI,Bachelor,4,40.0,39.3,61.7,58.0,5,53.2,Developing,,49.4,,,,,51.8,,47.4,,,,,,,,,,,,,,,,,,,,,,,,,,,,59.6,,,47.9,,,,,,
REC04234,Environmental Officer,Cybersecurity,Research,Bachelor,7,72.7,36.8,74.6,65.3,2,63.9,Developing,,,,,,,,,53.9,,,,,,,,50.0,,,,69.4,,,,,,,,,,,,,,,,,,,63.7,,,,,,61.3
REC04235,Finance Officer,Agriculture,MoSPI,Bachelor,4,61.3,34.2,89.2,100.0,1,80.0,Advanced,66.8,,,,,,,,,,75.3,,,,,,,,73.0,71.3,,,,,,,,,,,,,,,,,,,,,,,,,,73.0
REC04236,Environmental Officer,Education,Statistics Division,Master,13,71.3,44.4,72.8,74.4,7,66.1,Intermediate,,,,,,,,,55.1,,,,,,,,55.3,,,,59.8,,,,,,,,,,,,,,,,,,,66.5,,,,,,60.4
REC04237,Agriculture Officer,Finance,Research,PhD,7,71.9,68.6,81.2,68.8,4,69.9,Intermediate,,,71.9,,,,,,62.5,,,,,,,,,,,,67.6,,,,,,,,,,,,,,,,,,,72.5,,,,,,73.2
REC04238,Project Manager,Economics,IT,PhD,5,70.6,62.1,80.2,78.7,2,71.3,Intermediate,,,,,,,70.0,,79.4,,,,,,,,,,,,,,,,,,68.0,,,,,,,,,68.6,57.0,,,,,,,,,
REC04239,Policy Analyst,Economics,Data & Analytics,Bachelor,6,71.2,6.8,81.1,72.4,6,67.7,Intermediate,,,,,,,,,53.9,,,,,,,,,,,,,,,,,,,,,,,,,61.4,,,,,,53.6,71.0,,,,,60.9
REC04240,Administrative Officer,Public Health,Policy,Master,2,27.3,47.6,81.5,92.0,2,73.0,Intermediate,,57.3,,,,,75.5,,71.3,,,,,,,,,,,,,,,,,,,,,,,,,,,,70.8,,,81.0,,,,,,
REC04241,Statistical Officer,Statistics,IT,Master,10,47.1,32.6,77.2,67.5,4,65.1,Intermediate,,,,,,,,,71.7,,55.4,,,,,,,,,,,,,,,,,,,,,,,,63.0,,,,,,,,,,54.8,69.5
REC04242,Agriculture Officer,Environment,Research,Bachelor,6,67.3,23.1,71.8,75.6,2,65.2,Intermediate,,,70.2,,,,,,61.1,,,,,,,,,,,,66.0,,,,,,,,,,,,,,,,,,,66.8,,,,,,58.0
REC04243,Biotechnology Faculty,Biotechnology,Policy,Master,7,67.3,49.1,78.2,65.6,2,65.7,Intermediate,,,,,58.8,,,,67.7,,,,,,,,,,,,,60.4,,,58.9,,,,,,55.5,,,,,,,,,,,,,,,
REC04244,Biotechnology Faculty,Administration,DIID,Bachelor,17,45.2,35.4,71.6,93.3,4,70.9,Intermediate,,,,,65.2,,,,64.3,,,,,,,,,,,,,65.9,,,64.0,,,,,,86.7,,,,,,,,,,,,,,,
REC04245,Education Officer,Public Policy,DIID,Bachelor,0,56.4,43.3,46.2,53.4,2,44.1,Beginner,,,,52.1,,,35.8,,47.9,,,,,,,35.5,,,,,,,,,,,,40.2,,,,,,,,,,,,,,,,,,
REC04246,Administrative Officer,Data Science,DIID,Master,0,38.6,45.2,55.0,60.3,2,49.5,Beginner,,40.7,,,,,43.5,,43.5,,,,,,,,,,,,,,,,,,,,,,,,,,,,57.0,,,43.8,,,,,,
REC04247,Data Scientist,Cybersecurity,DIID,Bachelor,0,34.8,50.5,76.5,94.2,5,70.5,Intermediate,,,,,,,,,63.4,,64.0,,,,,,,,,,,,,,,,,,,70.8,,,,,,,,,68.6,,,,,,,57.5
REC04248,Policy Analyst,Artificial Intelligence,IT,Master,1,51.2,16.9,70.7,100.0,4,70.2,Intermediate,,,,,,,,,64.3,,,,,,,,,,,,,,,,,,,,,,,,,63.8,,,,,,68.3,73.6,,,,,81.9
REC04249,HR Officer,Environment,DIID,Bachelor,6,80.9,48.0,82.6,82.9,4,73.6,Intermediate,,,,,,,67.4,,51.2,,,,,,,,,,,,,,69.2,,,64.3,,,,,,,,,,,,,,87.7,,,,,,
REC04250,Policy Analyst,Artificial Intelligence,Data & Analytics,Master,0,5.0,44.8,56.0,90.7,2,56.5,Developing,,,,,,,,,43.6,,,,,,,,,,,,,,,,,,,,,,,,,48.0,,,,,,59.3,41.5,,,,,51.7
REC04251,Database Administrator,Data Science,Data & Analytics,Master,0,56.2,55.9,65.0,60.1,4,55.5,Developing,,,,,,,,,,51.0,,41.8,,,,,,,,,,,,,,,,,,,,,,,,54.7,,,58.1,,,,40.1,,,
REC04252,HR Officer,Data Science,Statistics Division,PhD,14,42.0,50.8,86.0,78.2,3,74.4,Intermediate,,,,,,,69.7,,90.4,,,,,,,,,,,,,,69.2,,,71.6,,,,,,,,,,,,,,76.7,,,,,,
REC04253,Data Scientist,Computer Science,IT,Master,2,34.4,19.6,60.9,79.0,2,58.0,Developing,,,,,,,,,61.4,,59.5,,,,,,,,,,,,,,,,,,,61.0,,,,,,,,,56.6,,,,,,,46.6
REC04254,Education Officer,Administration,IT,PhD,11,53.3,46.0,67.1,54.6,4,57.0,Developing,,,,54.4,,,54.1,,56.1,,,,,,,54.4,,,,,,,,,,,,56.7,,,,,,,,,,,,,,,,,,
REC04255,Cybersecurity Analyst,Computer Science,Statistics Division,PhD,0,62.1,60.7,65.8,66.0,3,58.5,Developing,,,,,,,,54.6,49.7,,,,,,,,,,,,,,,,,,,,,,,,61.5,,,,,,54.8,,,50.7,,,,
REC04256,Project Manager,Environment,IT,Bachelor,4,47.0,43.3,68.8,80.1,1,64.0,Developing,,,,,,,69.5,,58.8,,,,,,,,,,,,,,,,,,62.4,,,,,,,,,59.3,62.2,,,,,,,,,
REC04257,Database Administrator,Cybersecurity,Data & Analytics,PhD,8,51.3,43.1,83.2,79.7,6,72.4,Intermediate,,,,,,,,,,70.7,,68.2,,,,,,,,,,,,,,,,,,,,,,,,66.5,,,80.7,,,,70.6,,,
REC04258,Data Scientist,Environment,DIID,Master,6,33.4,29.0,50.6,63.1,1,49.0,Beginner,,,,,,,,,51.7,,53.4,,,,,,,,,,,,,,,,,,,48.1,,,,,,,,,42.7,,,,,,,53.7
REC04259,Research Officer,Environment,Training,PhD,11,85.9,51.9,82.2,95.1,2,78.5,Intermediate,,,,,,,,,79.5,,79.0,,,,,,,,,,,,,,,,,,,,,,,,,,,,,65.0,73.4,,,,,80.3
REC04260,Biotechnology Faculty,Public Health,IT,Bachelor,0,46.2,52.4,72.7,68.4,1,62.3,Developing,,,,,64.7,,,,53.6,,,,,,,,,,,,,57.8,,,51.7,,,,,,75.2,,,,,,,,,,,,,,,
REC04261,Data Scientist,Environment,Research,PhD,6,79.9,70.3,80.0,93.3,4,76.5,Intermediate,,,,,,,,,75.4,,80.3,,,,,,,,,,,,,,,,,,,77.1,,,,,,,,,68.0,,,,,,,70.4
REC04262,Legal Officer,Administration,DIID,Bachelor,10,86.5,59.8,68.8,47.6,6,58.4,Developing,,,,,,,70.8,,,,,,,,,,,,,,,,,,,,,,66.0,,,,,48.9,,,,,,57.1,,58.6,,,,
REC04263,Agriculture Officer,Environment,MoSPI,Master,9,5.0,17.0,62.5,59.1,4,51.8,Developing,,,44.1,,,,,,31.1,,,,,,,,,,,,51.1,,,,,,,,,,,,,,,,,,,57.5,,,,,,54.1
REC04264,Environmental Officer,Public Policy,Training,Bachelor,6,5.0,41.8,95.6,95.1,1,80.3,Advanced,,,,,,,,,69.0,,,,,,,,80.1,,,,74.3,,,,,,,,,,,,,,,,,,,80.9,,,,,,80.7
REC04265,Legal Officer,Public Policy,Research,Master,13,76.8,47.6,82.8,47.7,3,64.0,Developing,,,,,,,70.6,,,,,,,,,,,,,,,,,,,,,,43.3,,,,,63.3,,,,,,57.5,,54.5,,,,
REC04266,Biotechnology Faculty,Public Health,MoSPI,Bachelor,3,86.6,76.8,77.3,68.9,2,68.0,Intermediate,,,,,68.6,,,,60.7,,,,,,,,,,,,,63.6,,,76.3,,,,,,60.9,,,,,,,,,,,,,,,
REC04267,Policy Analyst,Education,Administration,Master,0,84.7,43.2,73.7,67.3,4,63.8,Developing,,,,,,,,,56.3,,,,,,,,,,,,,,,,,,,,,,,,,52.3,,,,,,64.4,63.1,,,,,64.5
REC04268,Administrative Officer,Administration,Administration,Bachelor,0,39.8,44.0,75.3,51.1,5,57.0,Developing,,51.1,,,,,50.0,,52.6,,,,,,,,,,,,,,,,,,,,,,,,,,,,43.7,,,51.1,,,,,,
REC04269,Research Officer,Biotechnology,Data & Analytics,Bachelor,13,78.7,78.5,54.5,77.3,1,60.2,Developing,,,,,,,,,64.2,,57.8,,,,,,,,,,,,,,,,,,,,,,,,,,,,,68.5,59.2,,,,,61.0
REC04270,Project Manager,Economics,DIID,Master,4,56.5,48.8,75.1,78.7,3,67.3,Intermediate,,,,,,,63.1,,75.8,,,,,,,,,,,,,,,,,,52.2,,,,,,,,,69.1,61.6,,,,,,,,,
REC04271,Database Administrator,Cybersecurity,Training,PhD,13,77.0,66.5,88.9,67.5,5,74.1,Intermediate,,,,,,,,,,78.4,,70.8,,,,,,,,,,,,,,,,,,,,,,,,66.8,,,69.7,,,,67.7,,,
REC04272,Education Officer,Cybersecurity,MoSPI,Bachelor,10,25.2,26.8,83.4,76.7,4,68.9,Intermediate,,,,73.2,,,55.2,,58.2,,,,,,,62.4,,,,,,,,,,,,58.9,,,,,,,,,,,,,,,,,,
REC04273,Administrative Officer,Education,DIID,Master,16,57.8,18.5,69.6,82.0,5,67.1,Intermediate,,63.0,,,,,61.7,,64.0,,,,,,,,,,,,,,,,,,,,,,,,,,,,91.5,,,66.4,,,,,,
REC04274,Agriculture Officer,Administration,MoSPI,Master,15,38.0,2.0,98.9,79.0,3,79.8,Intermediate,,,78.2,,,,,,82.2,,,,,,,,,,,,84.3,,,,,,,,,,,,,,,,,,,71.7,,,,,,82.0
REC04275,Policy Analyst,Data Science,IT,PhD,0,43.7,14.6,89.7,77.5,3,71.6,Intermediate,,,,,,,,,52.9,,,,,,,,,,,,,,,,,,,,,,,,,61.0,,,,,,62.7,78.4,,,,,61.8
REC04276,Data Scientist,Data Science,Statistics Division,Master,5,64.5,56.5,81.7,87.6,1,73.8,Intermediate,,,,,,,,,73.2,,73.0,,,,,,,,,,,,,,,,,,,66.7,,,,,,,,,68.6,,,,,,,61.6
REC04277,Agriculture Officer,Biotechnology,Training,Master,14,31.9,59.6,74.4,93.2,3,72.2,Intermediate,,,65.8,,,,,,71.9,,,,,,,,,,,,79.0,,,,,,,,,,,,,,,,,,,77.1,,,,,,67.2
REC04278,Data Analyst,Computer Science,IT,PhD,6,52.3,34.9,80.8,74.3,4,68.8,Intermediate,,,,,,,,,68.5,,77.9,,,,,,,,,,,,,,,,,,,,,,,,,,,,,,,,62.0,,52.1,71.1
REC04279,Economist,Statistics,IT,Master,8,40.5,35.1,83.6,75.7,4,70.3,Intermediate,,,,,,,,,62.2,,,,,70.3,75.7,,,,,,,,,,,,,,,,,,,,,,,,,54.1,,,,,,75.0
REC04280,Data Scientist,Education,Research,Master,0,33.4,35.2,70.7,63.3,2,58.7,Developing,,,,,,,,,58.0,,51.7,,,,,,,,,,,,,,,,,,,57.5,,,,,,,,,53.7,,,,,,,68.0
REC04281,Data Scientist,Agriculture,Research,Bachelor,12,74.9,52.0,85.1,75.2,3,73.5,Intermediate,,,,,,,,,73.8,,66.8,,,,,,,,,,,,,,,,,,,68.7,,,,,,,,,66.3,,,,,,,68.9
REC04282,Education Officer,Public Health,Administration,Bachelor,14,84.6,60.6,91.6,94.2,1,83.6,Advanced,,,,80.9,,,84.3,,86.7,,,,,,,70.6,,,,,,,,,,,,74.0,,,,,,,,,,,,,,,,,,
REC04283,Statistical Officer,Data Science,MoSPI,Master,2,34.4,27.7,71.2,77.3,1,62.1,Developing,,,,,,,,,73.1,,54.0,,,,,,,,,,,,,,,,,,,,,,,,51.4,,,,,,,,,,44.9,51.7
REC04284,Economist,Agriculture,MoSPI,Bachelor,15,52.1,40.5,85.6,98.2,4,79.8,Intermediate,,,,,,,,,76.3,,,,,73.1,77.3,,,,,,,,,,,,,,,,,,,,,,,,,75.3,,,,,,84.4
REC04285,Statistical Officer,Administration,MoSPI,PhD,7,54.1,49.3,82.1,79.4,4,70.9,Intermediate,,,,,,,,,71.2,,72.7,,,,,,,,,,,,,,,,,,,,,,,,63.7,,,,,,,,,,61.7,50.0
REC04286,Education Officer,Administration,MoSPI,Master,0,64.3,57.6,82.4,73.3,1,69.1,Intermediate,,,,56.1,,,59.5,,68.6,,,,,,,58.8,,,,,,,,,,,,69.9,,,,,,,,,,,,,,,,,,
REC04287,Project Manager,Public Health,MoSPI,Bachelor,13,45.9,43.7,80.2,70.4,3,67.9,Intermediate,,,,,,,61.2,,59.5,,,,,,,,,,,,,,,,,,68.7,,,,,,,,,51.1,76.1,,,,,,,,,
REC04288,Database Administrator,Data Science,Data & Analytics,Master,9,52.0,47.5,75.9,71.7,1,66.3,Intermediate,,,,,,,,,,61.4,,60.4,,,,,,,,,,,,,,,,,,,,,,,,66.3,,,71.1,,,,63.4,,,
REC04289,Data Scientist,Administration,Policy,PhD,6,72.1,47.7,85.5,86.6,1,75.9,Intermediate,,,,,,,,,74.1,,57.8,,,,,,,,,,,,,,,,,,,66.0,,,,,,,,,79.0,,,,,,,77.3
REC04290,Legal Officer,Environment,Policy,PhD,12,102.9,42.8,72.4,80.7,4,70.6,Intermediate,,,,,,,69.2,,,,,,,,,,,,,,,,,,,,,,67.3,,,,,72.8,,,,,,74.9,,75.7,,,,
REC04291,Policy Analyst,Data Science,Training,PhD,11,41.0,50.2,66.0,60.9,1,58.1,Developing,,,,,,,,,59.6,,,,,,,,,,,,,,,,,,,,,,,,,49.3,,,,,,63.1,65.4,,,,,53.7
REC04292,Cybersecurity Analyst,Cybersecurity,IT,PhD,0,38.7,49.7,72.7,82.7,1,65.3,Intermediate,,,,,,,,58.4,54.5,,,,,,,,,,,,,,,,,,,,,,,,50.6,,,,,,55.6,,,79.4,,,,
REC04293,Biotechnology Faculty,Environment,Policy,Bachelor,0,15.3,31.7,73.3,62.8,1,57.9,Developing,,,,,47.8,,,,50.9,,,,,,,,,,,,,56.5,,,43.8,,,,,,59.0,,,,,,,,,,,,,,,
REC04294,Data Scientist,Public Health,MoSPI,Master,3,80.1,53.9,49.4,59.0,3,49.9,Beginner,,,,,,,,,38.5,,53.9,,,,,,,,,,,,,,,,,,,62.3,,,,,,,,,66.4,,,,,,,35.7
REC04295,Economist,Cybersecurity,Policy,PhD,8,51.1,46.4,58.9,70.4,1,56.5,Developing,,,,,,,,,51.1,,,,,54.8,44.1,,,,,,,,,,,,,,,,,,,,,,,,,56.5,,,,,,58.4
REC04296,Environmental Officer,Agriculture,Policy,Bachelor,11,83.6,69.6,73.9,74.8,4,69.1,Intermediate,,,,,,,,,74.1,,,,,,,,77.5,,,,68.2,,,,,,,,,,,,,,,,,,,75.6,,,,,,51.4
REC04297,Economist,Cybersecurity,Training,Master,8,88.6,48.1,81.4,80.4,5,73.7,Intermediate,,,,,,,,,71.2,,,,,64.3,77.4,,,,,,,,,,,,,,,,,,,,,,,,,71.2,,,,,,76.7
REC04298,Environmental Officer,Economics,Data & Analytics,Master,10,76.2,22.8,58.6,68.6,5,57.2,Developing,,,,,,,,,58.1,,,,,,,,48.4,,,,64.1,,,,,,,,,,,,,,,,,,,56.9,,,,,,58.4
REC04299,Administrative Officer,Artificial Intelligence,MoSPI,PhD,6,83.4,39.9,83.3,100.0,1,79.4,Intermediate,,83.4,,,,,84.5,,60.2,,,,,,,,,,,,,,,,,,,,,,,,,,,,81.1,,,75.2,,,,,,
REC04300,Biotechnology Faculty,Education,Statistics Division,Master,6,102.2,50.7,84.1,66.2,1,70.5,Intermediate,,,,,59.4,,,,62.3,,,,,,,,,,,,,56.6,,,69.9,,,,,,69.7,,,,,,,,,,,,,,,
REC04301,Database Administrator,Artificial Intelligence,MoSPI,PhD,3,14.9,47.5,91.6,85.4,3,75.0,Intermediate,,,,,,,,,,67.9,,69.7,,,,,,,,,,,,,,,,,,,,,,,,69.0,,,68.8,,,,64.3,,,
REC04302,Cybersecurity Analyst,Environment,DIID,Master,5,34.2,25.4,56.8,67.2,4,52.2,Developing,,,,,,,,34.1,49.2,,,,,,,,,,,,,,,,,,,,,,,,54.9,,,,,,46.2,,,50.5,,,,
REC04303,Software Engineer,Data Science,Research,Master,8,32.7,42.6,56.6,65.0,2,52.9,Developing,,,,,,,,,,,,,,,,,,,,,,,,55.6,,,,,,,,,,,,47.2,,,46.7,,,,48.8,58.6,,
REC04304,Agriculture Officer,Data Science,Statistics Division,Bachelor,8,60.0,35.9,100.0,93.8,2,83.9,Advanced,,,64.0,,,,,,77.9,,,,,,,,,,,,61.5,,,,,,,,,,,,,,,,,,,79.7,,,,,,80.3
REC04305,Administrative Officer,Public Health,DIID,Master,3,45.5,20.5,68.1,72.1,3,60.2,Developing,,57.0,,,,,56.4,,54.3,,,,,,,,,,,,,,,,,,,,,,,,,,,,53.9,,,65.5,,,,,,
REC04306,Data Analyst,Computer Science,Policy,PhD,0,19.5,53.0,63.5,66.7,3,54.8,Developing,,,,,,,,,60.5,,46.4,,,,,,,,,,,,,,,,,,,,,,,,,,,,,,,,48.7,,40.7,48.3
REC04307,Finance Officer,Agriculture,IT,PhD,8,52.8,50.2,79.7,72.5,4,67.9,Intermediate,54.3,,,,,,,,,,64.3,,,,,,,,60.7,64.2,,,,,,,,,,,,,,,,,,,,,,,,,,69.7
REC04308,Data Scientist,Agriculture,Statistics Division,Bachelor,0,65.9,52.2,64.3,83.1,2,62.5,Developing,,,,,,,,,48.9,,58.0,,,,,,,,,,,,,,,,,,,56.9,,,,,,,,,52.4,,,,,,,67.2
REC04309,Research Officer,Finance,Policy,Bachelor,8,98.9,32.5,66.6,52.5,5,57.4,Developing,,,,,,,,,58.1,,65.7,,,,,,,,,,,,,,,,,,,,,,,,,,,,,47.4,55.0,,,,,42.8
REC04310,Administrative Officer,Cybersecurity,Training,PhD,11,73.5,44.7,67.3,80.2,5,66.5,Intermediate,,79.5,,,,,70.1,,63.5,,,,,,,,,,,,,,,,,,,,,,,,,,,,66.0,,,70.5,,,,,,
REC04311,Data Analyst,Environment,Training,Master,16,60.3,30.8,91.0,84.1,4,78.7,Intermediate,,,,,,,,,79.2,,83.9,,,,,,,,,,,,,,,,,,,,,,,,,,,,,,,,86.3,,60.6,70.0
REC04312,Statistical Officer,Finance,Research,Master,16,73.1,39.8,73.7,72.0,3,67.1,Intermediate,,,,,,,,,78.6,,63.6,,,,,,,,,,,,,,,,,,,,,,,,52.3,,,,,,,,,,58.9,70.6
REC04313,Agriculture Officer,Environment,Data & Analytics,Master,12,98.2,29.9,91.4,83.8,7,80.1,Advanced,,,69.3,,,,,,76.6,,,,,,,,,,,,85.3,,,,,,,,,,,,,,,,,,,80.1,,,,,,73.1
REC04314,Cybersecurity Analyst,Agriculture,IT,Bachelor,12,64.3,37.9,100.0,74.4,2,79.5,Intermediate,,,,,,,,76.4,62.9,,,,,,,,,,,,,,,,,,,,,,,,76.3,,,,,,79.3,,,61.1,,,,
REC04315,AI Engineer,Cybersecurity,Training,Bachelor,6,26.9,48.9,79.0,67.6,2,64.9,Developing,,,,,,,,,,,,,67.5,,,,,,,,,,,,,,,,,57.0,,69.6,,,,,,,59.0,,,,,56.7,,
REC04316,Database Administrator,Cybersecurity,Administration,Master,8,66.2,67.4,75.6,88.3,1,71.9,Intermediate,,,,,,,,,,63.6,,61.0,,,,,,,,,,,,,,,,,,,,,,,,77.4,,,67.2,,,,69.7,,,
REC04317,Administrative Officer,Administration,Administration,Master,0,34.5,49.3,84.2,74.1,2,68.8,Intermediate,,59.1,,,,,67.8,,60.7,,,,,,,,,,,,,,,,,,,,,,,,,,,,65.4,,,67.9,,,,,,
REC04318,Database Administrator,Cybersecurity,MoSPI,PhD,5,61.4,40.6,88.4,73.6,4,72.4,Intermediate,,,,,,,,,,69.9,,68.4,,,,,,,,,,,,,,,,,,,,,,,,63.9,,,68.6,,,,56.9,,,
REC04319,Administrative Officer,Cybersecurity,IT,Master,5,48.7,34.5,76.3,76.8,4,67.2,Intermediate,,66.9,,,,,76.1,,69.3,,,,,,,,,,,,,,,,,,,,,,,,,,,,53.5,,,69.1,,,,,,
REC04320,Public Health Officer,Public Policy,Training,Master,6,5.8,9.1,69.6,63.0,4,55.2,Developing,,,,,,41.6,,,45.3,,,,,,,,,48.5,,,,,,,,,,,,,,,,,,,,47.2,,47.7,,,,,,
REC04321,Cybersecurity Analyst,Environment,DIID,Bachelor,1,9.4,23.2,47.1,49.0,4,40.1,Beginner,,,,,,,,41.8,36.9,,,,,,,,,,,,,,,,,,,,,,,,22.2,,,,,,41.5,,,44.0,,,,
REC04322,AI Engineer,Artificial Intelligence,Policy,Master,0,26.5,51.8,76.0,69.0,3,62.4,Developing,,,,,,,,,,,,,62.9,,,,,,,,,,,,,,,,,62.6,,49.1,,,,,,,53.6,,,,,52.2,,
REC04323,Cybersecurity Analyst,Public Health,Research,PhD,13,39.6,48.0,89.5,51.7,2,67.3,Intermediate,,,,,,,,61.6,63.5,,,,,,,,,,,,,,,,,,,,,,,,58.6,,,,,,74.1,,,62.9,,,,
REC04324,Database Administrator,Data Science,Statistics Division,Bachelor,16,117.8,52.3,72.0,81.7,5,71.5,Intermediate,,,,,,,,,,64.0,,67.0,,,,,,,,,,,,,,,,,,,,,,,,61.8,,,75.2,,,,73.0,,,
REC04325,Cybersecurity Analyst,Data Science,Training,Bachelor,9,34.8,38.3,95.5,76.5,3,76.6,Intermediate,,,,,,,,73.6,68.5,,,,,,,,,,,,,,,,,,,,,,,,68.7,,,,,,81.3,,,72.5,,,,
REC04326,Data Analyst,Administration,Research,Bachelor,0,64.4,26.0,73.0,81.6,1,65.4,Intermediate,,,,,,,,,53.6,,51.9,,,,,,,,,,,,,,,,,,,,,,,,,,,,,,,,59.7,,58.8,62.4
REC04327,Cybersecurity Analyst,Environment,IT,Master,6,42.4,30.6,58.3,71.1,4,55.8,Developing,,,,,,,,57.7,66.8,,,,,,,,,,,,,,,,,,,,,,,,43.4,,,,,,56.7,,,56.5,,,,
REC04328,Cybersecurity Analyst,Administration,Policy,Bachelor,3,99.8,84.7,68.1,83.1,4,68.3,Intermediate,,,,,,,,63.9,70.7,,,,,,,,,,,,,,,,,,,,,,,,62.6,,,,,,74.3,,,60.3,,,,
REC04329,Data Analyst,Biotechnology,Training,Bachelor,2,55.3,28.0,57.9,56.2,1,49.7,Beginner,,,,,,,,,38.1,,38.6,,,,,,,,,,,,,,,,,,,,,,,,,,,,,,,,51.5,,35.6,44.5
REC04330,Cybersecurity Analyst,Economics,MoSPI,PhD,0,43.7,43.0,52.4,63.0,1,50.1,Developing,,,,,,,,48.7,45.9,,,,,,,,,,,,,,,,,,,,,,,,55.1,,,,,,52.5,,,56.1,,,,
REC04331,Environmental Officer,Public Policy,Statistics Division,Master,6,57.9,60.7,79.6,61.9,3,65.5,Intermediate,,,,,,,,,62.0,,,,,,,,56.1,,,,70.3,,,,,,,,,,,,,,,,,,,59.6,,,,,,66.2
REC04332,Database Administrator,Cybersecurity,Administration,Bachelor,8,93.1,39.5,75.0,88.9,4,72.0,Intermediate,,,,,,,,,,65.4,,62.3,,,,,,,,,,,,,,,,,,,,,,,,69.8,,,70.2,,,,65.0,,,
REC04333,Education Officer,Artificial Intelligence,IT,PhD,0,57.7,44.9,62.8,54.1,2,52.8,Developing,,,,37.9,,,48.9,,59.4,,,,,,,47.2,,,,,,,,,,,,50.4,,,,,,,,,,,,,,,,,,
REC04334,Policy Analyst,Artificial Intelligence,MoSPI,Bachelor,5,37.0,28.3,84.7,57.5,1,64.1,Developing,,,,,,,,,63.8,,,,,,,,,,,,,,,,,,,,,,,,,59.9,,,,,,63.3,53.3,,,,,49.0
REC04335,Administrative Officer,Public Health,Statistics Division,Master,0,17.8,32.1,86.9,49.0,5,60.9,Developing,,60.1,,,,,54.4,,48.7,,,,,,,,,,,,,,,,,,,,,,,,,,,,51.2,,,49.3,,,,,,
REC04336,Public Health Officer,Biotechnology,DIID,Master,7,49.8,28.6,82.9,64.7,2,65.9,Intermediate,,,,,,63.1,,,60.7,,,,,,,,,57.9,,,,,,,,,,,,,,,,,,,,54.0,,53.4,,,,,,
REC04337,Research Officer,Statistics,Administration,Bachelor,1,36.7,51.2,44.0,79.6,2,49.7,Beginner,,,,,,,,,50.6,,45.4,,,,,,,,,,,,,,,,,,,,,,,,,,,,,47.2,43.6,,,,,45.5
REC04338,Education Officer,Economics,Administration,Master,13,41.2,50.9,77.2,80.8,2,70.2,Intermediate,,,,78.4,,,84.0,,71.8,,,,,,,59.6,,,,,,,,,,,,57.8,,,,,,,,,,,,,,,,,,
REC04339,Data Scientist,Economics,DIID,Bachelor,15,56.3,59.8,100.0,65.5,2,78.3,Intermediate,,,,,,,,,56.3,,83.0,,,,,,,,,,,,,,,,,,,71.2,,,,,,,,,87.5,,,,,,,73.0
REC04340,Public Health Officer,Biotechnology,Administration,Bachelor,6,87.3,60.5,64.2,70.4,4,61.8,Developing,,,,,,56.3,,,58.1,,,,,,,,,53.3,,,,,,,,,,,,,,,,,,,,66.4,,72.0,,,,,,
REC04341,HR Officer,Biotechnology,Statistics Division,PhD,10,54.0,34.7,65.1,77.8,4,62.4,Developing,,,,,,,56.4,,65.3,,,,,,,,,,,,,,61.2,,,58.7,,,,,,,,,,,,,,65.4,,,,,,
REC04342,Database Administrator,Artificial Intelligence,Administration,PhD,3,29.3,35.1,94.3,53.4,2,67.3,Intermediate,,,,,,,,,,59.0,,54.5,,,,,,,,,,,,,,,,,,,,,,,,67.2,,,49.7,,,,69.1,,,
REC04343,Environmental Officer,Finance,Policy,Bachelor,9,64.8,48.2,77.9,79.4,3,69.9,Intermediate,,,,,,,,,57.0,,,,,,,,65.8,,,,69.4,,,,,,,,,,,,,,,,,,,58.9,,,,,,74.8
REC04344,Statistical Officer,Administration,Data & Analytics,Bachelor,4,53.8,37.6,76.9,78.8,4,67.2,Intermediate,,,,,,,,,57.1,,64.5,,,,,,,,,,,,,,,,,,,,,,,,62.2,,,,,,,,,,57.5,59.9
REC04345,Data Scientist,Agriculture,Research,PhD,12,57.1,33.1,83.6,89.0,1,75.6,Intermediate,,,,,,,,,74.3,,84.5,,,,,,,,,,,,,,,,,,,60.4,,,,,,,,,70.0,,,,,,,75.5
REC04346,Database Administrator,Data Science,MoSPI,Bachelor,0,47.9,43.4,67.8,75.8,6,60.9,Developing,,,,,,,,,,53.2,,52.0,,,,,,,,,,,,,,,,,,,,,,,,56.7,,,63.0,,,,50.1,,,
REC04347,Economist,Data Science,Research,Master,1,43.7,74.8,69.5,68.7,2,60.7,Developing,,,,,,,,,59.1,,,,,50.6,59.7,,,,,,,,,,,,,,,,,,,,,,,,,55.6,,,,,,51.6
REC04348,Project Manager,Agriculture,DIID,Bachelor,7,61.6,54.0,76.1,100.0,5,74.7,Intermediate,,,,,,,60.9,,67.6,,,,,,,,,,,,,,,,,,72.7,,,,,,,,,82.3,67.3,,,,,,,,,
REC04349,Economist,Education,Administration,PhD,3,43.0,29.5,76.3,67.9,1,63.2,Developing,,,,,,,,,54.3,,,,,56.0,70.9,,,,,,,,,,,,,,,,,,,,,,,,,53.5,,,,,,61.1
REC04350,Administrative Officer,Biotechnology,Statistics Division,PhD,9,75.6,43.3,82.4,80.8,5,72.4,Intermediate,,65.0,,,,,61.0,,62.7,,,,,,,,,,,,,,,,,,,,,,,,,,,,71.9,,,58.2,,,,,,
REC04351,Software Engineer,Cybersecurity,Policy,Master,15,76.5,41.7,86.7,89.0,4,78.7,Intermediate,,,,,,,,,,,,,,,,,,,,,,,,60.0,,,,,,,,,,,,77.3,,,66.5,,,,88.0,81.1,,
REC04352,Project Manager,Agriculture,Training,Master,0,29.7,28.6,59.3,62.5,1,51.0,Developing,,,,,,,51.3,,40.3,,,,,,,,,,,,,,,,,,49.5,,,,,,,,,29.6,50.0,,,,,,,,,
REC04353,Finance Officer,Environment,IT,Master,12,27.3,74.5,84.8,74.4,2,71.2,Intermediate,64.4,,,,,,,,,,70.6,,,,,,,,71.4,62.9,,,,,,,,,,,,,,,,,,,,,,,,,,62.4
REC04354,Agriculture Officer,Statistics,Administration,Master,9,66.6,29.5,80.4,87.6,4,73.8,Intermediate,,,79.2,,,,,,64.2,,,,,,,,,,,,75.0,,,,,,,,,,,,,,,,,,,66.3,,,,,,78.6
REC04355,AI Engineer,Data Science,Data & Analytics,Bachelor,12,59.3,43.3,71.5,95.2,2,71.1,Intermediate,,,,,,,,,,,,,56.7,,,,,,,,,,,,,,,,,73.8,,75.0,,,,,,,67.7,,,,,59.1,,
REC04356,Administrative Officer,Cybersecurity,Policy,Bachelor,0,52.4,52.4,78.4,69.9,5,65.5,Intermediate,,52.3,,,,,63.2,,64.9,,,,,,,,,,,,,,,,,,,,,,,,,,,,62.5,,,60.4,,,,,,
REC04357,Statistical Officer,Environment,Research,Master,3,22.2,34.4,76.4,76.9,2,64.7,Developing,,,,,,,,,55.3,,53.2,,,,,,,,,,,,,,,,,,,,,,,,62.5,,,,,,,,,,53.1,71.2
REC04358,Database Administrator,Cybersecurity,Statistics Division,Master,16,76.8,45.4,66.5,100.0,6,71.7,Intermediate,,,,,,,,,,72.7,,62.2,,,,,,,,,,,,,,,,,,,,,,,,66.4,,,64.4,,,,77.2,,,
REC04359,Cybersecurity Analyst,Economics,Statistics Division,Master,12,77.2,22.5,78.4,64.7,1,66.5,Intermediate,,,,,,,,62.5,67.2,,,,,,,,,,,,,,,,,,,,,,,,59.6,,,,,,57.4,,,74.4,,,,
REC04360,Project Manager,Computer Science,Training,PhD,5,81.0,66.4,81.6,100.0,5,79.0,Intermediate,,,,,,,73.7,,70.2,,,,,,,,,,,,,,,,,,80.0,,,,,,,,,85.9,71.0,,,,,,,,,
REC04361,Finance Officer,Public Policy,Statistics Division,Master,6,16.1,32.0,64.4,54.8,5,52.1,Developing,47.7,,,,,,,,,,62.0,,,,,,,,38.2,46.6,,,,,,,,,,,,,,,,,,,,,,,,,,44.2
REC04362,Policy Analyst,Cybersecurity,Policy,Master,10,82.0,51.1,88.1,66.6,3,72.8,Intermediate,,,,,,,,,67.8,,,,,,,,,,,,,,,,,,,,,,,,,65.6,,,,,,66.2,72.1,,,,,72.9
REC04363,HR Officer,Education,Statistics Division,Master,11,75.3,53.5,69.6,71.1,4,64.7,Developing,,,,,,,70.2,,62.9,,,,,,,,,,,,,,70.5,,,58.9,,,,,,,,,,,,,,57.4,,,,,,
REC04364,Research Officer,Statistics,Data & Analytics,Master,7,5.0,2.0,62.4,98.8,2,62.4,Developing,,,,,,,,,57.8,,61.8,,,,,,,,,,,,,,,,,,,,,,,,,,,,,61.5,50.9,,,,,53.8
REC04365,Research Officer,Environment,IT,Bachelor,11,90.6,49.1,82.0,74.6,3,71.8,Intermediate,,,,,,,,,59.3,,62.7,,,,,,,,,,,,,,,,,,,,,,,,,,,,,70.9,56.9,,,,,73.3
REC04366,Biotechnology Faculty,Biotechnology,Statistics Division,PhD,19,36.5,47.1,82.5,88.9,3,76.2,Intermediate,,,,,80.9,,,,75.5,,,,,,,,,,,,,73.0,,,94.6,,,,,,69.3,,,,,,,,,,,,,,,
REC04367,Environmental Officer,Artificial Intelligence,IT,Master,0,78.7,93.2,74.3,72.9,3,67.6,Intermediate,,,,,,,,,53.0,,,,,,,,79.3,,,,60.6,,,,,,,,,,,,,,,,,,,64.7,,,,,,80.0
REC04368,Database Administrator,Cybersecurity,Training,Master,6,81.5,50.4,64.9,72.9,6,61.6,Developing,,,,,,,,,,61.5,,50.7,,,,,,,,,,,,,,,,,,,,,,,,58.5,,,67.3,,,,46.2,,,
REC04369,Data Analyst,Economics,Training,Master,3,86.2,64.3,72.4,78.5,2,67.3,Intermediate,,,,,,,,,63.4,,60.4,,,,,,,,,,,,,,,,,,,,,,,,,,,,,,,,67.1,,55.5,64.2
REC04370,Cybersecurity Analyst,Data Science,DIID,PhD,3,26.8,45.0,74.2,84.5,4,66.5,Intermediate,,,,,,,,61.0,65.2,,,,,,,,,,,,,,,,,,,,,,,,64.3,,,,,,60.8,,,57.4,,,,
REC04371,Finance Officer,Environment,IT,PhD,4,48.5,35.9,83.1,55.5,3,63.2,Developing,57.4,,,,,,,,,,52.0,,,,,,,,53.9,47.1,,,,,,,,,,,,,,,,,,,,,,,,,,70.0
REC04372,Agriculture Officer,Statistics,Data & Analytics,Bachelor,5,50.9,29.6,72.6,72.7,5,63.5,Developing,,,48.2,,,,,,62.6,,,,,,,,,,,,68.3,,,,,,,,,,,,,,,,,,,61.9,,,,,,59.4
REC04373,Environmental Officer,Cybersecurity,Data & Analytics,PhD,8,47.9,49.7,69.5,84.7,6,65.7,Intermediate,,,,,,,,,65.4,,,,,,,,56.2,,,,59.4,,,,,,,,,,,,,,,,,,,61.6,,,,,,56.4
REC04374,Research Officer,Artificial Intelligence,Administration,Master,0,28.5,38.1,51.4,73.2,5,51.0,Developing,,,,,,,,,47.8,,40.4,,,,,,,,,,,,,,,,,,,,,,,,,,,,,41.6,46.9,,,,,66.9
REC04375,Database Administrator,Computer Science,MoSPI,PhD,5,77.6,51.7,71.5,69.2,5,63.2,Developing,,,,,,,,,,57.8,,50.4,,,,,,,,,,,,,,,,,,,,,,,,62.7,,,49.3,,,,61.3,,,
REC04376,Finance Officer,Statistics,DIID,Master,5,53.8,62.0,60.3,91.6,1,64.1,Developing,60.5,,,,,,,,,,54.9,,,,,,,,73.2,64.1,,,,,,,,,,,,,,,,,,,,,,,,,,65.5
REC04377,Data Analyst,Environment,Training,Bachelor,0,41.7,58.7,74.4,79.0,3,65.9,Intermediate,,,,,,,,,62.5,,60.6,,,,,,,,,,,,,,,,,,,,,,,,,,,,,,,,71.7,,60.2,57.6
REC04378,Agriculture Officer,Education,MoSPI,PhD,18,97.6,49.5,69.5,68.8,5,66.0,Intermediate,,,66.5,,,,,,66.3,,,,,,,,,,,,60.2,,,,,,,,,,,,,,,,,,,66.7,,,,,,66.4
REC04379,Software Engineer,Computer Science,Data & Analytics,Bachelor,9,55.6,28.0,68.7,86.2,4,66.0,Intermediate,,,,,,,,,,,,,,,,,,,,,,,,59.7,,,,,,,,,,,,64.9,,,68.3,,,,54.8,61.7,,
REC04380,Education Officer,Statistics,Policy,Bachelor,11,88.6,67.9,85.3,72.1,3,74.7,Intermediate,,,,71.9,,,84.5,,61.4,,,,,,,75.3,,,,,,,,,,,,83.7,,,,,,,,,,,,,,,,,,
REC04381,Education Officer,Public Policy,Data & Analytics,Master,3,59.5,40.4,91.0,100.0,2,81.2,Advanced,,,,65.9,,,77.6,,73.8,,,,,,,69.4,,,,,,,,,,,,87.4,,,,,,,,,,,,,,,,,,
REC04382,AI Engineer,Data Science,Administration,Master,6,22.9,69.7,78.3,74.9,1,66.9,Intermediate,,,,,,,,,,,,,52.8,,,,,,,,,,,,,,,,,62.2,,72.6,,,,,,,62.5,,,,,65.6,,
REC04383,Database Administrator,Artificial Intelligence,Data & Analytics,Master,5,39.4,37.8,79.2,60.0,4,63.0,Developing,,,,,,,,,,57.4,,72.7,,,,,,,,,,,,,,,,,,,,,,,,53.8,,,64.8,,,,51.6,,,
REC04384,Economist,Public Health,Statistics Division,PhD,6,66.4,19.4,70.9,95.3,1,69.7,Intermediate,,,,,,,,,72.8,,,,,66.9,68.1,,,,,,,,,,,,,,,,,,,,,,,,,57.9,,,,,,61.5
REC04385,Biotechnology Faculty,Cybersecurity,Statistics Division,PhD,7,73.2,19.7,52.5,82.6,2,56.7,Developing,,,,,49.9,,,,54.2,,,,,,,,,,,,,54.9,,,45.3,,,,,,59.2,,,,,,,,,,,,,,,
REC04386,Public Health Officer,Data Science,Statistics Division,Master,22,90.0,63.5,94.5,74.2,4,80.9,Advanced,,,,,,77.2,,,72.6,,,,,,,,,74.7,,,,,,,,,,,,,,,,,,,,83.7,,79.2,,,,,,
REC04387,Public Health Officer,Data Science,Training,Master,12,103.7,42.6,79.3,59.7,5,68.1,Intermediate,,,,,,67.1,,,69.8,,,,,,,,,68.0,,,,,,,,,,,,,,,,,,,,59.3,,79.9,,,,,,
REC04388,Legal Officer,Cybersecurity,Data & Analytics,Master,12,54.8,50.0,85.7,69.8,5,71.3,Intermediate,,,,,,,69.7,,,,,,,,,,,,,,,,,,,,,,73.7,,,,,59.6,,,,,,65.3,,68.0,,,,
REC04389,AI Engineer,Artificial Intelligence,Administration,Master,0,47.8,30.1,83.0,61.6,5,64.4,Developing,,,,,,,,,,,,,49.5,,,,,,,,,,,,,,,,,64.0,,68.3,,,,,,,54.3,,,,,56.5,,
REC04390,Research Officer,Cybersecurity,MoSPI,Master,13,68.7,51.8,95.7,72.0,6,78.2,Intermediate,,,,,,,,,70.4,,73.1,,,,,,,,,,,,,,,,,,,,,,,,,,,,,65.6,78.4,,,,,86.8
REC04391,Education Officer,Artificial Intelligence,DIID,Master,7,5.0,16.5,61.9,38.4,6,45.7,Beginner,,,,39.0,,,58.9,,50.3,,,,,,,44.6,,,,,,,,,,,,34.4,,,,,,,,,,,,,,,,,,
REC04392,Database Administrator,Artificial Intelligence,Policy,Bachelor,14,65.8,38.4,58.1,69.4,1,57.5,Developing,,,,,,,,,,58.4,,57.4,,,,,,,,,,,,,,,,,,,,,,,,62.8,,,53.7,,,,49.0,,,
REC04393,Project Manager,Artificial Intelligence,Statistics Division,Master,8,43.9,52.3,86.9,51.8,2,66.5,Intermediate,,,,,,,77.7,,67.1,,,,,,,,,,,,,,,,,,74.6,,,,,,,,,55.0,66.7,,,,,,,,,
REC04394,Project Manager,Administration,Research,Master,12,74.1,35.0,58.2,64.4,2,56.2,Developing,,,,,,,67.1,,54.0,,,,,,,,,,,,,,,,,,53.0,,,,,,,,,55.3,48.2,,,,,,,,,
REC04395,Research Officer,Agriculture,IT,PhD,10,59.6,55.1,77.9,63.4,4,66.3,Intermediate,,,,,,,,,69.5,,72.7,,,,,,,,,,,,,,,,,,,,,,,,,,,,,68.6,54.0,,,,,74.1
REC04396,Biotechnology Faculty,Public Health,Research,Bachelor,10,43.2,18.0,65.8,65.2,3,56.9,Developing,,,,,54.0,,,,54.1,,,,,,,,,,,,,51.4,,,41.6,,,,,,45.9,,,,,,,,,,,,,,,
REC04397,Agriculture Officer,Cybersecurity,Policy,PhD,10,61.7,45.3,91.8,52.9,2,69.5,Intermediate,,,67.6,,,,,,56.0,,,,,,,,,,,,75.6,,,,,,,,,,,,,,,,,,,66.2,,,,,,62.9
REC04398,Agriculture Officer,Administration,Statistics Division,Bachelor,5,38.5,4.2,73.7,71.5,1,61.2,Developing,,,53.5,,,,,,51.4,,,,,,,,,,,,47.4,,,,,,,,,,,,,,,,,,,50.8,,,,,,55.3
REC04399,Biotechnology Faculty,Agriculture,MoSPI,Bachelor,10,67.4,61.4,79.6,68.9,1,68.2,Intermediate,,,,,49.5,,,,77.4,,,,,,,,,,,,,67.2,,,47.6,,,,,,73.9,,,,,,,,,,,,,,,
REC04400,AI Engineer,Computer Science,Policy,Master,0,21.8,31.1,67.1,60.3,1,54.1,Developing,,,,,,,,,,,,,37.3,,,,,,,,,,,,,,,,,50.6,,49.2,,,,,,,49.4,,,,,51.3,,
REC04401,Legal Officer,Public Health,IT,Master,14,43.9,15.1,78.0,67.5,5,65.4,Intermediate,,,,,,,62.5,,,,,,,,,,,,,,,,,,,,,,65.0,,,,,62.4,,,,,,63.8,,60.0,,,,
REC04402,Policy Analyst,Cybersecurity,Policy,Bachelor,3,22.2,47.1,92.0,66.4,2,70.7,Intermediate,,,,,,,,,69.8,,,,,,,,,,,,,,,,,,,,,,,,,78.6,,,,,,56.4,60.5,,,,,73.9
REC04403,Economist,Agriculture,Data & Analytics,PhD,7,74.5,71.5,77.1,75.7,4,69.9,Intermediate,,,,,,,,,62.4,,,,,60.4,79.0,,,,,,,,,,,,,,,,,,,,,,,,,69.2,,,,,,76.0
REC04404,HR Officer,Biotechnology,Policy,Bachelor,6,56.6,72.3,100.0,55.2,3,74.2,Intermediate,,,,,,,70.9,,64.1,,,,,,,,,,,,,,66.4,,,72.8,,,,,,,,,,,,,,69.8,,,,,,
REC04405,Public Health Officer,Artificial Intelligence,Policy,Master,10,89.7,84.9,72.3,91.1,3,73.1,Intermediate,,,,,,68.9,,,70.4,,,,,,,,,63.2,,,,,,,,,,,,,,,,,,,,73.5,,74.6,,,,,,
REC04406,Policy Analyst,Environment,Administration,Bachelor,8,71.8,31.7,69.1,72.6,3,63.1,Developing,,,,,,,,,56.5,,,,,,,,,,,,,,,,,,,,,,,,,48.9,,,,,,64.5,62.9,,,,,63.8
REC04407,Data Analyst,Computer Science,IT,PhD,9,19.7,12.3,68.5,61.0,3,56.1,Developing,,,,,,,,,52.7,,52.6,,,,,,,,,,,,,,,,,,,,,,,,,,,,,,,,57.9,,50.4,44.8
REC04408,Statistical Officer,Economics,IT,PhD,3,5.2,49.4,75.1,52.8,2,57.2,Developing,,,,,,,,,59.3,,59.0,,,,,,,,,,,,,,,,,,,,,,,,55.7,,,,,,,,,,57.7,48.4
REC04409,AI Engineer,Cybersecurity,IT,Master,11,58.5,42.1,85.3,89.6,3,77.5,Intermediate,,,,,,,,,,,,,72.9,,,,,,,,,,,,,,,,,76.4,,86.5,,,,,,,81.0,,,,,73.1,,
REC04410,Software Engineer,Cybersecurity,Training,PhD,8,40.6,33.2,65.5,74.0,4,60.3,Developing,,,,,,,,,,,,,,,,,,,,,,,,61.8,,,,,,,,,,,,49.8,,,62.1,,,,69.4,49.6,,
REC04411,Project Manager,Public Health,Statistics Division,Bachelor,6,75.4,37.3,72.6,89.0,3,69.7,Intermediate,,,,,,,73.8,,49.1,,,,,,,,,,,,,,,,,,57.1,,,,,,,,,72.6,72.3,,,,,,,,,
REC04412,Database Administrator,Cybersecurity,Statistics Division,Master,12,58.8,78.4,76.9,89.2,4,74.2,Intermediate,,,,,,,,,,80.8,,65.9,,,,,,,,,,,,,,,,,,,,,,,,75.8,,,76.7,,,,77.5,,,
REC04413,Economist,Data Science,MoSPI,Bachelor,4,101.4,23.8,98.8,74.7,1,79.9,Intermediate,,,,,,,,,77.2,,,,,74.0,77.1,,,,,,,,,,,,,,,,,,,,,,,,,67.6,,,,,,78.3
REC04414,Database Administrator,Artificial Intelligence,Data & Analytics,PhD,8,84.5,35.5,46.9,82.9,5,55.7,Developing,,,,,,,,,,59.7,,61.2,,,,,,,,,,,,,,,,,,,,,,,,51.3,,,53.7,,,,50.6,,,
REC04415,Economist,Economics,Policy,PhD,11,28.7,44.8,72.6,67.1,3,62.2,Developing,,,,,,,,,60.8,,,,,46.0,78.6,,,,,,,,,,,,,,,,,,,,,,,,,57.4,,,,,,59.2
REC04416,Environmental Officer,Biotechnology,DIID,Master,6,22.5,42.7,84.4,65.2,3,66.1,Intermediate,,,,,,,,,57.6,,,,,,,,60.9,,,,58.0,,,,,,,,,,,,,,,,,,,59.3,,,,,,65.4
REC04417,Agriculture Officer,Cybersecurity,MoSPI,Master,11,109.4,48.0,77.7,70.2,3,69.8,Intermediate,,,59.7,,,,,,66.4,,,,,,,,,,,,57.4,,,,,,,,,,,,,,,,,,,73.1,,,,,,73.2
REC04418,Legal Officer,Public Health,MoSPI,PhD,3,56.8,24.0,84.6,75.5,1,69.7,Intermediate,,,,,,,71.2,,,,,,,,,,,,,,,,,,,,,,62.5,,,,,66.9,,,,,,55.9,,54.5,,,,
REC04419,Research Officer,Economics,Research,Master,6,84.9,58.1,70.1,80.6,2,67.0,Intermediate,,,,,,,,,56.5,,62.4,,,,,,,,,,,,,,,,,,,,,,,,,,,,,65.0,68.6,,,,,58.8
REC04420,Cybersecurity Analyst,Public Policy,MoSPI,PhD,2,67.6,29.0,76.5,67.2,5,63.9,Developing,,,,,,,,48.4,57.7,,,,,,,,,,,,,,,,,,,,,,,,60.9,,,,,,60.1,,,62.9,,,,
REC04421,Biotechnology Faculty,Statistics,Training,PhD,7,5.0,56.6,99.2,84.9,5,79.5,Intermediate,,,,,79.9,,,,69.9,,,,,,,,,,,,,66.3,,,79.3,,,,,,76.5,,,,,,,,,,,,,,,
REC04422,Finance Officer,Finance,DIID,Master,2,31.5,24.5,90.1,62.1,5,67.5,Intermediate,69.5,,,,,,,,,,67.0,,,,,,,,57.5,57.7,,,,,,,,,,,,,,,,,,,,,,,,,,54.8
REC04423,Statistical Officer,Agriculture,Training,Bachelor,9,61.9,74.4,80.2,66.3,1,68.4,Intermediate,,,,,,,,,70.7,,47.2,,,,,,,,,,,,,,,,,,,,,,,,70.8,,,,,,,,,,78.5,67.6
REC04424,Agriculture Officer,Data Science,DIID,Master,7,64.8,54.3,78.7,84.0,2,71.7,Intermediate,,,59.9,,,,,,62.1,,,,,,,,,,,,66.5,,,,,,,,,,,,,,,,,,,75.0,,,,,,75.0
REC04425,Data Scientist,Data Science,Policy,Bachelor,11,40.9,24.4,64.4,56.6,1,54.0,Developing,,,,,,,,,50.3,,36.0,,,,,,,,,,,,,,,,,,,52.0,,,,,,,,,59.3,,,,,,,39.3
REC04426,AI Engineer,Computer Science,Data & Analytics,Master,3,54.2,30.7,78.5,64.7,8,63.9,Developing,,,,,,,,,,,,,57.0,,,,,,,,,,,,,,,,,56.2,,56.5,,,,,,,63.8,,,,,61.1,,
REC04427,AI Engineer,Cybersecurity,Training,Master,10,51.4,35.0,79.0,53.4,4,61.7,Developing,,,,,,,,,,,,,56.2,,,,,,,,,,,,,,,,,59.7,,55.0,,,,,,,43.5,,,,,68.2,,
REC04428,Public Health Officer,Cybersecurity,Statistics Division,Bachelor,14,52.1,60.6,75.8,98.7,2,75.6,Intermediate,,,,,,73.7,,,87.2,,,,,,,,,56.6,,,,,,,,,,,,,,,,,,,,73.3,,85.0,,,,,,
REC04429,Education Officer,Administration,Research,Master,0,63.7,37.0,72.2,84.4,5,66.9,Intermediate,,,,54.3,,,60.9,,62.6,,,,,,,74.8,,,,,,,,,,,,63.7,,,,,,,,,,,,,,,,,,
REC04430,Environmental Officer,Data Science,Research,PhD,8,38.4,49.8,65.9,62.5,4,58.3,Developing,,,,,,,,,65.6,,,,,,,,62.8,,,,66.5,,,,,,,,,,,,,,,,,,,62.6,,,,,,45.1
REC04431,Research Officer,Artificial Intelligence,MoSPI,PhD,5,56.9,53.1,78.1,65.7,3,64.8,Developing,,,,,,,,,66.0,,62.1,,,,,,,,,,,,,,,,,,,,,,,,,,,,,51.5,60.8,,,,,50.7
REC04432,Database Administrator,Cybersecurity,IT,Master,3,68.0,49.7,66.2,95.6,4,67.8,Intermediate,,,,,,,,,,61.4,,58.5,,,,,,,,,,,,,,,,,,,,,,,,58.5,,,79.3,,,,59.2,,,
REC04433,HR Officer,Artificial Intelligence,Research,Bachelor,5,72.4,64.3,69.1,69.2,6,63.6,Developing,,,,,,,61.2,,67.8,,,,,,,,,,,,,,66.1,,,61.4,,,,,,,,,,,,,,70.0,,,,,,
REC04434,Finance Officer,Statistics,Data & Analytics,PhD,15,116.0,87.0,88.7,77.4,3,79.9,Intermediate,76.8,,,,,,,,,,77.6,,,,,,,,83.1,71.7,,,,,,,,,,,,,,,,,,,,,,,,,,72.1
REC04435,Data Scientist,Finance,Data & Analytics,Master,3,40.6,57.5,92.6,85.6,2,76.8,Intermediate,,,,,,,,,72.9,,60.4,,,,,,,,,,,,,,,,,,,67.7,,,,,,,,,62.7,,,,,,,72.4
REC04436,Software Engineer,Computer Science,Research,Bachelor,12,78.6,74.5,76.5,77.3,3,71.0,Intermediate,,,,,,,,,,,,,,,,,,,,,,,,68.8,,,,,,,,,,,,66.5,,,76.3,,,,74.1,64.1,,
REC04437,Agriculture Officer,Finance,Administration,Master,4,77.0,44.5,82.7,42.3,4,60.4,Developing,,,60.3,,,,,,48.3,,,,,,,,,,,,58.9,,,,,,,,,,,,,,,,,,,41.6,,,,,,45.7
REC04438,Cybersecurity Analyst,Agriculture,Statistics Division,Bachelor,3,77.6,34.5,59.3,50.0,2,50.6,Developing,,,,,,,,44.4,49.0,,,,,,,,,,,,,,,,,,,,,,,,49.4,,,,,,49.9,,,33.6,,,,
REC04439,Public Health Officer,Economics,IT,Bachelor,10,73.8,42.7,90.6,87.9,2,79.5,Intermediate,,,,,,83.6,,,76.3,,,,,,,,,72.3,,,,,,,,,,,,,,,,,,,,65.6,,75.6,,,,,,
REC04440,Research Officer,Economics,Statistics Division,Master,8,32.2,20.4,69.4,92.7,1,66.5,Intermediate,,,,,,,,,67.5,,59.8,,,,,,,,,,,,,,,,,,,,,,,,,,,,,63.1,57.4,,,,,59.4
REC04441,Software Engineer,Artificial Intelligence,Policy,PhD,15,77.8,34.4,39.3,74.9,1,50.2,Developing,,,,,,,,,,,,,,,,,,,,,,,,49.1,,,,,,,,,,,,49.4,,,48.8,,,,58.8,49.7,,
REC04442,Statistical Officer,Biotechnology,MoSPI,Master,5,68.7,22.7,77.8,100.0,1,74.0,Intermediate,,,,,,,,,70.1,,71.5,,,,,,,,,,,,,,,,,,,,,,,,54.6,,,,,,,,,,67.4,62.6
REC04443,Statistical Officer,Public Policy,Policy,Bachelor,4,32.9,29.6,72.8,85.7,3,65.7,Intermediate,,,,,,,,,58.9,,60.2,,,,,,,,,,,,,,,,,,,,,,,,71.3,,,,,,,,,,52.8,51.2
REC04444,Data Scientist,Economics,Administration,Master,1,49.8,52.9,63.4,69.7,7,57.0,Developing,,,,,,,,,52.3,,54.4,,,,,,,,,,,,,,,,,,,37.1,,,,,,,,,56.1,,,,,,,47.6
REC04445,Policy Analyst,Administration,Data & Analytics,PhD,8,82.4,58.9,63.7,81.4,5,65.0,Developing,,,,,,,,,73.6,,,,,,,,,,,,,,,,,,,,,,,,,71.8,,,,,,60.6,68.5,,,,,54.1
REC04446,Public Health Officer,Public Health,Research,Master,3,38.4,36.0,83.7,71.7,5,68.4,Intermediate,,,,,,72.2,,,65.0,,,,,,,,,71.4,,,,,,,,,,,,,,,,,,,,51.1,,69.5,,,,,,
REC04447,Research Officer,Cybersecurity,Policy,PhD,4,64.9,55.9,85.9,65.5,5,69.6,Intermediate,,,,,,,,,61.8,,58.5,,,,,,,,,,,,,,,,,,,,,,,,,,,,,68.3,65.8,,,,,72.8
REC04448,Data Analyst,Biotechnology,Policy,Master,9,58.8,55.7,55.5,65.0,5,54.5,Developing,,,,,,,,,51.9,,47.5,,,,,,,,,,,,,,,,,,,,,,,,,,,,,,,,62.1,,49.6,63.2
REC04449,Data Scientist,Finance,Training,Master,4,83.4,33.1,84.0,68.0,7,69.2,Intermediate,,,,,,,,,51.8,,64.8,,,,,,,,,,,,,,,,,,,57.8,,,,,,,,,67.3,,,,,,,70.8
REC04450,Data Scientist,Administration,Administration,Master,0,5.0,39.9,78.4,76.7,1,64.2,Developing,,,,,,,,,72.2,,66.0,,,,,,,,,,,,,,,,,,,53.4,,,,,,,,,43.4,,,,,,,48.0
REC04451,Biotechnology Faculty,Education,Administration,Master,3,69.0,68.3,77.4,55.8,2,63.4,Developing,,,,,62.1,,,,54.6,,,,,,,,,,,,,61.7,,,69.7,,,,,,67.5,,,,,,,,,,,,,,,
REC04452,Biotechnology Faculty,Public Health,Data & Analytics,Bachelor,11,70.6,30.2,67.6,99.5,1,71.3,Intermediate,,,,,67.1,,,,73.9,,,,,,,,,,,,,75.7,,,79.8,,,,,,63.4,,,,,,,,,,,,,,,
REC04453,Education Officer,Data Science,Research,Bachelor,5,85.4,59.2,85.8,55.5,8,67.4,Intermediate,,,,55.6,,,58.0,,58.9,,,,,,,61.8,,,,,,,,,,,,67.8,,,,,,,,,,,,,,,,,,
REC04454,Administrative Officer,Biotechnology,IT,PhD,7,49.0,47.3,75.4,75.7,5,66.6,Intermediate,,78.7,,,,,57.7,,53.9,,,,,,,,,,,,,,,,,,,,,,,,,,,,69.3,,,58.3,,,,,,
REC04455,Education Officer,Biotechnology,DIID,Bachelor,15,68.3,64.5,91.6,63.6,3,75.1,Intermediate,,,,74.4,,,73.8,,74.7,,,,,,,82.3,,,,,,,,,,,,78.4,,,,,,,,,,,,,,,,,,
REC04456,Administrative Officer,Education,Policy,Master,5,59.2,49.8,69.9,79.8,2,65.0,Developing,,56.2,,,,,74.1,,68.0,,,,,,,,,,,,,,,,,,,,,,,,,,,,56.5,,,49.5,,,,,,
REC04457,AI Engineer,Cybersecurity,DIID,Bachelor,4,28.6,48.5,77.1,71.5,2,65.0,Developing,,,,,,,,,,,,,69.4,,,,,,,,,,,,,,,,,60.8,,53.2,,,,,,,63.3,,,,,67.1,,
REC04458,Database Administrator,Cybersecurity,Administration,Bachelor,0,66.0,50.4,67.7,71.9,3,61.1,Developing,,,,,,,,,,48.6,,58.8,,,,,,,,,,,,,,,,,,,,,,,,56.6,,,62.5,,,,56.3,,,
REC04459,Legal Officer,Administration,DIID,Master,4,54.8,61.1,81.9,68.0,2,67.9,Intermediate,,,,,,,63.2,,,,,,,,,,,,,,,,,,,,,,74.1,,,,,66.9,,,,,,54.3,,61.4,,,,
REC04460,Administrative Officer,Education,Policy,Master,11,44.9,48.0,50.6,81.3,6,56.5,Developing,,71.7,,,,,57.4,,63.5,,,,,,,,,,,,,,,,,,,,,,,,,,,,51.2,,,53.7,,,,,,
REC04461,Economist,Public Health,MoSPI,Master,9,41.5,51.6,56.8,73.8,1,56.6,Developing,,,,,,,,,68.4,,,,,53.4,44.4,,,,,,,,,,,,,,,,,,,,,,,,,46.3,,,,,,66.4
REC04462,AI Engineer,Cybersecurity,Training,PhD,11,70.6,38.2,70.4,89.3,2,70.1,Intermediate,,,,,,,,,,,,,60.9,,,,,,,,,,,,,,,,,73.8,,73.9,,,,,,,79.5,,,,,67.7,,
REC04463,Biotechnology Faculty,Cybersecurity,Administration,Bachelor,3,49.7,10.8,81.1,82.2,7,68.8,Intermediate,,,,,53.4,,,,57.9,,,,,,,,,,,,,67.3,,,54.6,,,,,,62.8,,,,,,,,,,,,,,,
REC04464,Agriculture Officer,Environment,Training,Bachelor,7,39.7,37.0,67.9,64.1,2,58.6,Developing,,,59.5,,,,,,50.0,,,,,,,,,,,,53.0,,,,,,,,,,,,,,,,,,,68.2,,,,,,51.8
REC04465,Biotechnology Faculty,Biotechnology,Training,Master,16,85.6,28.3,76.2,74.8,3,69.0,Intermediate,,,,,67.3,,,,67.0,,,,,,,,,,,,,60.3,,,64.4,,,,,,60.6,,,,,,,,,,,,,,,
REC04466,Administrative Officer,Environment,Administration,Master,0,76.9,54.4,69.9,83.8,3,67.2,Intermediate,,68.5,,,,,68.5,,67.8,,,,,,,,,,,,,,,,,,,,,,,,,,,,67.2,,,62.2,,,,,,
REC04467,HR Officer,Public Health,DIID,Master,0,68.9,32.6,91.7,71.5,1,72.9,Intermediate,,,,,,,64.6,,74.3,,,,,,,,,,,,,,59.9,,,66.3,,,,,,,,,,,,,,63.1,,,,,,
REC04468,Administrative Officer,Cybersecurity,Data & Analytics,PhD,9,24.5,33.7,72.2,89.6,5,68.0,Intermediate,,67.1,,,,,56.9,,75.4,,,,,,,,,,,,,,,,,,,,,,,,,,,,74.7,,,61.7,,,,,,
REC04469,Agriculture Officer,Public Health,Statistics Division,PhD,4,49.9,46.7,44.3,60.5,3,45.7,Beginner,,,41.6,,,,,,51.2,,,,,,,,,,,,42.5,,,,,,,,,,,,,,,,,,,39.4,,,,,,50.0
REC04470,Policy Analyst,Public Health,IT,Master,4,59.4,25.7,78.4,71.6,2,65.6,Intermediate,,,,,,,,,52.6,,,,,,,,,,,,,,,,,,,,,,,,,56.6,,,,,,66.4,60.5,,,,,53.5
REC04471,Data Scientist,Computer Science,Administration,Master,14,46.6,36.5,81.0,47.9,2,62.0,Developing,,,,,,,,,62.5,,64.3,,,,,,,,,,,,,,,,,,,59.6,,,,,,,,,54.0,,,,,,,54.2
REC04472,Data Scientist,Biotechnology,Administration,Master,1,5.0,52.5,63.1,85.3,5,60.7,Developing,,,,,,,,,58.2,,74.7,,,,,,,,,,,,,,,,,,,67.3,,,,,,,,,55.6,,,,,,,55.6
REC04473,HR Officer,Biotechnology,Policy,Master,12,71.2,67.2,67.7,68.5,5,63.9,Developing,,,,,,,64.8,,69.7,,,,,,,,,,,,,,61.8,,,72.8,,,,,,,,,,,,,,63.9,,,,,,
REC04474,Project Manager,Biotechnology,DIID,Master,7,85.5,30.0,71.9,95.5,2,71.6,Intermediate,,,,,,,65.5,,70.0,,,,,,,,,,,,,,,,,,63.5,,,,,,,,,62.0,70.3,,,,,,,,,
REC04475,Biotechnology Faculty,Public Health,DIID,Bachelor,16,43.2,64.8,84.6,52.8,2,66.6,Intermediate,,,,,59.7,,,,71.7,,,,,,,,,,,,,68.8,,,70.3,,,,,,59.1,,,,,,,,,,,,,,,
REC04476,Public Health Officer,Public Health,MoSPI,PhD,13,83.0,36.0,72.4,100.0,5,75.1,Intermediate,,,,,,89.2,,,69.8,,,,,,,,,69.0,,,,,,,,,,,,,,,,,,,,81.3,,68.8,,,,,,
REC04477,Finance Officer,Statistics,Training,Master,3,5.0,25.6,92.0,75.4,3,70.8,Intermediate,64.4,,,,,,,,,,60.4,,,,,,,,50.6,62.9,,,,,,,,,,,,,,,,,,,,,,,,,,72.7
REC04478,Software Engineer,Data Science,IT,PhD,8,52.0,48.9,57.7,62.9,2,54.0,Developing,,,,,,,,,,,,,,,,,,,,,,,,54.1,,,,,,,,,,,,48.8,,,58.1,,,,45.4,54.5,,
REC04479,Agriculture Officer,Education,Administration,Master,7,49.3,16.6,87.7,100.0,9,78.9,Intermediate,,,68.4,,,,,,71.0,,,,,,,,,,,,86.2,,,,,,,,,,,,,,,,,,,75.9,,,,,,64.1
REC04480,Environmental Officer,Administration,DIID,Master,6,74.0,52.0,60.0,88.1,4,64.0,Developing,,,,,,,,,53.9,,,,,,,,69.2,,,,82.9,,,,,,,,,,,,,,,,,,,65.0,,,,,,50.2
REC04481,Finance Officer,Finance,Training,Bachelor,12,59.4,30.4,79.9,70.2,4,68.1,Intermediate,56.1,,,,,,,,,,55.7,,,,,,,,75.5,70.1,,,,,,,,,,,,,,,,,,,,,,,,,,68.9
REC04482,Data Scientist,Biotechnology,Research,Master,10,91.5,47.5,79.8,64.9,1,68.9,Intermediate,,,,,,,,,71.5,,64.8,,,,,,,,,,,,,,,,,,,69.3,,,,,,,,,68.6,,,,,,,70.9
REC04483,Biotechnology Faculty,Statistics,Research,PhD,16,108.8,59.3,88.1,73.2,2,77.3,Intermediate,,,,,57.7,,,,74.7,,,,,,,,,,,,,74.9,,,84.3,,,,,,79.2,,,,,,,,,,,,,,,
REC04484,Data Scientist,Administration,Policy,Bachelor,15,73.4,54.5,79.9,58.0,4,66.5,Intermediate,,,,,,,,,66.0,,61.3,,,,,,,,,,,,,,,,,,,73.2,,,,,,,,,56.4,,,,,,,65.3
REC04485,Economist,Economics,Data & Analytics,Bachelor,6,79.0,74.1,83.6,78.9,4,74.0,Intermediate,,,,,,,,,69.3,,,,,75.7,70.2,,,,,,,,,,,,,,,,,,,,,,,,,70.5,,,,,,66.1
REC04486,Data Analyst,Agriculture,IT,Master,1,46.4,68.7,73.2,79.2,7,66.5,Intermediate,,,,,,,,,68.8,,65.7,,,,,,,,,,,,,,,,,,,,,,,,,,,,,,,,67.4,,60.3,64.9
REC04487,Statistical Officer,Environment,Policy,Bachelor,11,62.9,29.6,62.4,76.0,2,60.2,Developing,,,,,,,,,57.0,,54.5,,,,,,,,,,,,,,,,,,,,,,,,57.5,,,,,,,,,,56.9,50.3
REC04488,Public Health Officer,Economics,IT,Bachelor,10,77.8,61.6,76.7,90.0,1,73.6,Intermediate,,,,,,68.1,,,60.8,,,,,,,,,75.2,,,,,,,,,,,,,,,,,,,,76.9,,67.5,,,,,,
REC04489,Public Health Officer,Data Science,Administration,Master,6,44.0,34.2,70.3,79.5,3,63.6,Developing,,,,,,64.7,,,57.8,,,,,,,,,48.9,,,,,,,,,,,,,,,,,,,,64.0,,50.0,,,,,,
REC04490,Administrative Officer,Economics,Policy,PhD,9,71.6,29.6,81.5,77.1,2,70.0,Intermediate,,42.6,,,,,73.7,,53.9,,,,,,,,,,,,,,,,,,,,,,,,,,,,61.5,,,70.4,,,,,,
REC04491,Economist,Public Policy,Training,Master,1,9.5,43.1,71.0,68.9,3,59.1,Developing,,,,,,,,,54.3,,,,,57.7,46.7,,,,,,,,,,,,,,,,,,,,,,,,,56.9,,,,,,61.1
REC04492,Research Officer,Education,Training,Master,0,5.0,40.0,96.6,72.5,1,72.4,Intermediate,,,,,,,,,73.8,,58.0,,,,,,,,,,,,,,,,,,,,,,,,,,,,,58.5,65.8,,,,,63.7
REC04493,Data Analyst,Public Health,Administration,Bachelor,7,59.4,47.5,65.4,69.6,2,59.8,Developing,,,,,,,,,51.4,,65.9,,,,,,,,,,,,,,,,,,,,,,,,,,,,,,,,52.4,,54.7,52.8
REC04494,Agriculture Officer,Agriculture,IT,PhD,2,39.0,58.0,73.8,82.2,2,67.0,Intermediate,,,65.8,,,,,,58.0,,,,,,,,,,,,68.4,,,,,,,,,,,,,,,,,,,64.1,,,,,,71.7
REC04495,Data Analyst,Public Policy,Training,Master,9,82.2,39.3,70.5,71.6,2,64.4,Developing,,,,,,,,,67.0,,55.2,,,,,,,,,,,,,,,,,,,,,,,,,,,,,,,,60.4,,58.1,61.1
REC04496,Policy Analyst,Biotechnology,Administration,Bachelor,8,72.1,19.5,69.2,98.0,1,69.9,Intermediate,,,,,,,,,63.0,,,,,,,,,,,,,,,,,,,,,,,,,75.2,,,,,,59.1,58.8,,,,,64.9
REC04497,Data Scientist,Statistics,Administration,Bachelor,2,25.7,42.4,84.3,61.2,4,64.4,Developing,,,,,,,,,56.5,,60.0,,,,,,,,,,,,,,,,,,,53.3,,,,,,,,,67.7,,,,,,,54.6
REC04498,Legal Officer,Environment,Data & Analytics,Master,7,53.1,55.1,75.2,93.5,1,73.0,Intermediate,,,,,,,81.7,,,,,,,,,,,,,,,,,,,,,,83.6,,,,,71.9,,,,,,75.6,,59.4,,,,
REC04499,Software Engineer,Computer Science,Training,Master,8,28.0,10.7,57.2,71.0,1,54.3,Developing,,,,,,,,,,,,,,,,,,,,,,,,53.3,,,,,,,,,,,,51.2,,,64.3,,,,55.5,54.7,,
REC04500,Agriculture Officer,Administration,MoSPI,PhD,0,69.9,45.5,83.2,74.7,2,69.6,Intermediate,,,65.7,,,,,,60.6,,,,,,,,,,,,55.1,,,,,,,,,,,,,,,,,,,59.6,,,,,,66.9
REC04501,Cybersecurity Analyst,Artificial Intelligence,Administration,Master,0,80.5,39.5,63.6,100.0,2,67.4,Intermediate,,,,,,,,51.7,61.7,,,,,,,,,,,,,,,,,,,,,,,,65.3,,,,,,64.1,,,64.1,,,,
REC04502,Biotechnology Faculty,Public Policy,MoSPI,Master,9,96.8,72.6,90.4,65.0,1,74.1,Intermediate,,,,,69.5,,,,58.3,,,,,,,,,,,,,69.0,,,64.8,,,,,,70.2,,,,,,,,,,,,,,,
REC04503,Administrative Officer,Artificial Intelligence,Data & Analytics,Bachelor,3,63.8,41.3,76.8,66.2,5,63.8,Developing,,60.8,,,,,49.5,,54.8,,,,,,,,,,,,,,,,,,,,,,,,,,,,58.2,,,59.5,,,,,,
REC04504,Public Health Officer,Data Science,DIID,Bachelor,9,85.1,43.8,83.8,82.1,2,74.5,Intermediate,,,,,,68.0,,,70.7,,,,,,,,,61.2,,,,,,,,,,,,,,,,,,,,70.2,,74.5,,,,,,
REC04505,Research Officer,Artificial Intelligence,Research,PhD,7,77.0,55.1,90.6,72.1,3,75.5,Intermediate,,,,,,,,,77.5,,76.7,,,,,,,,,,,,,,,,,,,,,,,,,,,,,64.9,73.3,,,,,76.1
REC04506,Environmental Officer,Statistics,Research,Master,0,82.8,20.8,93.5,56.2,6,69.2,Intermediate,,,,,,,,,63.7,,,,,,,,49.0,,,,72.6,,,,,,,,,,,,,,,,,,,51.8,,,,,,56.6
REC04507,Agriculture Officer,Public Health,Data & Analytics,PhD,6,54.8,9.3,91.4,77.3,2,73.8,Intermediate,,,70.0,,,,,,68.6,,,,,,,,,,,,63.5,,,,,,,,,,,,,,,,,,,63.3,,,,,,65.5
REC04508,Data Analyst,Finance,Policy,Bachelor,9,86.4,70.6,80.0,72.8,5,71.0,Intermediate,,,,,,,,,68.1,,68.4,,,,,,,,,,,,,,,,,,,,,,,,,,,,,,,,65.5,,65.0,69.4
REC04509,Project Manager,Computer Science,DIID,PhD,5,64.4,32.8,90.6,83.4,1,76.9,Intermediate,,,,,,,78.0,,73.1,,,,,,,,,,,,,,,,,,70.7,,,,,,,,,68.9,75.3,,,,,,,,,
REC04510,HR Officer,Public Health,IT,Bachelor,16,76.7,31.4,77.8,97.7,4,76.3,Intermediate,,,,,,,65.1,,65.6,,,,,,,,,,,,,,79.5,,,69.9,,,,,,,,,,,,,,77.9,,,,,,
REC04511,Cybersecurity Analyst,Statistics,MoSPI,PhD,2,76.9,33.4,81.1,51.2,2,62.0,Developing,,,,,,,,56.4,53.6,,,,,,,,,,,,,,,,,,,,,,,,60.2,,,,,,41.1,,,61.3,,,,
REC04512,Public Health Officer,Public Policy,Data & Analytics,Bachelor,6,52.5,42.4,87.3,85.7,5,75.8,Intermediate,,,,,,75.2,,,74.9,,,,,,,,,73.7,,,,,,,,,,,,,,,,,,,,76.1,,66.5,,,,,,
REC04513,Software Engineer,Artificial Intelligence,Administration,PhD,12,56.6,27.0,89.6,65.2,5,71.5,Intermediate,,,,,,,,,,,,,,,,,,,,,,,,69.3,,,,,,,,,,,,65.6,,,78.6,,,,59.0,70.5,,
REC04514,Data Scientist,Economics,Training,Master,3,33.9,63.0,72.0,62.6,6,59.3,Developing,,,,,,,,,51.2,,58.4,,,,,,,,,,,,,,,,,,,54.0,,,,,,,,,56.5,,,,,,,41.4
REC04515,Administrative Officer,Biotechnology,IT,Bachelor,17,66.7,59.3,75.2,84.3,3,71.9,Intermediate,,70.5,,,,,60.3,,76.6,,,,,,,,,,,,,,,,,,,,,,,,,,,,70.2,,,73.2,,,,,,
REC04516,Database Administrator,Computer Science,Policy,PhD,16,51.8,48.8,100.0,61.6,2,77.3,Intermediate,,,,,,,,,,68.6,,82.9,,,,,,,,,,,,,,,,,,,,,,,,77.5,,,76.0,,,,76.4,,,
REC04517,Data Scientist,Administration,Statistics Division,Master,9,93.2,73.2,72.5,66.5,4,65.4,Intermediate,,,,,,,,,64.8,,58.3,,,,,,,,,,,,,,,,,,,65.4,,,,,,,,,67.7,,,,,,,48.4
REC04518,HR Officer,Statistics,MoSPI,Bachelor,6,62.9,49.8,73.2,83.7,1,68.6,Intermediate,,,,,,,72.3,,61.5,,,,,,,,,,,,,,86.2,,,53.1,,,,,,,,,,,,,,60.4,,,,,,
REC04519,Education Officer,Education,MoSPI,Master,10,48.1,47.9,83.6,69.5,1,69.9,Intermediate,,,,72.5,,,68.5,,76.1,,,,,,,75.1,,,,,,,,,,,,53.4,,,,,,,,,,,,,,,,,,
REC04520,Education Officer,Biotechnology,IT,PhD,11,94.7,79.9,91.2,76.7,3,78.7,Intermediate,,,,71.9,,,74.7,,68.3,,,,,,,79.7,,,,,,,,,,,,71.8,,,,,,,,,,,,,,,,,,
REC04521,Economist,Finance,Research,Master,4,79.7,44.5,94.9,65.3,3,74.3,Intermediate,,,,,,,,,61.9,,,,,71.8,65.7,,,,,,,,,,,,,,,,,,,,,,,,,75.5,,,,,,65.0
REC04522,Data Scientist,Artificial Intelligence,Training,Bachelor,10,81.5,27.8,86.5,71.4,8,72.5,Intermediate,,,,,,,,,63.2,,73.8,,,,,,,,,,,,,,,,,,,63.0,,,,,,,,,66.8,,,,,,,71.5
REC04523,Database Administrator,Data Science,MoSPI,Bachelor,7,55.8,38.7,74.6,71.5,1,64.6,Developing,,,,,,,,,,57.9,,57.3,,,,,,,,,,,,,,,,,,,,,,,,55.7,,,65.8,,,,59.6,,,
REC04524,Legal Officer,Cybersecurity,Data & Analytics,Bachelor,6,75.3,51.4,75.1,67.0,5,65.3,Intermediate,,,,,,,68.9,,,,,,,,,,,,,,,,,,,,,,62.8,,,,,56.1,,,,,,61.0,,66.1,,,,
REC04525,Economist,Artificial Intelligence,Statistics Division,Bachelor,6,53.5,47.6,64.1,83.1,4,63.2,Developing,,,,,,,,,67.4,,,,,59.0,57.7,,,,,,,,,,,,,,,,,,,,,,,,,72.7,,,,,,50.7
REC04526,Cybersecurity Analyst,Cybersecurity,Administration,PhD,18,92.2,67.3,94.0,74.2,3,80.3,Advanced,,,,,,,,76.4,70.7,,,,,,,,,,,,,,,,,,,,,,,,82.8,,,,,,75.4,,,77.1,,,,
REC04527,Data Scientist,Public Policy,IT,Bachelor,5,56.7,34.6,61.7,70.2,2,56.6,Developing,,,,,,,,,45.6,,41.6,,,,,,,,,,,,,,,,,,,46.4,,,,,,,,,59.6,,,,,,,49.0
REC04528,Finance Officer,Data Science,Research,Master,10,20.8,47.7,70.5,78.7,2,64.4,Developing,67.3,,,,,,,,,,68.2,,,,,,,,65.7,64.9,,,,,,,,,,,,,,,,,,,,,,,,,,55.9
REC04529,Software Engineer,Computer Science,Policy,PhD,3,33.1,55.0,71.4,52.6,1,56.4,Developing,,,,,,,,,,,,,,,,,,,,,,,,52.7,,,,,,,,,,,,40.4,,,48.4,,,,63.2,57.4,,
REC04530,Research Officer,Economics,Research,Master,6,52.5,46.4,54.7,73.8,5,55.1,Developing,,,,,,,,,48.6,,52.4,,,,,,,,,,,,,,,,,,,,,,,,,,,,,43.4,65.6,,,,,51.6
REC04531,Agriculture Officer,Agriculture,Policy,Bachelor,13,91.1,74.9,48.8,74.2,1,56.8,Developing,,,64.1,,,,,,63.7,,,,,,,,,,,,54.0,,,,,,,,,,,,,,,,,,,58.0,,,,,,54.7
REC04532,Database Administrator,Data Science,Training,Master,2,31.7,39.3,73.7,83.7,4,66.0,Intermediate,,,,,,,,,,70.7,,56.1,,,,,,,,,,,,,,,,,,,,,,,,58.6,,,57.7,,,,67.4,,,
REC04533,AI Engineer,Artificial Intelligence,Administration,Bachelor,2,56.5,45.9,72.5,99.7,6,72.1,Intermediate,,,,,,,,,,,,,80.0,,,,,,,,,,,,,,,,,67.3,,71.9,,,,,,,72.4,,,,,62.6,,
REC04534,Statistical Officer,Biotechnology,Statistics Division,PhD,13,72.5,57.1,99.7,84.3,2,83.2,Advanced,,,,,,,,,67.4,,79.5,,,,,,,,,,,,,,,,,,,,,,,,66.2,,,,,,,,,,76.5,79.8
REC04535,Public Health Officer,Public Health,Policy,Master,0,28.0,22.2,52.2,53.4,1,45.2,Beginner,,,,,,45.3,,,45.9,,,,,,,,,51.8,,,,,,,,,,,,,,,,,,,,42.6,,32.4,,,,,,
REC04536,Cybersecurity Analyst,Public Health,Administration,Master,10,63.0,24.7,75.0,72.1,1,67.3,Intermediate,,,,,,,,70.5,70.8,,,,,,,,,,,,,,,,,,,,,,,,76.7,,,,,,73.5,,,73.9,,,,
REC04537,Policy Analyst,Environment,Training,Bachelor,2,20.9,32.9,78.2,67.0,5,61.5,Developing,,,,,,,,,47.6,,,,,,,,,,,,,,,,,,,,,,,,,56.3,,,,,,50.9,52.7,,,,,46.3
REC04538,Legal Officer,Public Policy,IT,PhD,8,80.4,22.1,88.9,64.4,2,71.2,Intermediate,,,,,,,76.3,,,,,,,,,,,,,,,,,,,,,,69.7,,,,,55.9,,,,,,70.7,,62.5,,,,
REC04539,Environmental Officer,Artificial Intelligence,Research,Master,6,48.2,23.2,67.7,73.3,6,60.6,Developing,,,,,,,,,54.0,,,,,,,,57.0,,,,68.0,,,,,,,,,,,,,,,,,,,44.3,,,,,,56.2
REC04540,HR Officer,Economics,Training,Master,9,54.6,46.9,80.3,82.0,1,71.4,Intermediate,,,,,,,64.4,,75.5,,,,,,,,,,,,,,68.1,,,67.3,,,,,,,,,,,,,,61.7,,,,,,
REC04541,Agriculture Officer,Agriculture,Statistics Division,Master,3,24.5,12.4,64.1,80.4,1,57.9,Developing,,,48.7,,,,,,54.1,,,,,,,,,,,,42.4,,,,,,,,,,,,,,,,,,,52.4,,,,,,42.2
REC04542,Biotechnology Faculty,Public Health,Research,Master,10,105.0,59.3,76.4,67.7,4,68.3,Intermediate,,,,,58.2,,,,69.6,,,,,,,,,,,,,60.2,,,71.1,,,,,,64.8,,,,,,,,,,,,,,,
REC04543,Finance Officer,Agriculture,MoSPI,Master,12,93.6,59.6,96.9,92.6,3,86.4,Advanced,81.7,,,,,,,,,,82.3,,,,,,,,87.3,93.7,,,,,,,,,,,,,,,,,,,,,,,,,,74.5
REC04544,Public Health Officer,Environment,Statistics Division,Bachelor,6,63.8,62.5,51.5,64.1,1,51.2,Developing,,,,,,46.5,,,50.2,,,,,,,,,49.7,,,,,,,,,,,,,,,,,,,,44.1,,40.9,,,,,,
REC04545,Research Officer,Cybersecurity,MoSPI,Master,15,91.9,53.3,93.1,81.8,1,81.0,Advanced,,,,,,,,,75.9,,81.8,,,,,,,,,,,,,,,,,,,,,,,,,,,,,70.3,73.3,,,,,80.1
REC04546,Policy Analyst,Agriculture,Research,Master,12,43.4,38.2,52.3,75.3,3,54.4,Developing,,,,,,,,,48.4,,,,,,,,,,,,,,,,,,,,,,,,,43.7,,,,,,64.4,53.2,,,,,48.4
REC04547,Cybersecurity Analyst,Public Policy,Policy,Bachelor,2,47.0,22.4,74.7,67.2,1,62.3,Developing,,,,,,,,66.3,56.8,,,,,,,,,,,,,,,,,,,,,,,,62.7,,,,,,53.1,,,59.8,,,,
REC04548,Biotechnology Faculty,Data Science,IT,PhD,8,27.3,49.1,81.9,53.4,5,63.0,Developing,,,,,68.0,,,,65.7,,,,,,,,,,,,,68.8,,,65.6,,,,,,45.6,,,,,,,,,,,,,,,
REC04549,Data Analyst,Economics,Administration,Bachelor,12,23.0,57.9,64.7,63.0,2,57.0,Developing,,,,,,,,,64.0,,46.8,,,,,,,,,,,,,,,,,,,,,,,,,,,,,,,,50.6,,60.0,53.4
REC04550,Agriculture Officer,Public Policy,Statistics Division,Master,6,61.7,36.6,57.5,75.7,6,58.2,Developing,,,57.4,,,,,,64.8,,,,,,,,,,,,60.8,,,,,,,,,,,,,,,,,,,58.2,,,,,,59.4
REC04551,Cybersecurity Analyst,Administration,DIID,Bachelor,7,72.3,59.0,61.2,66.0,4,58.1,Developing,,,,,,,,55.2,62.4,,,,,,,,,,,,,,,,,,,,,,,,55.3,,,,,,57.7,,,53.9,,,,
REC04552,Agriculture Officer,Agriculture,Administration,Master,10,90.7,54.2,80.8,62.1,5,68.9,Intermediate,,,69.2,,,,,,78.5,,,,,,,,,,,,64.8,,,,,,,,,,,,,,,,,,,67.0,,,,,,68.7
REC04553,Administrative Officer,Public Health,Policy,Master,11,70.3,80.9,78.1,86.0,5,74.2,Intermediate,,67.8,,,,,91.8,,64.4,,,,,,,,,,,,,,,,,,,,,,,,,,,,78.3,,,68.2,,,,,,
REC04554,Biotechnology Faculty,Statistics,Research,PhD,2,51.3,42.6,65.1,60.8,3,55.2,Developing,,,,,46.5,,,,39.9,,,,,,,,,,,,,53.1,,,39.6,,,,,,57.2,,,,,,,,,,,,,,,
REC04555,Environmental Officer,Public Policy,MoSPI,Bachelor,0,53.1,44.1,44.1,91.3,2,54.0,Developing,,,,,,,,,46.9,,,,,,,,45.2,,,,58.0,,,,,,,,,,,,,,,,,,,50.6,,,,,,61.2
REC04556,Software Engineer,Cybersecurity,Policy,Master,5,52.5,38.4,69.4,77.5,3,63.2,Developing,,,,,,,,,,,,,,,,,,,,,,,,64.9,,,,,,,,,,,,57.9,,,55.8,,,,54.0,58.7,,
REC04557,Public Health Officer,Public Policy,Training,Bachelor,1,26.5,25.9,64.4,81.4,1,59.8,Developing,,,,,,54.4,,,58.8,,,,,,,,,61.9,,,,,,,,,,,,,,,,,,,,49.2,,60.4,,,,,,
REC04558,Finance Officer,Data Science,MoSPI,Master,12,129.7,55.5,91.2,97.9,5,86.8,Advanced,83.7,,,,,,,,,,72.2,,,,,,,,95.4,91.0,,,,,,,,,,,,,,,,,,,,,,,,,,80.3
REC04559,Database Administrator,Cybersecurity,Research,Master,9,56.2,66.2,54.3,63.3,4,53.2,Developing,,,,,,,,,,52.7,,49.6,,,,,,,,,,,,,,,,,,,,,,,,61.7,,,43.1,,,,48.7,,,
REC04560,AI Engineer,Artificial Intelligence,IT,Master,0,22.1,37.2,76.7,58.3,2,59.7,Developing,,,,,,,,,,,,,60.0,,,,,,,,,,,,,,,,,54.9,,57.4,,,,,,,53.2,,,,,64.7,,
REC04561,Environmental Officer,Environment,DIID,Bachelor,17,69.3,64.0,92.3,100.0,4,86.0,Advanced,,,,,,,,,84.6,,,,,,,,87.5,,,,92.8,,,,,,,,,,,,,,,,,,,83.7,,,,,,77.1
REC04562,Statistical Officer,Environment,Research,Bachelor,11,82.6,26.0,77.8,78.5,2,70.5,Intermediate,,,,,,,,,67.0,,69.7,,,,,,,,,,,,,,,,,,,,,,,,84.2,,,,,,,,,,69.2,51.4
REC04563,Public Health Officer,Environment,Research,Bachelor,9,66.9,57.3,87.0,85.6,3,77.1,Intermediate,,,,,,64.1,,,83.4,,,,,,,,,76.4,,,,,,,,,,,,,,,,,,,,71.9,,72.9,,,,,,
REC04564,Education Officer,Data Science,DIID,PhD,0,28.9,41.5,68.2,59.2,3,55.4,Developing,,,,48.5,,,53.0,,53.3,,,,,,,55.2,,,,,,,,,,,,43.4,,,,,,,,,,,,,,,,,,
REC04565,Public Health Officer,Biotechnology,DIID,Master,5,64.9,31.5,55.6,90.9,3,59.8,Developing,,,,,,50.5,,,40.6,,,,,,,,,51.4,,,,,,,,,,,,,,,,,,,,62.6,,54.9,,,,,,
REC04566,Database Administrator,Computer Science,Data & Analytics,Master,0,56.4,40.0,66.5,85.2,2,63.7,Developing,,,,,,,,,,70.9,,40.9,,,,,,,,,,,,,,,,,,,,,,,,69.7,,,67.3,,,,48.9,,,
REC04567,Data Analyst,Data Science,IT,Master,4,39.4,34.7,79.9,78.3,5,67.9,Intermediate,,,,,,,,,65.2,,67.6,,,,,,,,,,,,,,,,,,,,,,,,,,,,,,,,56.2,,64.0,57.6
REC04568,Cybersecurity Analyst,Data Science,Statistics Division,PhD,9,42.3,42.0,76.4,67.9,2,64.7,Developing,,,,,,,,69.0,61.3,,,,,,,,,,,,,,,,,,,,,,,,63.5,,,,,,60.5,,,58.8,,,,
REC04569,Agriculture Officer,Environment,Research,Master,14,76.5,58.3,70.2,45.4,1,58.7,Developing,,,73.3,,,,,,50.7,,,,,,,,,,,,65.2,,,,,,,,,,,,,,,,,,,65.7,,,,,,54.4
REC04570,Policy Analyst,Statistics,Statistics Division,PhD,3,94.4,52.0,64.1,60.6,2,58.0,Developing,,,,,,,,,50.6,,,,,,,,,,,,,,,,,,,,,,,,,50.1,,,,,,54.8,64.6,,,,,52.1
REC04571,Data Scientist,Public Health,IT,Master,5,91.1,21.0,82.9,81.6,2,73.7,Intermediate,,,,,,,,,66.0,,76.3,,,,,,,,,,,,,,,,,,,78.1,,,,,,,,,65.6,,,,,,,75.6
REC04572,Project Manager,Administration,Administration,Master,11,84.3,73.9,76.8,65.7,2,67.6,Intermediate,,,,,,,64.2,,63.8,,,,,,,,,,,,,,,,,,71.7,,,,,,,,,66.4,55.4,,,,,,,,,
REC04573,HR Officer,Statistics,Statistics Division,PhD,12,66.7,64.8,78.3,99.3,3,77.7,Intermediate,,,,,,,85.4,,79.0,,,,,,,,,,,,,,66.4,,,69.0,,,,,,,,,,,,,,86.9,,,,,,
REC04574,Software Engineer,Computer Science,Administration,PhD,8,105.0,59.2,63.6,61.6,3,59.8,Developing,,,,,,,,,,,,,,,,,,,,,,,,66.0,,,,,,,,,,,,53.2,,,60.8,,,,53.2,56.2,,
REC04575,Public Health Officer,Public Health,Statistics Division,Bachelor,13,79.4,70.7,91.6,56.9,1,73.4,Intermediate,,,,,,78.1,,,60.6,,,,,,,,,79.9,,,,,,,,,,,,,,,,,,,,75.2,,74.9,,,,,,
REC04576,Administrative Officer,Education,DIID,Master,4,34.2,29.0,74.6,64.8,3,61.2,Developing,,58.9,,,,,51.2,,63.8,,,,,,,,,,,,,,,,,,,,,,,,,,,,56.8,,,58.0,,,,,,
REC04577,Agriculture Officer,Finance,Research,PhD,0,54.8,46.3,69.7,57.6,4,57.6,Developing,,,60.6,,,,,,49.4,,,,,,,,,,,,56.5,,,,,,,,,,,,,,,,,,,49.2,,,,,,59.2
REC04578,Database Administrator,Artificial Intelligence,IT,Bachelor,3,71.5,42.1,69.4,76.7,3,64.1,Developing,,,,,,,,,,51.7,,62.8,,,,,,,,,,,,,,,,,,,,,,,,62.1,,,63.0,,,,64.5,,,
REC04579,Statistical Officer,Data Science,Statistics Division,Master,4,63.4,56.2,64.0,92.8,3,65.8,Intermediate,,,,,,,,,49.0,,65.7,,,,,,,,,,,,,,,,,,,,,,,,68.3,,,,,,,,,,60.3,58.7
REC04580,Environmental Officer,Education,IT,Master,4,43.5,42.7,42.2,64.4,3,45.4,Beginner,,,,,,,,,43.0,,,,,,,,41.8,,,,44.8,,,,,,,,,,,,,,,,,,,57.2,,,,,,42.0
REC04581,Data Analyst,Statistics,Research,PhD,1,23.4,32.1,67.0,83.9,2,61.3,Developing,,,,,,,,,63.1,,48.2,,,,,,,,,,,,,,,,,,,,,,,,,,,,,,,,58.0,,51.8,52.5
REC04582,Data Scientist,Public Policy,MoSPI,Master,9,56.0,27.8,79.2,75.5,5,67.8,Intermediate,,,,,,,,,67.1,,50.4,,,,,,,,,,,,,,,,,,,61.6,,,,,,,,,57.2,,,,,,,64.1
REC04583,Economist,Agriculture,Research,Master,7,66.2,66.5,77.7,91.4,2,74.2,Intermediate,,,,,,,,,78.0,,,,,77.0,63.7,,,,,,,,,,,,,,,,,,,,,,,,,74.1,,,,,,71.6
REC04584,Finance Officer,Economics,MoSPI,Bachelor,8,56.1,37.6,64.5,78.1,1,61.6,Developing,56.3,,,,,,,,,,62.7,,,,,,,,59.8,51.9,,,,,,,,,,,,,,,,,,,,,,,,,,56.5
REC04585,Biotechnology Faculty,Agriculture,IT,Master,11,110.9,51.9,84.1,62.3,4,71.1,Intermediate,,,,,78.8,,,,54.6,,,,,,,,,,,,,78.8,,,65.8,,,,,,59.1,,,,,,,,,,,,,,,
REC04586,Legal Officer,Agriculture,Policy,Master,6,57.7,50.2,56.3,72.9,6,56.1,Developing,,,,,,,58.7,,,,,,,,,,,,,,,,,,,,,,49.5,,,,,52.1,,,,,,50.6,,57.1,,,,
REC04587,Biotechnology Faculty,Education,Research,Master,13,54.6,29.6,91.3,81.3,5,77.6,Intermediate,,,,,68.7,,,,81.8,,,,,,,,,,,,,68.3,,,85.6,,,,,,77.4,,,,,,,,,,,,,,,
REC04588,Administrative Officer,Public Health,Administration,Bachelor,14,64.8,44.9,56.4,59.5,2,54.1,Developing,,66.4,,,,,49.8,,49.8,,,,,,,,,,,,,,,,,,,,,,,,,,,,52.1,,,53.0,,,,,,
REC04589,Data Analyst,Environment,Policy,Bachelor,6,114.4,51.9,98.4,76.6,4,82.1,Advanced,,,,,,,,,78.2,,67.9,,,,,,,,,,,,,,,,,,,,,,,,,,,,,,,,79.6,,83.3,76.5
REC04590,Environmental Officer,Cybersecurity,Training,Master,6,42.8,28.7,76.2,78.7,6,66.7,Intermediate,,,,,,,,,61.1,,,,,,,,60.4,,,,60.9,,,,,,,,,,,,,,,,,,,61.6,,,,,,68.2
REC04591,Environmental Officer,Data Science,MoSPI,Bachelor,5,99.9,46.6,62.7,90.1,6,66.7,Intermediate,,,,,,,,,64.1,,,,,,,,60.6,,,,61.2,,,,,,,,,,,,,,,,,,,66.0,,,,,,72.9
REC04592,Education Officer,Economics,Statistics Division,Master,18,70.0,51.6,96.9,72.0,5,79.4,Intermediate,,,,82.4,,,76.8,,66.4,,,,,,,74.1,,,,,,,,,,,,75.2,,,,,,,,,,,,,,,,,,
REC04593,Database Administrator,Cybersecurity,Statistics Division,Master,13,81.1,80.9,85.7,73.9,3,75.4,Intermediate,,,,,,,,,,78.2,,82.3,,,,,,,,,,,,,,,,,,,,,,,,57.0,,,81.9,,,,71.5,,,
REC04594,Software Engineer,Cybersecurity,Research,Bachelor,1,44.4,54.6,82.1,66.1,2,66.9,Intermediate,,,,,,,,,,,,,,,,,,,,,,,,66.6,,,,,,,,,,,,64.8,,,78.1,,,,59.4,62.3,,
REC04595,Research Officer,Biotechnology,Policy,Bachelor,12,83.5,53.9,87.5,62.3,2,72.2,Intermediate,,,,,,,,,72.8,,66.7,,,,,,,,,,,,,,,,,,,,,,,,,,,,,68.8,66.5,,,,,82.4
REC04596,Data Scientist,Biotechnology,Research,Bachelor,9,78.3,40.6,72.9,62.4,1,63.4,Developing,,,,,,,,,69.5,,68.2,,,,,,,,,,,,,,,,,,,50.8,,,,,,,,,53.9,,,,,,,71.6
REC04597,Project Manager,Computer Science,Administration,Master,11,56.4,52.7,100.0,90.0,1,84.2,Advanced,,,,,,,72.7,,82.0,,,,,,,,,,,,,,,,,,76.0,,,,,,,,,79.0,74.6,,,,,,,,,
REC04598,Policy Analyst,Administration,Policy,Master,14,58.2,57.8,68.2,91.6,6,70.2,Intermediate,,,,,,,,,72.8,,,,,,,,,,,,,,,,,,,,,,,,,72.9,,,,,,78.4,68.7,,,,,68.6
REC04599,Agriculture Officer,Artificial Intelligence,Research,Bachelor,6,64.2,78.3,81.8,95.0,7,76.7,Intermediate,,,76.9,,,,,,63.6,,,,,,,,,,,,69.1,,,,,,,,,,,,,,,,,,,72.1,,,,,,70.8
REC04600,Administrative Officer,Data Science,Administration,Master,1,76.1,70.9,85.4,79.1,3,73.7,Intermediate,,71.2,,,,,63.4,,79.1,,,,,,,,,,,,,,,,,,,,,,,,,,,,61.3,,,66.8,,,,,,
REC04601,Cybersecurity Analyst,Public Policy,Administration,Bachelor,10,63.5,33.5,75.9,64.4,2,64.6,Developing,,,,,,,,57.2,55.0,,,,,,,,,,,,,,,,,,,,,,,,66.9,,,,,,71.5,,,66.2,,,,
REC04602,HR Officer,Economics,Data & Analytics,Master,7,31.9,38.8,74.8,68.0,2,62.6,Developing,,,,,,,63.5,,63.5,,,,,,,,,,,,,,41.2,,,60.0,,,,,,,,,,,,,,61.4,,,,,,
REC04603,Software Engineer,Computer Science,DIID,Master,4,46.8,26.5,79.8,79.9,3,68.2,Intermediate,,,,,,,,,,,,,,,,,,,,,,,,51.0,,,,,,,,,,,,61.5,,,55.8,,,,64.2,70.2,,
REC04604,Legal Officer,Public Health,Training,Master,2,18.4,35.1,75.0,77.1,4,63.6,Developing,,,,,,,52.5,,,,,,,,,,,,,,,,,,,,,,61.6,,,,,67.4,,,,,,55.1,,52.8,,,,
REC04605,Data Scientist,Economics,Training,Bachelor,14,57.2,44.1,58.4,84.6,5,61.8,Developing,,,,,,,,,57.4,,69.2,,,,,,,,,,,,,,,,,,,61.4,,,,,,,,,68.7,,,,,,,44.4
REC04606,Data Scientist,Data Science,DIID,PhD,9,82.7,58.6,84.0,57.3,3,68.2,Intermediate,,,,,,,,,62.9,,72.2,,,,,,,,,,,,,,,,,,,61.1,,,,,,,,,71.3,,,,,,,59.2
REC04607,AI Engineer,Cybersecurity,Research,Master,8,62.2,53.7,97.0,68.0,2,76.4,Intermediate,,,,,,,,,,,,,68.1,,,,,,,,,,,,,,,,,59.4,,71.0,,,,,,,69.7,,,,,87.7,,
REC04608,Legal Officer,Economics,IT,Master,8,63.2,51.2,76.4,67.9,2,65.9,Intermediate,,,,,,,61.6,,,,,,,,,,,,,,,,,,,,,,68.3,,,,,63.5,,,,,,67.9,,56.9,,,,
REC04609,Agriculture Officer,Biotechnology,Policy,Master,0,57.4,52.1,73.9,82.8,3,68.2,Intermediate,,,74.2,,,,,,63.3,,,,,,,,,,,,73.5,,,,,,,,,,,,,,,,,,,58.7,,,,,,77.3
REC04610,Education Officer,Education,DIID,Master,7,32.6,46.2,65.2,57.1,3,54.1,Developing,,,,59.0,,,30.2,,54.9,,,,,,,43.4,,,,,,,,,,,,48.2,,,,,,,,,,,,,,,,,,
REC04611,Policy Analyst,Statistics,Policy,PhD,9,57.3,21.1,80.9,63.4,2,65.7,Intermediate,,,,,,,,,61.4,,,,,,,,,,,,,,,,,,,,,,,,,56.8,,,,,,66.9,67.5,,,,,57.9
REC04612,Policy Analyst,Environment,Statistics Division,Master,6,57.1,49.4,62.8,89.4,4,64.5,Developing,,,,,,,,,72.4,,,,,,,,,,,,,,,,,,,,,,,,,63.8,,,,,,56.7,62.4,,,,,56.5
REC04613,Policy Analyst,Data Science,Statistics Division,Bachelor,0,32.4,27.8,81.8,66.0,6,63.8,Developing,,,,,,,,,55.1,,,,,,,,,,,,,,,,,,,,,,,,,48.9,,,,,,62.0,65.3,,,,,46.4
REC04614,Biotechnology Faculty,Economics,IT,Master,1,35.4,35.3,86.4,69.6,4,68.8,Intermediate,,,,,59.9,,,,55.3,,,,,,,,,,,,,65.7,,,71.6,,,,,,77.2,,,,,,,,,,,,,,,
REC04615,Research Officer,Data Science,MoSPI,Bachelor,0,30.5,27.3,67.7,51.3,1,53.0,Developing,,,,,,,,,51.9,,55.3,,,,,,,,,,,,,,,,,,,,,,,,,,,,,55.7,44.0,,,,,47.8
REC04616,Legal Officer,Agriculture,MoSPI,Master,6,5.0,21.7,73.2,92.3,3,67.3,Intermediate,,,,,,,56.9,,,,,,,,,,,,,,,,,,,,,,81.3,,,,,64.0,,,,,,54.4,,70.1,,,,
REC04617,AI Engineer,Computer Science,MoSPI,Master,12,104.9,25.4,81.7,70.1,2,70.3,Intermediate,,,,,,,,,,,,,60.3,,,,,,,,,,,,,,,,,62.1,,60.5,,,,,,,70.1,,,,,57.0,,
REC04618,Statistical Officer,Environment,Training,Master,5,88.7,65.6,87.9,56.0,1,70.0,Intermediate,,,,,,,,,58.9,,72.6,,,,,,,,,,,,,,,,,,,,,,,,75.4,,,,,,,,,,72.4,62.0
REC04619,Data Analyst,Education,Data & Analytics,Master,0,63.3,40.2,73.1,72.0,1,63.0,Developing,,,,,,,,,53.5,,61.2,,,,,,,,,,,,,,,,,,,,,,,,,,,,,,,,54.8,,39.6,66.9
REC04620,Statistical Officer,Statistics,Statistics Division,Master,1,64.1,25.7,63.3,51.6,2,52.1,Developing,,,,,,,,,55.1,,45.9,,,,,,,,,,,,,,,,,,,,,,,,41.1,,,,,,,,,,49.6,44.4
REC04621,Policy Analyst,Environment,Data & Analytics,Bachelor,1,48.5,56.8,74.3,76.2,2,65.0,Developing,,,,,,,,,58.5,,,,,,,,,,,,,,,,,,,,,,,,,54.0,,,,,,59.7,59.1,,,,,62.5
REC04622,HR Officer,Public Health,Statistics Division,Master,0,11.8,31.8,72.3,50.4,4,53.5,Developing,,,,,,,50.0,,46.5,,,,,,,,,,,,,,51.2,,,53.0,,,,,,,,,,,,,,32.7,,,,,,
REC04623,Agriculture Officer,Education,Statistics Division,Bachelor,6,58.1,73.5,77.8,79.8,1,69.9,Intermediate,,,73.5,,,,,,63.6,,,,,,,,,,,,57.5,,,,,,,,,,,,,,,,,,,65.6,,,,,,66.6
REC04624,HR Officer,Economics,MoSPI,Bachelor,1,35.8,22.8,64.9,51.1,3,51.4,Developing,,,,,,,37.7,,51.6,,,,,,,,,,,,,,44.6,,,56.9,,,,,,,,,,,,,,47.1,,,,,,
REC04625,Cybersecurity Analyst,Economics,DIID,Bachelor,3,49.3,40.4,84.7,64.4,3,67.2,Intermediate,,,,,,,,55.0,63.7,,,,,,,,,,,,,,,,,,,,,,,,59.9,,,,,,66.2,,,70.2,,,,
REC04626,Agriculture Officer,Cybersecurity,Policy,Bachelor,12,94.1,89.3,96.8,63.5,3,78.2,Intermediate,,,72.9,,,,,,67.1,,,,,,,,,,,,65.9,,,,,,,,,,,,,,,,,,,87.3,,,,,,70.2
REC04627,Environmental Officer,Finance,DIID,PhD,11,57.2,59.6,64.5,68.2,4,61.3,Developing,,,,,,,,,67.8,,,,,,,,68.0,,,,76.4,,,,,,,,,,,,,,,,,,,59.1,,,,,,56.7
REC04628,Research Officer,Public Policy,Research,Master,8,107.5,59.5,80.4,51.3,5,64.8,Developing,,,,,,,,,70.1,,62.9,,,,,,,,,,,,,,,,,,,,,,,,,,,,,47.7,56.2,,,,,50.0
REC04629,Agriculture Officer,Agriculture,IT,PhD,7,61.9,32.1,62.5,76.6,5,60.4,Developing,,,58.8,,,,,,61.5,,,,,,,,,,,,60.3,,,,,,,,,,,,,,,,,,,44.2,,,,,,64.5
REC04630,Data Scientist,Biotechnology,Research,PhD,0,32.1,34.1,83.5,58.7,3,63.3,Developing,,,,,,,,,56.7,,50.5,,,,,,,,,,,,,,,,,,,72.9,,,,,,,,,52.7,,,,,,,57.5
REC04631,Database Administrator,Artificial Intelligence,Policy,Bachelor,5,32.9,56.2,83.8,62.1,1,65.3,Intermediate,,,,,,,,,,61.4,,58.8,,,,,,,,,,,,,,,,,,,,,,,,65.5,,,61.7,,,,41.6,,,
REC04632,Data Scientist,Cybersecurity,IT,Master,2,69.8,42.1,76.8,83.2,1,69.5,Intermediate,,,,,,,,,63.9,,60.9,,,,,,,,,,,,,,,,,,,58.9,,,,,,,,,73.4,,,,,,,65.7
REC04633,AI Engineer,Data Science,Policy,Bachelor,5,30.2,9.3,68.4,88.9,2,64.6,Developing,,,,,,,,,,,,,64.0,,,,,,,,,,,,,,,,,57.9,,70.1,,,,,,,59.3,,,,,64.5,,
REC04634,Statistical Officer,Finance,Data & Analytics,Bachelor,7,73.0,50.6,68.4,100.0,3,71.0,Intermediate,,,,,,,,,71.0,,63.8,,,,,,,,,,,,,,,,,,,,,,,,66.7,,,,,,,,,,68.8,57.0
REC04635,Statistical Officer,Statistics,Data & Analytics,Master,0,64.8,36.4,75.0,78.2,2,66.3,Intermediate,,,,,,,,,72.6,,58.9,,,,,,,,,,,,,,,,,,,,,,,,50.9,,,,,,,,,,70.9,53.7
REC04636,Research Officer,Public Health,MoSPI,Master,13,73.5,64.5,66.7,85.7,5,67.8,Intermediate,,,,,,,,,59.9,,74.3,,,,,,,,,,,,,,,,,,,,,,,,,,,,,75.1,60.3,,,,,61.5
REC04637,Agriculture Officer,Public Policy,Administration,Master,8,67.0,28.4,91.1,61.3,1,71.0,Intermediate,,,70.9,,,,,,66.3,,,,,,,,,,,,53.6,,,,,,,,,,,,,,,,,,,68.8,,,,,,73.7
REC04638,Cybersecurity Analyst,Statistics,Research,Master,6,50.8,26.9,93.9,67.8,3,73.2,Intermediate,,,,,,,,62.0,61.9,,,,,,,,,,,,,,,,,,,,,,,,64.8,,,,,,78.3,,,76.2,,,,
REC04639,Statistical Officer,Education,Research,Bachelor,8,70.4,48.2,75.6,54.7,1,61.4,Developing,,,,,,,,,51.4,,59.2,,,,,,,,,,,,,,,,,,,,,,,,52.5,,,,,,,,,,55.7,60.4
REC04640,HR Officer,Education,IT,Bachelor,6,63.0,33.0,70.8,53.2,4,57.8,Developing,,,,,,,58.0,,39.1,,,,,,,,,,,,,,62.8,,,64.7,,,,,,,,,,,,,,52.5,,,,,,
REC04641,Economist,Public Health,Statistics Division,Master,9,52.7,45.3,53.0,64.4,5,52.2,Developing,,,,,,,,,59.2,,,,,50.3,42.8,,,,,,,,,,,,,,,,,,,,,,,,,62.0,,,,,,42.5
REC04642,Statistical Officer,Education,MoSPI,Bachelor,4,5.0,2.0,99.3,70.5,4,72.6,Intermediate,,,,,,,,,59.2,,62.7,,,,,,,,,,,,,,,,,,,,,,,,62.4,,,,,,,,,,62.6,73.2
REC04643,Data Analyst,Cybersecurity,MoSPI,Master,12,61.4,44.6,55.5,84.1,6,61.1,Developing,,,,,,,,,78.3,,59.5,,,,,,,,,,,,,,,,,,,,,,,,,,,,,,,,55.9,,72.0,59.2
REC04644,Statistical Officer,Biotechnology,Administration,Master,10,67.0,24.5,82.7,87.2,6,74.6,Intermediate,,,,,,,,,66.1,,80.0,,,,,,,,,,,,,,,,,,,,,,,,76.4,,,,,,,,,,70.5,67.1
REC04645,Policy Analyst,Public Health,Training,PhD,11,77.5,48.5,74.8,85.5,7,71.3,Intermediate,,,,,,,,,63.4,,,,,,,,,,,,,,,,,,,,,,,,,68.5,,,,,,63.0,71.9,,,,,76.3
REC04646,Economist,Public Health,Administration,Master,9,110.4,75.2,76.6,83.3,1,73.8,Intermediate,,,,,,,,,66.3,,,,,76.2,73.3,,,,,,,,,,,,,,,,,,,,,,,,,69.7,,,,,,67.2
REC04647,Environmental Officer,Environment,Research,Master,6,5.0,18.5,78.2,95.6,2,69.9,Intermediate,,,,,,,,,63.6,,,,,,,,62.6,,,,66.5,,,,,,,,,,,,,,,,,,,58.7,,,,,,60.9
REC04648,Project Manager,Agriculture,Research,PhD,10,63.3,58.4,84.1,68.4,6,71.2,Intermediate,,,,,,,77.2,,78.7,,,,,,,,,,,,,,,,,,72.9,,,,,,,,,69.4,61.9,,,,,,,,,
REC04649,HR Officer,Education,Data & Analytics,Master,7,47.4,60.8,59.2,85.4,5,62.0,Developing,,,,,,,66.0,,58.1,,,,,,,,,,,,,,67.1,,,68.3,,,,,,,,,,,,,,56.8,,,,,,
REC04650,Administrative Officer,Economics,Administration,Master,0,28.4,3.3,96.6,58.1,5,68.9,Intermediate,,69.6,,,,,62.4,,53.2,,,,,,,,,,,,,,,,,,,,,,,,,,,,71.8,,,61.2,,,,,,
REC04651,Legal Officer,Agriculture,Statistics Division,Master,9,47.4,63.9,56.2,79.3,3,58.9,Developing,,,,,,,60.3,,,,,,,,,,,,,,,,,,,,,,66.9,,,,,62.9,,,,,,54.1,,57.3,,,,
REC04652,Public Health Officer,Agriculture,Training,Master,2,57.7,36.4,91.0,85.2,5,76.0,Intermediate,,,,,,83.1,,,64.3,,,,,,,,,55.5,,,,,,,,,,,,,,,,,,,,66.5,,66.0,,,,,,
REC04653,AI Engineer,Artificial Intelligence,Policy,Master,9,85.0,54.6,86.9,80.4,2,76.7,Intermediate,,,,,,,,,,,,,70.4,,,,,,,,,,,,,,,,,75.1,,89.4,,,,,,,77.3,,,,,64.5,,
REC04654,Environmental Officer,Economics,DIID,Bachelor,5,48.8,48.4,93.6,68.5,4,73.6,Intermediate,,,,,,,,,68.4,,,,,,,,66.9,,,,67.3,,,,,,,,,,,,,,,,,,,71.3,,,,,,73.0
REC04655,Economist,Education,Research,PhD,8,33.8,45.4,54.2,54.5,3,47.8,Beginner,,,,,,,,,48.0,,,,,36.5,41.0,,,,,,,,,,,,,,,,,,,,,,,,,38.6,,,,,,41.5
REC04656,Data Scientist,Cybersecurity,Data & Analytics,PhD,6,59.2,23.7,76.6,77.0,2,67.4,Intermediate,,,,,,,,,71.3,,57.9,,,,,,,,,,,,,,,,,,,66.5,,,,,,,,,62.8,,,,,,,66.9
REC04657,Environmental Officer,Cybersecurity,MoSPI,Bachelor,5,36.7,46.8,69.7,65.8,2,59.5,Developing,,,,,,,,,58.0,,,,,,,,46.1,,,,52.8,,,,,,,,,,,,,,,,,,,59.8,,,,,,60.7
REC04658,Finance Officer,Finance,Policy,Master,7,96.8,85.5,77.1,62.4,1,66.9,Intermediate,67.5,,,,,,,,,,49.3,,,,,,,,54.1,76.0,,,,,,,,,,,,,,,,,,,,,,,,,,64.8
REC04659,Economist,Environment,Research,Bachelor,8,57.9,32.8,79.6,82.9,4,70.1,Intermediate,,,,,,,,,75.1,,,,,51.2,57.7,,,,,,,,,,,,,,,,,,,,,,,,,60.1,,,,,,61.4
REC04660,Software Engineer,Artificial Intelligence,Policy,Bachelor,11,49.3,63.2,71.5,72.4,3,65.7,Intermediate,,,,,,,,,,,,,,,,,,,,,,,,53.2,,,,,,,,,,,,64.4,,,71.9,,,,85.6,68.1,,
REC04661,Project Manager,Public Policy,Policy,Bachelor,2,50.7,45.7,79.0,76.9,2,67.7,Intermediate,,,,,,,61.3,,73.1,,,,,,,,,,,,,,,,,,59.5,,,,,,,,,52.9,63.1,,,,,,,,,
REC04662,HR Officer,Biotechnology,MoSPI,Bachelor,1,45.5,67.4,76.6,61.9,2,62.1,Developing,,,,,,,54.0,,41.9,,,,,,,,,,,,,,57.2,,,64.9,,,,,,,,,,,,,,59.2,,,,,,
REC04663,Policy Analyst,Finance,Data & Analytics,Bachelor,9,65.0,31.4,67.8,59.9,5,58.6,Developing,,,,,,,,,59.2,,,,,,,,,,,,,,,,,,,,,,,,,56.6,,,,,,57.0,43.8,,,,,60.5
REC04664,Legal Officer,Cybersecurity,Policy,PhD,2,39.1,43.5,54.8,60.4,6,50.1,Developing,,,,,,,45.6,,,,,,,,,,,,,,,,,,,,,,53.5,,,,,49.0,,,,,,43.7,,51.5,,,,
REC04665,AI Engineer,Artificial Intelligence,Statistics Division,Bachelor,2,65.4,42.3,73.5,82.0,4,66.6,Intermediate,,,,,,,,,,,,,68.5,,,,,,,,,,,,,,,,,63.3,,47.3,,,,,,,61.5,,,,,53.8,,
REC04666,Software Engineer,Computer Science,DIID,Master,4,66.1,66.3,93.1,68.8,5,74.7,Intermediate,,,,,,,,,,,,,,,,,,,,,,,,72.3,,,,,,,,,,,,60.0,,,77.5,,,,69.3,71.1,,
REC04667,Database Administrator,Cybersecurity,IT,PhD,4,58.5,21.9,71.3,88.2,6,67.3,Intermediate,,,,,,,,,,61.9,,62.2,,,,,,,,,,,,,,,,,,,,,,,,70.5,,,56.7,,,,65.6,,,
REC04668,Software Engineer,Artificial Intelligence,Research,PhD,7,46.9,28.7,76.8,95.2,2,72.2,Intermediate,,,,,,,,,,,,,,,,,,,,,,,,67.6,,,,,,,,,,,,59.1,,,74.5,,,,71.5,69.0,,
REC04669,Data Analyst,Computer Science,Administration,Master,12,61.9,56.1,87.1,74.3,1,74.3,Intermediate,,,,,,,,,65.3,,79.9,,,,,,,,,,,,,,,,,,,,,,,,,,,,,,,,67.4,,75.1,78.2
REC04670,Finance Officer,Data Science,Research,Master,3,68.1,26.8,77.4,64.6,2,64.3,Developing,63.3,,,,,,,,,,58.2,,,,,,,,65.2,58.1,,,,,,,,,,,,,,,,,,,,,,,,,,62.9
REC04671,Database Administrator,Data Science,IT,Master,9,71.3,65.6,99.8,84.6,2,84.2,Advanced,,,,,,,,,,81.4,,78.5,,,,,,,,,,,,,,,,,,,,,,,,78.9,,,91.1,,,,79.6,,,
REC04672,Biotechnology Faculty,Data Science,Statistics Division,Bachelor,12,67.9,59.9,89.7,84.4,4,78.9,Intermediate,,,,,71.0,,,,68.8,,,,,,,,,,,,,79.5,,,85.4,,,,,,80.1,,,,,,,,,,,,,,,
REC04673,Public Health Officer,Economics,Data & Analytics,Master,4,25.5,46.6,52.8,63.1,2,49.6,Beginner,,,,,,53.0,,,45.4,,,,,,,,,49.3,,,,,,,,,,,,,,,,,,,,35.2,,58.1,,,,,,
REC04674,Cybersecurity Analyst,Data Science,Data & Analytics,Master,5,19.2,47.9,63.1,90.1,2,63.3,Developing,,,,,,,,67.0,61.0,,,,,,,,,,,,,,,,,,,,,,,,66.8,,,,,,62.5,,,67.1,,,,
REC04675,Education Officer,Public Policy,Training,Master,5,34.1,65.9,76.1,82.0,2,68.6,Intermediate,,,,67.3,,,65.7,,78.2,,,,,,,65.1,,,,,,,,,,,,57.9,,,,,,,,,,,,,,,,,,
REC04676,Environmental Officer,Artificial Intelligence,Administration,Bachelor,6,102.6,46.6,70.7,57.7,6,61.1,Developing,,,,,,,,,54.0,,,,,,,,56.5,,,,65.4,,,,,,,,,,,,,,,,,,,46.9,,,,,,55.2
REC04677,Education Officer,Economics,Policy,Master,6,66.8,31.7,74.0,49.5,2,58.4,Developing,,,,52.3,,,49.9,,60.8,,,,,,,53.5,,,,,,,,,,,,56.6,,,,,,,,,,,,,,,,,,
REC04678,AI Engineer,Artificial Intelligence,IT,Master,9,51.8,52.3,69.4,73.2,5,62.6,Developing,,,,,,,,,,,,,52.4,,,,,,,,,,,,,,,,,59.9,,57.5,,,,,,,54.8,,,,,54.6,,
REC04679,Legal Officer,Public Health,Policy,Master,0,56.3,41.0,68.9,74.0,1,61.2,Developing,,,,,,,56.8,,,,,,,,,,,,,,,,,,,,,,60.7,,,,,55.7,,,,,,48.8,,52.1,,,,
REC04680,Software Engineer,Cybersecurity,DIID,Master,5,60.2,57.1,74.7,70.8,2,66.0,Intermediate,,,,,,,,,,,,,,,,,,,,,,,,66.4,,,,,,,,,,,,66.9,,,65.8,,,,62.8,69.4,,
REC04681,Education Officer,Statistics,Research,Master,8,81.8,27.0,59.3,90.4,7,64.6,Developing,,,,69.7,,,62.4,,60.4,,,,,,,68.3,,,,,,,,,,,,74.5,,,,,,,,,,,,,,,,,,
REC04682,Environmental Officer,Biotechnology,Policy,Bachelor,11,45.7,34.0,87.2,92.0,5,76.7,Intermediate,,,,,,,,,64.7,,,,,,,,64.1,,,,69.8,,,,,,,,,,,,,,,,,,,81.1,,,,,,62.2
REC04683,Agriculture Officer,Finance,Data & Analytics,Master,4,34.8,85.2,73.3,80.2,2,67.2,Intermediate,,,67.2,,,,,,64.4,,,,,,,,,,,,71.2,,,,,,,,,,,,,,,,,,,63.3,,,,,,68.6
REC04684,Environmental Officer,Administration,Data & Analytics,Master,7,83.6,52.8,93.0,100.0,3,84.9,Advanced,,,,,,,,,84.0,,,,,,,,78.1,,,,71.9,,,,,,,,,,,,,,,,,,,89.0,,,,,,84.1
REC04685,Data Scientist,Agriculture,Training,Master,4,43.1,26.9,89.9,74.4,3,71.5,Intermediate,,,,,,,,,65.0,,68.6,,,,,,,,,,,,,,,,,,,58.5,,,,,,,,,57.7,,,,,,,63.2
REC04686,Administrative Officer,Data Science,Training,PhD,0,73.1,49.2,98.6,84.4,4,80.5,Advanced,,52.5,,,,,73.6,,63.7,,,,,,,,,,,,,,,,,,,,,,,,,,,,85.4,,,77.9,,,,,,
REC04687,Data Scientist,Administration,DIID,Master,16,108.8,37.3,62.5,83.4,3,67.0,Intermediate,,,,,,,,,65.7,,70.6,,,,,,,,,,,,,,,,,,,66.9,,,,,,,,,73.0,,,,,,,67.0
REC04688,HR Officer,Statistics,MoSPI,Master,11,73.1,36.0,87.0,62.7,3,70.6,Intermediate,,,,,,,68.3,,62.0,,,,,,,,,,,,,,75.9,,,61.2,,,,,,,,,,,,,,77.1,,,,,,
REC04689,Project Manager,Agriculture,Data & Analytics,Bachelor,6,47.2,23.1,44.3,74.4,4,48.3,Beginner,,,,,,,49.5,,38.4,,,,,,,,,,,,,,,,,,37.0,,,,,,,,,35.7,52.2,,,,,,,,,
REC04690,HR Officer,Statistics,MoSPI,Master,3,81.5,52.8,69.6,74.2,3,63.7,Developing,,,,,,,54.4,,59.8,,,,,,,,,,,,,,48.3,,,56.8,,,,,,,,,,,,,,64.2,,,,,,
REC04691,Policy Analyst,Public Health,IT,Master,16,78.6,21.3,74.2,74.8,4,68.6,Intermediate,,,,,,,,,59.8,,,,,,,,,,,,,,,,,,,,,,,,,68.4,,,,,,66.1,81.3,,,,,75.9
REC04692,Database Administrator,Artificial Intelligence,Training,Master,6,31.9,38.1,81.5,78.9,4,68.4,Intermediate,,,,,,,,,,51.9,,59.2,,,,,,,,,,,,,,,,,,,,,,,,55.6,,,67.7,,,,62.3,,,
REC04693,HR Officer,Environment,Data & Analytics,Master,11,123.9,40.0,61.2,85.8,3,66.9,Intermediate,,,,,,,68.9,,55.9,,,,,,,,,,,,,,64.7,,,79.5,,,,,,,,,,,,,,66.5,,,,,,
REC04694,Education Officer,Biotechnology,DIID,Master,6,81.0,48.5,74.1,88.5,2,71.0,Intermediate,,,,64.3,,,77.1,,61.6,,,,,,,70.0,,,,,,,,,,,,58.7,,,,,,,,,,,,,,,,,,
REC04695,Software Engineer,Computer Science,IT,Bachelor,14,78.6,30.0,69.2,92.4,1,70.1,Intermediate,,,,,,,,,,,,,,,,,,,,,,,,63.4,,,,,,,,,,,,72.1,,,62.3,,,,71.7,59.9,,
REC04696,AI Engineer,Cybersecurity,Statistics Division,PhD,9,56.3,38.7,71.4,57.9,4,59.6,Developing,,,,,,,,,,,,,47.7,,,,,,,,,,,,,,,,,49.8,,53.8,,,,,,,59.4,,,,,69.8,,
REC04697,Database Administrator,Cybersecurity,IT,Bachelor,10,110.4,57.9,82.2,79.6,2,76.0,Intermediate,,,,,,,,,,70.7,,78.0,,,,,,,,,,,,,,,,,,,,,,,,71.9,,,70.2,,,,93.2,,,
REC04698,Research Officer,Public Health,Training,Bachelor,8,39.6,32.6,74.6,60.3,4,60.8,Developing,,,,,,,,,67.1,,54.8,,,,,,,,,,,,,,,,,,,,,,,,,,,,,54.1,49.1,,,,,62.1
REC04699,Finance Officer,Economics,MoSPI,PhD,2,66.5,44.6,100.0,77.7,5,80.2,Advanced,68.1,,,,,,,,,,82.0,,,,,,,,82.5,68.5,,,,,,,,,,,,,,,,,,,,,,,,,,80.9
REC04700,Data Scientist,Statistics,Administration,Master,2,25.3,27.8,60.3,66.8,4,52.9,Developing,,,,,,,,,47.4,,38.6,,,,,,,,,,,,,,,,,,,54.1,,,,,,,,,53.3,,,,,,,40.5
REC04701,Database Administrator,Computer Science,Administration,Bachelor,12,84.5,58.5,70.0,84.4,4,69.2,Intermediate,,,,,,,,,,69.0,,71.3,,,,,,,,,,,,,,,,,,,,,,,,58.6,,,64.9,,,,67.6,,,
REC04702,Legal Officer,Public Policy,Research,Bachelor,12,56.6,39.4,68.8,81.3,6,65.7,Intermediate,,,,,,,52.7,,,,,,,,,,,,,,,,,,,,,,69.3,,,,,70.1,,,,,,64.1,,58.2,,,,
REC04703,AI Engineer,Artificial Intelligence,MoSPI,Bachelor,0,19.7,32.6,80.2,61.7,2,61.3,Developing,,,,,,,,,,,,,43.5,,,,,,,,,,,,,,,,,50.3,,58.4,,,,,,,57.2,,,,,60.3,,
REC04704,Environmental Officer,Agriculture,Data & Analytics,Bachelor,4,59.6,60.8,72.7,86.4,1,68.7,Intermediate,,,,,,,,,59.2,,,,,,,,69.6,,,,72.7,,,,,,,,,,,,,,,,,,,59.1,,,,,,66.1
REC04705,Research Officer,Statistics,Training,PhD,3,56.5,58.1,98.5,60.4,4,74.3,Intermediate,,,,,,,,,74.0,,65.7,,,,,,,,,,,,,,,,,,,,,,,,,,,,,74.4,66.4,,,,,71.0
REC04706,Software Engineer,Cybersecurity,Statistics Division,Master,8,66.1,52.4,66.6,50.4,6,55.7,Developing,,,,,,,,,,,,,,,,,,,,,,,,48.8,,,,,,,,,,,,44.8,,,60.7,,,,60.0,50.7,,
REC04707,Biotechnology Faculty,Education,Administration,PhD,4,81.7,60.2,54.3,75.5,1,57.4,Developing,,,,,66.9,,,,51.2,,,,,,,,,,,,,44.5,,,60.4,,,,,,57.6,,,,,,,,,,,,,,,
REC04708,Finance Officer,Public Policy,Research,Bachelor,8,73.2,42.2,79.3,51.4,3,63.5,Developing,68.5,,,,,,,,,,61.2,,,,,,,,64.9,66.8,,,,,,,,,,,,,,,,,,,,,,,,,,61.0
REC04709,Finance Officer,Economics,Research,Bachelor,6,97.7,60.4,98.2,77.7,1,81.6,Advanced,77.0,,,,,,,,,,72.1,,,,,,,,68.8,76.7,,,,,,,,,,,,,,,,,,,,,,,,,,84.5
REC04710,Biotechnology Faculty,Education,Statistics Division,Master,13,79.7,63.6,77.1,95.7,4,76.9,Intermediate,,,,,77.8,,,,79.2,,,,,,,,,,,,,74.7,,,72.1,,,,,,84.5,,,,,,,,,,,,,,,
REC04711,Data Scientist,Environment,DIID,Master,10,46.7,33.1,93.0,74.7,1,75.9,Intermediate,,,,,,,,,73.1,,85.7,,,,,,,,,,,,,,,,,,,68.9,,,,,,,,,68.1,,,,,,,78.8
REC04712,HR Officer,Public Health,Research,PhD,5,54.6,40.2,78.5,65.4,4,64.9,Developing,,,,,,,59.1,,60.8,,,,,,,,,,,,,,58.9,,,57.9,,,,,,,,,,,,,,70.3,,,,,,
REC04713,Policy Analyst,Statistics,MoSPI,PhD,6,5.0,23.6,77.6,81.8,2,66.2,Intermediate,,,,,,,,,62.1,,,,,,,,,,,,,,,,,,,,,,,,,52.9,,,,,,61.6,63.7,,,,,68.4
REC04714,Software Engineer,Computer Science,Research,Bachelor,11,80.6,12.5,97.7,98.9,4,85.5,Advanced,,,,,,,,,,,,,,,,,,,,,,,,74.9,,,,,,,,,,,,74.7,,,79.1,,,,83.8,72.8,,
REC04715,Data Analyst,Computer Science,DIID,Master,6,62.2,47.5,68.3,78.2,1,64.3,Developing,,,,,,,,,64.7,,65.6,,,,,,,,,,,,,,,,,,,,,,,,,,,,,,,,62.5,,66.7,50.8
REC04716,Finance Officer,Environment,Data & Analytics,Master,5,42.7,37.0,62.3,81.9,1,60.7,Developing,51.1,,,,,,,,,,60.7,,,,,,,,61.8,65.1,,,,,,,,,,,,,,,,,,,,,,,,,,53.8
REC04717,Agriculture Officer,Administration,Policy,Bachelor,5,34.8,51.4,88.0,74.3,3,71.5,Intermediate,,,70.6,,,,,,51.3,,,,,,,,,,,,60.6,,,,,,,,,,,,,,,,,,,67.0,,,,,,78.5
REC04718,HR Officer,Education,Research,Master,18,76.5,55.8,69.4,60.5,4,62.2,Developing,,,,,,,56.5,,57.4,,,,,,,,,,,,,,66.7,,,51.1,,,,,,,,,,,,,,66.1,,,,,,
REC04719,Software Engineer,Data Science,Research,Master,7,76.9,39.4,70.2,87.5,3,68.1,Intermediate,,,,,,,,,,,,,,,,,,,,,,,,56.7,,,,,,,,,,,,57.2,,,67.3,,,,62.2,69.7,,
REC04720,Software Engineer,Data Science,Policy,Master,0,69.8,23.1,63.8,62.4,2,56.1,Developing,,,,,,,,,,,,,,,,,,,,,,,,46.2,,,,,,,,,,,,60.0,,,54.0,,,,49.8,59.3,,
REC04721,Data Analyst,Statistics,Training,PhD,5,72.6,22.9,73.7,91.9,1,70.4,Intermediate,,,,,,,,,69.3,,56.6,,,,,,,,,,,,,,,,,,,,,,,,,,,,,,,,72.5,,64.7,64.6
REC04722,AI Engineer,Artificial Intelligence,Training,Bachelor,2,26.5,38.5,84.1,76.1,6,69.0,Intermediate,,,,,,,,,,,,,68.8,,,,,,,,,,,,,,,,,66.1,,66.3,,,,,,,68.8,,,,,53.6,,
REC04723,Biotechnology Faculty,Economics,Policy,PhD,3,34.0,58.9,69.6,74.6,2,61.4,Developing,,,,,64.6,,,,50.5,,,,,,,,,,,,,53.3,,,52.7,,,,,,50.6,,,,,,,,,,,,,,,
REC04724,Agriculture Officer,Data Science,Administration,Master,14,90.7,35.4,95.0,75.3,4,79.8,Intermediate,,,70.9,,,,,,84.0,,,,,,,,,,,,69.6,,,,,,,,,,,,,,,,,,,87.9,,,,,,74.4
REC04725,Data Analyst,Administration,Policy,Bachelor,15,86.8,47.4,87.1,48.6,1,69.0,Intermediate,,,,,,,,,64.4,,75.0,,,,,,,,,,,,,,,,,,,,,,,,,,,,,,,,69.1,,77.7,73.5
REC04726,Agriculture Officer,Agriculture,IT,PhD,10,96.0,68.3,61.0,69.7,2,61.8,Developing,,,62.0,,,,,,62.5,,,,,,,,,,,,64.4,,,,,,,,,,,,,,,,,,,62.3,,,,,,72.6
REC04727,Policy Analyst,Cybersecurity,IT,Master,9,74.3,41.6,50.8,65.6,2,53.1,Developing,,,,,,,,,58.1,,,,,,,,,,,,,,,,,,,,,,,,,54.0,,,,,,52.1,58.7,,,,,58.6
REC04728,Biotechnology Faculty,Education,IT,Master,13,86.4,52.3,79.7,70.0,1,70.0,Intermediate,,,,,55.4,,,,86.5,,,,,,,,,,,,,65.2,,,60.8,,,,,,64.8,,,,,,,,,,,,,,,
REC04729,Biotechnology Faculty,Administration,Training,Bachelor,12,39.9,31.1,76.9,75.1,1,67.4,Intermediate,,,,,78.1,,,,54.5,,,,,,,,,,,,,72.5,,,71.4,,,,,,58.6,,,,,,,,,,,,,,,
REC04730,Environmental Officer,Statistics,Administration,Master,4,55.5,30.5,75.5,74.1,6,65.5,Intermediate,,,,,,,,,62.1,,,,,,,,67.0,,,,63.6,,,,,,,,,,,,,,,,,,,58.3,,,,,,58.8
REC04731,Administrative Officer,Environment,DIID,PhD,2,13.5,6.8,92.7,60.8,4,66.7,Intermediate,,48.6,,,,,59.5,,59.7,,,,,,,,,,,,,,,,,,,,,,,,,,,,60.8,,,62.6,,,,,,
REC04732,Data Scientist,Statistics,Administration,Master,11,78.1,71.1,46.7,71.3,6,53.0,Developing,,,,,,,,,51.3,,55.2,,,,,,,,,,,,,,,,,,,47.7,,,,,,,,,51.3,,,,,,,48.7
REC04733,Administrative Officer,Environment,Administration,PhD,4,68.9,51.6,54.7,77.8,5,57.1,Developing,,61.4,,,,,48.9,,50.7,,,,,,,,,,,,,,,,,,,,,,,,,,,,53.0,,,58.9,,,,,,
REC04734,HR Officer,Environment,IT,Master,0,70.5,33.5,69.9,75.0,4,63.2,Developing,,,,,,,55.9,,54.9,,,,,,,,,,,,,,61.4,,,57.7,,,,,,,,,,,,,,71.3,,,,,,
REC04735,Finance Officer,Statistics,Training,Master,11,75.7,28.6,86.0,71.4,3,73.0,Intermediate,71.9,,,,,,,,,,77.2,,,,,,,,75.9,70.2,,,,,,,,,,,,,,,,,,,,,,,,,,71.9
REC04736,Project Manager,Cybersecurity,Administration,Bachelor,6,33.4,39.5,77.1,64.9,3,63.3,Developing,,,,,,,69.7,,58.5,,,,,,,,,,,,,,,,,,57.2,,,,,,,,,53.9,67.2,,,,,,,,,
REC04737,Education Officer,Statistics,Administration,PhD,0,60.1,61.2,86.9,71.6,6,70.9,Intermediate,,,,67.4,,,71.0,,53.8,,,,,,,64.3,,,,,,,,,,,,65.8,,,,,,,,,,,,,,,,,,
REC04738,Administrative Officer,Data Science,Administration,Bachelor,3,23.1,31.8,72.0,67.3,3,60.0,Developing,,55.0,,,,,48.5,,63.2,,,,,,,,,,,,,,,,,,,,,,,,,,,,62.2,,,58.3,,,,,,
REC04739,Economist,Biotechnology,Training,Master,11,66.5,72.4,66.7,83.8,4,67.8,Intermediate,,,,,,,,,67.4,,,,,72.3,73.0,,,,,,,,,,,,,,,,,,,,,,,,,84.9,,,,,,61.1
REC04740,AI Engineer,Cybersecurity,MoSPI,Master,6,41.3,51.8,60.9,66.6,5,56.1,Developing,,,,,,,,,,,,,59.8,,,,,,,,,,,,,,,,,47.6,,61.4,,,,,,,49.6,,,,,55.2,,
REC04741,Policy Analyst,Administration,IT,PhD,8,68.3,22.7,63.8,61.0,1,56.0,Developing,,,,,,,,,47.7,,,,,,,,,,,,,,,,,,,,,,,,,41.9,,,,,,53.8,59.6,,,,,47.6
REC04742,Agriculture Officer,Data Science,Research,PhD,0,25.0,43.6,83.6,95.0,5,74.2,Intermediate,,,67.2,,,,,,73.6,,,,,,,,,,,,64.5,,,,,,,,,,,,,,,,,,,75.5,,,,,,74.1
REC04743,Finance Officer,Public Policy,MoSPI,Master,20,101.4,39.9,98.0,83.5,4,85.1,Advanced,72.2,,,,,,,,,,79.4,,,,,,,,80.8,82.4,,,,,,,,,,,,,,,,,,,,,,,,,,93.9
REC04744,Agriculture Officer,Agriculture,DIID,Master,6,53.2,42.7,89.5,57.5,3,67.4,Intermediate,,,61.2,,,,,,68.6,,,,,,,,,,,,51.8,,,,,,,,,,,,,,,,,,,59.9,,,,,,46.7
REC04745,AI Engineer,Computer Science,Data & Analytics,Bachelor,0,35.7,48.2,77.6,77.9,4,66.6,Intermediate,,,,,,,,,,,,,65.2,,,,,,,,,,,,,,,,,63.4,,65.0,,,,,,,60.4,,,,,60.3,,
REC04746,Research Officer,Data Science,Research,Bachelor,2,84.4,91.2,63.6,59.2,1,57.8,Developing,,,,,,,,,62.3,,46.8,,,,,,,,,,,,,,,,,,,,,,,,,,,,,56.9,53.6,,,,,50.9
REC04747,Biotechnology Faculty,Economics,DIID,Bachelor,9,89.5,44.2,70.0,73.8,1,65.5,Intermediate,,,,,72.0,,,,67.4,,,,,,,,,,,,,51.0,,,64.3,,,,,,59.6,,,,,,,,,,,,,,,
REC04748,Agriculture Officer,Artificial Intelligence,DIID,Bachelor,5,73.7,56.2,56.5,77.7,6,59.2,Developing,,,62.1,,,,,,54.2,,,,,,,,,,,,57.9,,,,,,,,,,,,,,,,,,,65.2,,,,,,62.7
REC04749,Finance Officer,Finance,MoSPI,PhD,4,49.5,49.7,60.8,89.2,1,63.1,Developing,67.1,,,,,,,,,,50.7,,,,,,,,70.2,65.7,,,,,,,,,,,,,,,,,,,,,,,,,,64.1
REC04750,Economist,Data Science,IT,Master,5,46.9,41.8,74.1,87.1,11,68.4,Intermediate,,,,,,,,,73.6,,,,,45.0,68.5,,,,,,,,,,,,,,,,,,,,,,,,,68.3,,,,,,61.9
REC04751,HR Officer,Cybersecurity,Statistics Division,Master,9,63.1,34.2,58.5,68.9,6,56.6,Developing,,,,,,,58.0,,55.6,,,,,,,,,,,,,,56.7,,,51.0,,,,,,,,,,,,,,56.5,,,,,,
REC04752,Legal Officer,Cybersecurity,IT,Master,4,32.3,33.9,78.9,65.5,4,64.2,Developing,,,,,,,67.5,,,,,,,,,,,,,,,,,,,,,,58.9,,,,,64.2,,,,,,68.2,,61.1,,,,
REC04753,Legal Officer,Public Policy,Policy,Bachelor,8,67.0,19.8,70.1,59.4,1,58.2,Developing,,,,,,,47.0,,,,,,,,,,,,,,,,,,,,,,50.3,,,,,49.8,,,,,,51.1,,47.4,,,,
REC04754,AI Engineer,Cybersecurity,Policy,Master,4,35.9,8.3,50.1,89.6,2,55.6,Developing,,,,,,,,,,,,,50.7,,,,,,,,,,,,,,,,,60.5,,47.8,,,,,,,55.3,,,,,66.5,,
REC04755,Biotechnology Faculty,Education,MoSPI,Master,12,82.3,22.8,81.8,75.9,3,71.4,Intermediate,,,,,70.1,,,,78.0,,,,,,,,,,,,,68.9,,,54.1,,,,,,59.7,,,,,,,,,,,,,,,
REC04756,Policy Analyst,Public Health,Policy,Master,6,85.3,49.5,69.3,60.7,1,60.2,Developing,,,,,,,,,52.5,,,,,,,,,,,,,,,,,,,,,,,,,57.0,,,,,,55.4,54.3,,,,,49.3
REC04757,Data Scientist,Finance,IT,Bachelor,1,74.8,83.4,67.0,75.2,4,62.9,Developing,,,,,,,,,58.2,,58.7,,,,,,,,,,,,,,,,,,,42.2,,,,,,,,,53.3,,,,,,,67.0
REC04758,Database Administrator,Cybersecurity,Administration,Master,0,108.8,59.4,63.3,81.9,2,64.9,Developing,,,,,,,,,,66.0,,66.5,,,,,,,,,,,,,,,,,,,,,,,,55.8,,,69.9,,,,62.4,,,
REC04759,Statistical Officer,Finance,Research,Master,6,22.5,53.6,86.7,75.4,4,70.8,Intermediate,,,,,,,,,67.5,,62.0,,,,,,,,,,,,,,,,,,,,,,,,63.2,,,,,,,,,,69.3,65.8
REC04760,HR Officer,Economics,Statistics Division,Bachelor,7,78.6,66.0,65.5,56.4,3,57.2,Developing,,,,,,,53.9,,45.8,,,,,,,,,,,,,,62.2,,,42.9,,,,,,,,,,,,,,50.5,,,,,,
REC04761,Project Manager,Agriculture,DIID,Master,1,12.4,21.0,62.0,97.1,1,61.4,Developing,,,,,,,60.6,,46.6,,,,,,,,,,,,,,,,,,53.2,,,,,,,,,51.8,57.0,,,,,,,,,
REC04762,Data Scientist,Environment,Data & Analytics,PhD,16,103.3,56.2,92.5,70.6,3,78.2,Intermediate,,,,,,,,,75.4,,71.5,,,,,,,,,,,,,,,,,,,74.6,,,,,,,,,69.8,,,,,,,74.1
REC04763,Software Engineer,Data Science,Research,Bachelor,0,45.4,41.0,84.1,69.6,5,68.1,Intermediate,,,,,,,,,,,,,,,,,,,,,,,,72.4,,,,,,,,,,,,62.2,,,70.7,,,,53.6,70.0,,
REC04764,Legal Officer,Education,Data & Analytics,PhD,5,67.2,66.8,72.5,67.9,4,64.2,Developing,,,,,,,64.8,,,,,,,,,,,,,,,,,,,,,,67.0,,,,,56.3,,,,,,62.8,,61.4,,,,
REC04765,Education Officer,Biotechnology,Policy,PhD,5,19.5,30.6,54.3,51.0,3,46.2,Beginner,,,,33.2,,,50.4,,46.4,,,,,,,49.7,,,,,,,,,,,,46.3,,,,,,,,,,,,,,,,,,
REC04766,Policy Analyst,Data Science,DIID,Bachelor,8,84.9,55.6,65.6,89.2,4,68.2,Intermediate,,,,,,,,,68.0,,,,,,,,,,,,,,,,,,,,,,,,,66.1,,,,,,66.4,79.2,,,,,61.1
REC04767,Finance Officer,Agriculture,Statistics Division,Bachelor,14,96.2,43.9,76.8,78.4,4,71.6,Intermediate,79.6,,,,,,,,,,62.4,,,,,,,,60.0,73.1,,,,,,,,,,,,,,,,,,,,,,,,,,70.2
REC04768,Legal Officer,Environment,MoSPI,Master,4,61.7,60.8,93.3,54.6,3,70.1,Intermediate,,,,,,,52.3,,,,,,,,,,,,,,,,,,,,,,65.4,,,,,63.8,,,,,,68.2,,74.7,,,,
REC04769,Software Engineer,Cybersecurity,Training,Master,2,42.8,70.6,64.0,88.4,2,64.2,Developing,,,,,,,,,,,,,,,,,,,,,,,,60.5,,,,,,,,,,,,65.9,,,54.1,,,,65.8,66.5,,
REC04770,Policy Analyst,Artificial Intelligence,Training,Master,7,78.2,54.4,81.2,97.5,3,77.2,Intermediate,,,,,,,,,68.5,,,,,,,,,,,,,,,,,,,,,,,,,71.3,,,,,,66.9,75.1,,,,,70.1
REC04771,Software Engineer,Data Science,Statistics Division,Bachelor,9,70.2,50.7,78.9,82.7,2,72.0,Intermediate,,,,,,,,,,,,,,,,,,,,,,,,69.6,,,,,,,,,,,,78.2,,,72.7,,,,55.6,67.9,,
REC04772,Education Officer,Economics,Data & Analytics,PhD,8,76.1,33.7,70.8,78.3,2,64.9,Developing,,,,57.5,,,57.8,,38.5,,,,,,,57.2,,,,,,,,,,,,64.4,,,,,,,,,,,,,,,,,,
REC04773,Public Health Officer,Artificial Intelligence,Training,Master,9,69.3,55.4,81.4,79.2,2,72.2,Intermediate,,,,,,63.2,,,67.1,,,,,,,,,73.9,,,,,,,,,,,,,,,,,,,,66.2,,70.4,,,,,,
REC04774,Economist,Cybersecurity,Policy,Master,0,43.7,28.7,73.7,66.9,3,60.9,Developing,,,,,,,,,61.7,,,,,55.2,55.2,,,,,,,,,,,,,,,,,,,,,,,,,54.4,,,,,,50.4
REC04775,Project Manager,Agriculture,IT,Master,15,54.3,51.2,82.5,53.8,3,64.7,Developing,,,,,,,48.6,,55.9,,,,,,,,,,,,,,,,,,65.4,,,,,,,,,69.3,49.5,,,,,,,,,
REC04776,Database Administrator,Computer Science,Data & Analytics,Master,7,19.6,10.3,81.6,47.2,5,58.4,Developing,,,,,,,,,,53.9,,51.5,,,,,,,,,,,,,,,,,,,,,,,,52.1,,,51.9,,,,56.0,,,
REC04777,Administrative Officer,Cybersecurity,Policy,Master,11,57.1,46.0,77.1,87.2,2,72.4,Intermediate,,73.6,,,,,60.0,,79.1,,,,,,,,,,,,,,,,,,,,,,,,,,,,78.7,,,70.6,,,,,,
REC04778,Environmental Officer,Data Science,Research,PhD,4,32.4,15.3,77.9,58.7,1,60.1,Developing,,,,,,,,,61.6,,,,,,,,52.2,,,,51.1,,,,,,,,,,,,,,,,,,,57.4,,,,,,47.7
REC04779,Economist,Statistics,DIID,Bachelor,8,56.0,13.2,86.7,44.7,1,62.5,Developing,,,,,,,,,71.4,,,,,56.1,59.3,,,,,,,,,,,,,,,,,,,,,,,,,51.8,,,,,,46.7
REC04780,Public Health Officer,Cybersecurity,IT,Master,8,61.9,48.7,83.6,69.9,1,70.6,Intermediate,,,,,,68.5,,,82.8,,,,,,,,,65.3,,,,,,,,,,,,,,,,,,,,71.3,,66.1,,,,,,
REC04781,Agriculture Officer,Statistics,MoSPI,Master,13,102.2,32.1,75.5,70.3,3,68.0,Intermediate,,,51.7,,,,,,71.1,,,,,,,,,,,,63.6,,,,,,,,,,,,,,,,,,,69.8,,,,,,64.1
REC04782,Statistical Officer,Education,Research,Bachelor,14,74.0,41.8,54.5,93.8,7,63.2,Developing,,,,,,,,,58.3,,69.5,,,,,,,,,,,,,,,,,,,,,,,,49.6,,,,,,,,,,54.1,74.0
REC04783,Finance Officer,Finance,Training,Bachelor,1,37.3,47.6,58.6,92.5,1,62.1,Developing,61.6,,,,,,,,,,70.3,,,,,,,,71.4,74.4,,,,,,,,,,,,,,,,,,,,,,,,,,45.0
REC04784,HR Officer,Agriculture,Statistics Division,Master,1,52.6,52.0,67.1,64.0,1,58.9,Developing,,,,,,,66.1,,70.0,,,,,,,,,,,,,,53.9,,,56.0,,,,,,,,,,,,,,52.1,,,,,,
REC04785,HR Officer,Cybersecurity,Data & Analytics,Bachelor,12,26.6,40.5,82.9,67.8,7,67.2,Intermediate,,,,,,,54.6,,71.3,,,,,,,,,,,,,,58.6,,,68.3,,,,,,,,,,,,,,59.4,,,,,,
REC04786,Legal Officer,Education,Data & Analytics,Bachelor,8,46.6,41.0,81.2,56.6,5,63.5,Developing,,,,,,,56.1,,,,,,,,,,,,,,,,,,,,,,57.7,,,,,59.0,,,,,,59.7,,57.9,,,,
REC04787,Economist,Biotechnology,MoSPI,Master,5,16.4,16.1,84.6,88.9,3,72.9,Intermediate,,,,,,,,,69.7,,,,,69.6,75.9,,,,,,,,,,,,,,,,,,,,,,,,,72.2,,,,,,75.3
REC04788,Administrative Officer,Public Health,Training,Bachelor,9,64.4,55.0,70.0,54.9,2,58.9,Developing,,47.5,,,,,58.4,,52.3,,,,,,,,,,,,,,,,,,,,,,,,,,,,63.8,,,55.8,,,,,,
REC04789,Data Scientist,Statistics,DIID,Master,6,72.0,49.6,62.1,92.4,3,65.3,Intermediate,,,,,,,,,45.8,,64.1,,,,,,,,,,,,,,,,,,,69.0,,,,,,,,,66.7,,,,,,,56.3
REC04790,Data Analyst,Computer Science,MoSPI,Master,13,78.3,72.6,94.9,95.3,1,86.4,Advanced,,,,,,,,,88.6,,83.3,,,,,,,,,,,,,,,,,,,,,,,,,,,,,,,,83.4,,90.4,88.4
REC04791,Public Health Officer,Cybersecurity,MoSPI,Bachelor,13,32.4,47.7,100.0,59.8,2,74.8,Intermediate,,,,,,76.6,,,86.4,,,,,,,,,63.6,,,,,,,,,,,,,,,,,,,,70.6,,58.1,,,,,,
REC04792,Environmental Officer,Statistics,Administration,Master,7,105.5,53.8,76.2,88.7,5,74.3,Intermediate,,,,,,,,,69.4,,,,,,,,86.5,,,,74.6,,,,,,,,,,,,,,,,,,,60.3,,,,,,73.3
REC04793,Policy Analyst,Education,DIID,Master,6,65.6,86.2,77.6,68.6,1,67.9,Intermediate,,,,,,,,,64.1,,,,,,,,,,,,,,,,,,,,,,,,,63.0,,,,,,65.1,72.3,,,,,70.7
REC04794,Agriculture Officer,Public Policy,Statistics Division,Master,12,85.5,70.6,71.7,89.0,3,71.8,Intermediate,,,76.3,,,,,,64.2,,,,,,,,,,,,72.8,,,,,,,,,,,,,,,,,,,68.6,,,,,,61.8
REC04795,Environmental Officer,Finance,Statistics Division,Master,8,67.7,48.4,65.5,84.6,3,65.8,Intermediate,,,,,,,,,46.8,,,,,,,,71.6,,,,72.1,,,,,,,,,,,,,,,,,,,67.4,,,,,,75.0
REC04796,Finance Officer,Environment,Research,Master,5,46.4,35.9,66.9,56.3,5,54.7,Developing,53.0,,,,,,,,,,34.7,,,,,,,,48.4,49.3,,,,,,,,,,,,,,,,,,,,,,,,,,47.8
REC04797,Policy Analyst,Education,Research,Master,1,5.0,37.4,68.4,67.5,3,56.8,Developing,,,,,,,,,56.8,,,,,,,,,,,,,,,,,,,,,,,,,44.0,,,,,,64.5,44.2,,,,,55.0
REC04798,Public Health Officer,Biotechnology,DIID,Bachelor,10,43.1,18.8,85.1,72.5,3,69.7,Intermediate,,,,,,64.9,,,67.3,,,,,,,,,68.0,,,,,,,,,,,,,,,,,,,,64.9,,58.8,,,,,,
REC04799,Policy Analyst,Public Policy,IT,Master,7,115.2,67.6,63.5,85.5,5,67.8,Intermediate,,,,,,,,,75.4,,,,,,,,,,,,,,,,,,,,,,,,,65.3,,,,,,66.4,72.0,,,,,61.6
REC04800,Administrative Officer,Public Policy,Data & Analytics,Master,4,17.6,23.8,65.8,56.1,3,52.4,Developing,,53.2,,,,,46.0,,44.9,,,,,,,,,,,,,,,,,,,,,,,,,,,,43.6,,,44.0,,,,,,
REC04801,Environmental Officer,Economics,Research,Bachelor,8,79.4,45.5,90.6,67.1,1,73.7,Intermediate,,,,,,,,,90.1,,,,,,,,65.2,,,,67.6,,,,,,,,,,,,,,,,,,,62.4,,,,,,65.2
REC04802,AI Engineer,Cybersecurity,MoSPI,Bachelor,7,78.0,46.7,61.6,80.1,3,62.2,Developing,,,,,,,,,,,,,67.2,,,,,,,,,,,,,,,,,63.8,,50.6,,,,,,,54.2,,,,,62.8,,
REC04803,Software Engineer,Data Science,Statistics Division,Master,0,30.4,29.8,55.7,59.4,4,48.3,Beginner,,,,,,,,,,,,,,,,,,,,,,,,41.7,,,,,,,,,,,,37.2,,,50.2,,,,48.8,31.6,,
REC04804,Economist,Economics,Research,Master,16,102.5,34.9,69.8,80.1,4,70.2,Intermediate,,,,,,,,,78.1,,,,,79.6,69.7,,,,,,,,,,,,,,,,,,,,,,,,,62.1,,,,,,91.4
REC04805,Economist,Education,DIID,Master,15,70.3,29.9,99.5,72.9,3,80.0,Intermediate,,,,,,,,,86.3,,,,,74.5,71.7,,,,,,,,,,,,,,,,,,,,,,,,,74.3,,,,,,69.8
REC04806,Research Officer,Agriculture,Training,Bachelor,5,49.3,45.3,54.6,67.6,2,53.8,Developing,,,,,,,,,57.7,,59.7,,,,,,,,,,,,,,,,,,,,,,,,,,,,,61.8,47.5,,,,,53.1
REC04807,Environmental Officer,Statistics,Statistics Division,Bachelor,6,67.1,14.7,62.3,86.4,1,62.1,Developing,,,,,,,,,54.6,,,,,,,,47.1,,,,63.9,,,,,,,,,,,,,,,,,,,51.2,,,,,,61.9
REC04808,AI Engineer,Cybersecurity,DIID,PhD,2,70.4,34.2,63.1,79.8,1,61.1,Developing,,,,,,,,,,,,,45.9,,,,,,,,,,,,,,,,,64.3,,51.7,,,,,,,58.5,,,,,63.5,,
REC04809,Project Manager,Statistics,IT,Bachelor,4,45.9,36.1,74.7,70.8,1,63.8,Developing,,,,,,,56.9,,62.5,,,,,,,,,,,,,,,,,,62.6,,,,,,,,,56.8,62.9,,,,,,,,,
REC04810,Public Health Officer,Public Health,DIID,PhD,11,51.3,33.9,76.9,51.1,2,61.1,Developing,,,,,,55.7,,,67.2,,,,,,,,,53.6,,,,,,,,,,,,,,,,,,,,73.4,,60.5,,,,,,
REC04811,Data Scientist,Public Health,MoSPI,Master,2,43.3,45.8,85.9,58.3,3,66.0,Intermediate,,,,,,,,,67.5,,62.3,,,,,,,,,,,,,,,,,,,59.6,,,,,,,,,55.1,,,,,,,72.1
REC04812,Database Administrator,Cybersecurity,Administration,Master,6,34.1,35.8,70.8,67.4,4,60.6,Developing,,,,,,,,,,56.1,,73.1,,,,,,,,,,,,,,,,,,,,,,,,62.8,,,53.9,,,,45.0,,,
REC04813,Software Engineer,Cybersecurity,Research,PhD,8,59.8,32.5,87.8,63.8,7,70.0,Intermediate,,,,,,,,,,,,,,,,,,,,,,,,62.9,,,,,,,,,,,,65.2,,,71.7,,,,69.6,66.0,,
REC04814,Cybersecurity Analyst,Public Policy,MoSPI,Bachelor,4,65.1,54.8,71.6,52.5,2,59.1,Developing,,,,,,,,56.7,55.4,,,,,,,,,,,,,,,,,,,,,,,,69.0,,,,,,61.3,,,57.2,,,,
REC04815,Administrative Officer,Biotechnology,IT,Bachelor,4,88.5,38.5,73.4,83.2,3,69.4,Intermediate,,73.8,,,,,50.1,,75.7,,,,,,,,,,,,,,,,,,,,,,,,,,,,68.2,,,73.0,,,,,,
REC04816,Database Administrator,Data Science,Data & Analytics,Bachelor,16,109.1,69.1,93.5,97.0,4,87.1,Advanced,,,,,,,,,,77.7,,81.3,,,,,,,,,,,,,,,,,,,,,,,,91.5,,,87.2,,,,72.1,,,
REC04817,Administrative Officer,Environment,Research,Bachelor,0,22.2,37.2,69.3,79.8,3,61.7,Developing,,55.2,,,,,74.9,,59.2,,,,,,,,,,,,,,,,,,,,,,,,,,,,54.6,,,44.7,,,,,,
REC04818,Project Manager,Public Policy,Data & Analytics,Master,3,72.2,63.0,60.4,54.9,1,53.4,Developing,,,,,,,52.7,,59.5,,,,,,,,,,,,,,,,,,31.1,,,,,,,,,51.0,51.6,,,,,,,,,
REC04819,Agriculture Officer,Economics,DIID,Master,11,42.0,60.9,80.8,73.9,2,69.7,Intermediate,,,70.5,,,,,,60.7,,,,,,,,,,,,74.1,,,,,,,,,,,,,,,,,,,67.1,,,,,,65.0
REC04820,Economist,Agriculture,MoSPI,Master,14,109.1,70.2,71.3,83.0,3,70.7,Intermediate,,,,,,,,,60.1,,,,,71.1,68.4,,,,,,,,,,,,,,,,,,,,,,,,,66.8,,,,,,53.8
REC04821,HR Officer,Statistics,Administration,Bachelor,8,61.5,25.6,69.4,79.1,1,64.0,Developing,,,,,,,58.0,,62.3,,,,,,,,,,,,,,52.9,,,54.6,,,,,,,,,,,,,,59.9,,,,,,
REC04822,Statistical Officer,Finance,Research,Master,8,41.3,15.6,44.9,65.1,2,46.5,Beginner,,,,,,,,,39.4,,47.4,,,,,,,,,,,,,,,,,,,,,,,,38.3,,,,,,,,,,58.5,44.0
REC04823,Software Engineer,Data Science,MoSPI,PhD,8,75.5,54.1,76.1,63.5,7,64.8,Developing,,,,,,,,,,,,,,,,,,,,,,,,61.4,,,,,,,,,,,,57.7,,,59.6,,,,68.9,53.3,,
REC04824,Project Manager,Environment,Research,Bachelor,12,66.2,56.4,79.8,81.1,3,73.1,Intermediate,,,,,,,85.6,,64.3,,,,,,,,,,,,,,,,,,65.3,,,,,,,,,81.6,73.4,,,,,,,,,
REC04825,Environmental Officer,Finance,Training,Master,12,26.1,50.1,78.1,67.0,1,65.2,Intermediate,,,,,,,,,67.0,,,,,,,,58.3,,,,63.6,,,,,,,,,,,,,,,,,,,66.5,,,,,,60.8
REC04826,Database Administrator,Computer Science,MoSPI,Master,4,33.9,43.1,64.2,88.6,4,62.8,Developing,,,,,,,,,,52.5,,58.1,,,,,,,,,,,,,,,,,,,,,,,,60.5,,,63.5,,,,56.8,,,
REC04827,Agriculture Officer,Economics,MoSPI,Master,7,94.7,58.4,83.5,54.0,1,67.3,Intermediate,,,55.0,,,,,,69.9,,,,,,,,,,,,64.4,,,,,,,,,,,,,,,,,,,66.2,,,,,,67.4
REC04828,Project Manager,Administration,IT,Master,2,49.0,53.8,75.0,76.5,3,66.1,Intermediate,,,,,,,72.1,,57.3,,,,,,,,,,,,,,,,,,66.5,,,,,,,,,55.7,62.9,,,,,,,,,
REC04829,Environmental Officer,Biotechnology,DIID,Bachelor,7,39.8,43.1,65.7,72.0,1,60.2,Developing,,,,,,,,,47.7,,,,,,,,70.1,,,,59.3,,,,,,,,,,,,,,,,,,,62.5,,,,,,58.8
REC04830,Project Manager,Cybersecurity,IT,Bachelor,16,62.8,47.2,86.1,60.5,2,70.3,Intermediate,,,,,,,84.6,,73.0,,,,,,,,,,,,,,,,,,64.5,,,,,,,,,57.4,71.0,,,,,,,,,
REC04831,Software Engineer,Data Science,IT,Master,7,27.6,12.9,78.0,63.0,4,61.7,Developing,,,,,,,,,,,,,,,,,,,,,,,,60.8,,,,,,,,,,,,58.9,,,44.4,,,,69.6,49.6,,
REC04832,Legal Officer,Public Policy,MoSPI,PhD,9,40.9,34.7,76.1,50.7,3,58.7,Developing,,,,,,,57.7,,,,,,,,,,,,,,,,,,,,,,54.0,,,,,52.4,,,,,,52.2,,50.2,,,,
REC04833,Research Officer,Environment,Training,Bachelor,3,38.8,48.1,81.9,75.2,6,68.7,Intermediate,,,,,,,,,67.4,,57.3,,,,,,,,,,,,,,,,,,,,,,,,,,,,,61.5,69.7,,,,,68.7
REC04834,Research Officer,Education,Data & Analytics,Master,5,49.3,53.2,64.2,64.5,3,56.6,Developing,,,,,,,,,48.9,,42.1,,,,,,,,,,,,,,,,,,,,,,,,,,,,,57.0,53.4,,,,,48.5
REC04835,Biotechnology Faculty,Cybersecurity,Data & Analytics,PhD,0,37.4,11.1,80.0,48.9,4,57.1,Developing,,,,,46.7,,,,38.9,,,,,,,,,,,,,47.4,,,52.3,,,,,,47.8,,,,,,,,,,,,,,,
REC04836,HR Officer,Public Health,Research,Bachelor,6,78.6,54.6,94.6,50.6,3,71.1,Intermediate,,,,,,,74.2,,64.7,,,,,,,,,,,,,,63.7,,,68.3,,,,,,,,,,,,,,71.6,,,,,,
REC04837,HR Officer,Administration,Training,Bachelor,8,87.0,38.8,73.0,72.4,1,66.3,Intermediate,,,,,,,78.1,,59.5,,,,,,,,,,,,,,63.1,,,56.6,,,,,,,,,,,,,,61.8,,,,,,
REC04838,Legal Officer,Administration,Research,Master,13,108.3,56.8,96.2,88.5,6,85.2,Advanced,,,,,,,78.3,,,,,,,,,,,,,,,,,,,,,,84.0,,,,,70.8,,,,,,76.0,,91.9,,,,
REC04839,Research Officer,Agriculture,Statistics Division,Master,16,20.7,25.0,70.3,79.5,5,65.1,Intermediate,,,,,,,,,75.6,,61.1,,,,,,,,,,,,,,,,,,,,,,,,,,,,,65.7,66.9,,,,,67.7
REC04840,Data Scientist,Environment,MoSPI,Master,7,57.6,28.9,81.2,69.5,7,68.1,Intermediate,,,,,,,,,67.8,,54.7,,,,,,,,,,,,,,,,,,,66.5,,,,,,,,,74.6,,,,,,,71.4
REC04841,Biotechnology Faculty,Education,Training,Master,4,44.7,64.1,100.0,74.0,2,79.1,Intermediate,,,,,76.4,,,,74.6,,,,,,,,,,,,,79.6,,,84.8,,,,,,70.3,,,,,,,,,,,,,,,
REC04842,Data Analyst,Public Health,IT,PhD,0,48.3,47.1,78.6,90.3,2,71.4,Intermediate,,,,,,,,,80.0,,68.9,,,,,,,,,,,,,,,,,,,,,,,,,,,,,,,,59.3,,68.2,62.0
REC04843,Data Scientist,Education,DIID,Bachelor,8,77.3,41.5,73.6,47.4,1,59.3,Developing,,,,,,,,,47.5,,46.8,,,,,,,,,,,,,,,,,,,70.9,,,,,,,,,72.2,,,,,,,58.6
REC04844,Agriculture Officer,Artificial Intelligence,Administration,Master,4,46.2,61.4,54.6,76.6,2,56.0,Developing,,,46.3,,,,,,64.8,,,,,,,,,,,,52.0,,,,,,,,,,,,,,,,,,,57.9,,,,,,53.5
REC04845,AI Engineer,Data Science,IT,Master,3,72.9,47.7,74.9,77.3,3,67.5,Intermediate,,,,,,,,,,,,,67.3,,,,,,,,,,,,,,,,,79.3,,65.0,,,,,,,56.0,,,,,55.6,,
REC04846,Economist,Artificial Intelligence,Policy,Master,10,22.9,29.8,93.9,79.9,2,75.0,Intermediate,,,,,,,,,64.0,,,,,59.5,68.9,,,,,,,,,,,,,,,,,,,,,,,,,64.7,,,,,,68.6
REC04847,Project Manager,Artificial Intelligence,Data & Analytics,Master,6,45.8,42.2,86.8,57.0,5,67.0,Intermediate,,,,,,,62.7,,62.7,,,,,,,,,,,,,,,,,,64.7,,,,,,,,,56.0,83.0,,,,,,,,,
REC04848,Statistical Officer,Agriculture,Research,Bachelor,2,34.2,61.5,61.0,88.4,3,61.0,Developing,,,,,,,,,59.5,,50.8,,,,,,,,,,,,,,,,,,,,,,,,56.0,,,,,,,,,,56.5,51.1
REC04849,Project Manager,Public Health,IT,PhD,8,91.5,69.9,56.3,92.0,4,64.4,Developing,,,,,,,67.3,,52.9,,,,,,,,,,,,,,,,,,64.8,,,,,,,,,64.5,61.1,,,,,,,,,
REC04850,Finance Officer,Agriculture,Data & Analytics,Bachelor,2,40.7,46.9,62.2,97.2,3,64.2,Developing,59.5,,,,,,,,,,57.1,,,,,,,,68.1,53.6,,,,,,,,,,,,,,,,,,,,,,,,,,51.2
REC04851,Software Engineer,Data Science,Training,Master,2,18.1,38.3,63.9,63.2,3,53.8,Developing,,,,,,,,,,,,,,,,,,,,,,,,52.7,,,,,,,,,,,,46.4,,,40.4,,,,58.3,44.1,,
REC04852,Biotechnology Faculty,Biotechnology,IT,Bachelor,2,74.8,31.9,73.0,62.7,2,60.7,Developing,,,,,63.8,,,,50.5,,,,,,,,,,,,,51.0,,,50.1,,,,,,44.6,,,,,,,,,,,,,,,
REC04853,Legal Officer,Public Health,Research,PhD,3,36.4,32.2,71.6,80.1,2,63.9,Developing,,,,,,,59.6,,,,,,,,,,,,,,,,,,,,,,56.1,,,,,59.6,,,,,,65.9,,54.1,,,,
REC04854,Cybersecurity Analyst,Biotechnology,Data & Analytics,Bachelor,8,59.7,23.8,85.6,72.4,4,71.2,Intermediate,,,,,,,,71.1,75.1,,,,,,,,,,,,,,,,,,,,,,,,61.1,,,,,,75.5,,,64.1,,,,
REC04855,HR Officer,Agriculture,DIID,Master,9,122.2,54.4,66.6,100.0,6,74.3,Intermediate,,,,,,,80.6,,73.2,,,,,,,,,,,,,,69.9,,,70.3,,,,,,,,,,,,,,89.8,,,,,,
REC04856,Finance Officer,Environment,DIID,Master,2,31.6,35.0,64.0,74.5,1,57.6,Developing,52.6,,,,,,,,,,56.2,,,,,,,,42.4,59.6,,,,,,,,,,,,,,,,,,,,,,,,,,45.6
REC04857,Biotechnology Faculty,Cybersecurity,Research,PhD,7,76.5,73.4,75.7,53.9,2,62.7,Developing,,,,,62.0,,,,51.7,,,,,,,,,,,,,70.3,,,68.9,,,,,,51.2,,,,,,,,,,,,,,,
REC04858,Administrative Officer,Public Health,Data & Analytics,Bachelor,0,5.0,17.8,71.1,67.1,1,58.1,Developing,,61.0,,,,,64.6,,52.6,,,,,,,,,,,,,,,,,,,,,,,,,,,,55.8,,,54.7,,,,,,
REC04859,Data Scientist,Economics,Administration,PhD,0,14.6,20.5,63.0,64.1,2,52.8,Developing,,,,,,,,,50.6,,38.7,,,,,,,,,,,,,,,,,,,60.5,,,,,,,,,41.1,,,,,,,50.3
REC04860,Finance Officer,Public Policy,IT,PhD,14,50.3,33.4,64.6,68.1,2,60.0,Developing,63.4,,,,,,,,,,66.6,,,,,,,,53.9,57.6,,,,,,,,,,,,,,,,,,,,,,,,,,63.9
REC04861,Agriculture Officer,Public Policy,Administration,Master,4,61.6,45.4,77.8,69.2,3,66.6,Intermediate,,,72.3,,,,,,67.1,,,,,,,,,,,,62.5,,,,,,,,,,,,,,,,,,,69.6,,,,,,60.3
REC04862,Cybersecurity Analyst,Environment,MoSPI,Master,0,66.7,70.7,76.5,60.6,4,64.1,Developing,,,,,,,,68.1,64.5,,,,,,,,,,,,,,,,,,,,,,,,63.1,,,,,,68.7,,,61.6,,,,
REC04863,Legal Officer,Environment,DIID,Master,7,73.6,66.8,75.2,92.1,8,73.9,Intermediate,,,,,,,72.3,,,,,,,,,,,,,,,,,,,,,,73.4,,,,,72.8,,,,,,85.4,,71.8,,,,
REC04864,Database Administrator,Computer Science,DIID,Bachelor,8,48.5,44.2,69.9,55.9,4,58.0,Developing,,,,,,,,,,58.3,,53.3,,,,,,,,,,,,,,,,,,,,,,,,53.2,,,58.2,,,,54.9,,,
REC04865,Policy Analyst,Public Policy,Policy,Bachelor,10,79.1,66.8,74.8,87.7,8,72.5,Intermediate,,,,,,,,,65.3,,,,,,,,,,,,,,,,,,,,,,,,,70.9,,,,,,73.4,67.9,,,,,73.7
REC04866,HR Officer,Environment,Data & Analytics,Master,10,83.4,44.2,100.0,80.9,6,83.1,Advanced,,,,,,,72.0,,78.4,,,,,,,,,,,,,,77.3,,,78.8,,,,,,,,,,,,,,87.4,,,,,,
REC04867,Cybersecurity Analyst,Economics,Policy,Master,10,59.5,25.4,68.9,92.6,5,68.9,Intermediate,,,,,,,,80.2,62.0,,,,,,,,,,,,,,,,,,,,,,,,71.8,,,,,,61.9,,,66.8,,,,
REC04868,HR Officer,Education,Training,Bachelor,3,89.7,42.4,76.6,71.9,4,67.5,Intermediate,,,,,,,67.7,,70.6,,,,,,,,,,,,,,68.0,,,61.4,,,,,,,,,,,,,,53.1,,,,,,
REC04869,Database Administrator,Data Science,Policy,Master,7,43.3,58.1,73.8,60.1,2,61.6,Developing,,,,,,,,,,58.5,,57.7,,,,,,,,,,,,,,,,,,,,,,,,56.7,,,65.4,,,,65.9,,,
REC04870,Database Administrator,Cybersecurity,Policy,Bachelor,1,9.4,48.1,94.9,70.5,2,72.2,Intermediate,,,,,,,,,,58.3,,64.4,,,,,,,,,,,,,,,,,,,,,,,,66.3,,,73.5,,,,75.5,,,
REC04871,Project Manager,Computer Science,Administration,Bachelor,0,44.4,39.0,74.2,74.6,1,64.4,Developing,,,,,,,57.7,,66.3,,,,,,,,,,,,,,,,,,62.4,,,,,,,,,62.8,63.8,,,,,,,,,
REC04872,Public Health Officer,Statistics,Research,Master,9,89.0,51.0,92.0,100.0,1,84.3,Advanced,,,,,,68.5,,,78.9,,,,,,,,,73.6,,,,,,,,,,,,,,,,,,,,85.1,,78.6,,,,,,
REC04873,Administrative Officer,Biotechnology,DIID,Master,16,120.2,56.7,91.3,95.5,4,86.7,Advanced,,100.0,,,,,78.6,,83.4,,,,,,,,,,,,,,,,,,,,,,,,,,,,83.9,,,90.4,,,,,,
REC04874,Education Officer,Economics,IT,Bachelor,2,86.9,74.1,82.8,83.6,5,75.1,Intermediate,,,,74.9,,,64.5,,84.0,,,,,,,71.0,,,,,,,,,,,,70.3,,,,,,,,,,,,,,,,,,
REC04875,AI Engineer,Cybersecurity,Training,Bachelor,1,7.5,50.3,77.4,58.4,3,59.4,Developing,,,,,,,,,,,,,63.0,,,,,,,,,,,,,,,,,58.7,,49.6,,,,,,,53.2,,,,,51.9,,
REC04876,Project Manager,Artificial Intelligence,Policy,Bachelor,2,30.3,38.1,75.0,52.8,4,57.5,Developing,,,,,,,64.4,,48.4,,,,,,,,,,,,,,,,,,49.8,,,,,,,,,53.0,50.2,,,,,,,,,
REC04877,Data Analyst,Biotechnology,IT,Bachelor,1,27.0,27.2,51.0,61.7,3,47.1,Beginner,,,,,,,,,47.1,,45.0,,,,,,,,,,,,,,,,,,,,,,,,,,,,,,,,46.0,,40.8,44.9
REC04878,Project Manager,Administration,Research,Master,0,62.2,55.0,60.4,61.4,1,54.7,Developing,,,,,,,42.4,,64.4,,,,,,,,,,,,,,,,,,63.7,,,,,,,,,44.9,51.8,,,,,,,,,
REC04879,Project Manager,Computer Science,IT,PhD,8,68.5,27.6,75.4,72.5,4,66.6,Intermediate,,,,,,,63.0,,75.0,,,,,,,,,,,,,,,,,,61.5,,,,,,,,,65.4,64.3,,,,,,,,,
REC04880,Agriculture Officer,Data Science,Administration,PhD,5,93.6,63.2,94.3,85.3,1,82.1,Advanced,,,73.9,,,,,,72.0,,,,,,,,,,,,93.7,,,,,,,,,,,,,,,,,,,87.4,,,,,,74.0
REC04881,Education Officer,Statistics,Research,Master,0,46.6,30.5,74.9,51.7,2,57.9,Developing,,,,58.4,,,50.1,,67.2,,,,,,,58.4,,,,,,,,,,,,46.9,,,,,,,,,,,,,,,,,,
REC04882,Environmental Officer,Agriculture,MoSPI,Bachelor,0,45.9,39.3,87.8,64.7,2,68.8,Intermediate,,,,,,,,,66.7,,,,,,,,74.7,,,,70.1,,,,,,,,,,,,,,,,,,,60.8,,,,,,65.5
REC04883,Research Officer,Public Health,Administration,Master,4,36.9,24.8,63.9,82.1,3,60.0,Developing,,,,,,,,,50.9,,47.6,,,,,,,,,,,,,,,,,,,,,,,,,,,,,53.7,53.8,,,,,59.7
REC04884,Education Officer,Biotechnology,DIID,Master,10,70.7,36.8,71.3,65.2,2,63.3,Developing,,,,72.7,,,58.3,,70.4,,,,,,,73.0,,,,,,,,,,,,49.8,,,,,,,,,,,,,,,,,,
REC04885,Legal Officer,Agriculture,Statistics Division,Master,5,64.5,65.6,83.3,51.3,5,64.8,Developing,,,,,,,79.8,,,,,,,,,,,,,,,,,,,,,,55.6,,,,,51.9,,,,,,65.1,,61.7,,,,
REC04886,Agriculture Officer,Education,Policy,PhD,5,44.2,14.3,74.4,67.1,5,60.6,Developing,,,41.4,,,,,,58.0,,,,,,,,,,,,55.7,,,,,,,,,,,,,,,,,,,44.2,,,,,,49.0
REC04887,Software Engineer,Artificial Intelligence,Administration,PhD,10,103.8,56.4,68.4,77.1,4,66.9,Intermediate,,,,,,,,,,,,,,,,,,,,,,,,72.3,,,,,,,,,,,,47.1,,,56.9,,,,72.0,72.9,,
REC04888,Agriculture Officer,Education,Research,Bachelor,0,32.8,61.9,60.0,61.2,5,52.8,Developing,,,48.9,,,,,,49.3,,,,,,,,,,,,47.0,,,,,,,,,,,,,,,,,,,56.7,,,,,,48.7
REC04889,Administrative Officer,Economics,IT,Master,20,122.2,64.4,93.8,73.9,3,81.6,Advanced,,70.6,,,,,87.7,,87.9,,,,,,,,,,,,,,,,,,,,,,,,,,,,66.5,,,70.8,,,,,,
REC04890,Administrative Officer,Agriculture,Research,Bachelor,7,55.6,28.5,76.6,63.4,3,64.0,Developing,,69.7,,,,,70.8,,66.8,,,,,,,,,,,,,,,,,,,,,,,,,,,,51.2,,,63.3,,,,,,
REC04891,Data Analyst,Administration,Data & Analytics,PhD,9,78.5,66.8,71.1,87.3,3,70.8,Intermediate,,,,,,,,,66.3,,82.0,,,,,,,,,,,,,,,,,,,,,,,,,,,,,,,,64.9,,80.3,63.8
REC04892,Research Officer,Public Policy,MoSPI,Master,17,71.2,64.0,88.5,65.9,5,74.3,Intermediate,,,,,,,,,69.8,,70.1,,,,,,,,,,,,,,,,,,,,,,,,,,,,,65.4,76.1,,,,,90.4
REC04893,Public Health Officer,Biotechnology,MoSPI,PhD,5,36.9,26.3,84.6,90.6,2,74.3,Intermediate,,,,,,76.9,,,72.9,,,,,,,,,82.3,,,,,,,,,,,,,,,,,,,,60.4,,63.7,,,,,,
REC04894,Policy Analyst,Public Policy,DIID,Master,12,69.2,52.3,89.1,67.1,4,72.8,Intermediate,,,,,,,,,81.3,,,,,,,,,,,,,,,,,,,,,,,,,59.9,,,,,,68.7,67.3,,,,,58.8
REC04895,Cybersecurity Analyst,Statistics,Statistics Division,Master,2,20.7,39.1,83.2,82.5,3,70.7,Intermediate,,,,,,,,71.4,66.6,,,,,,,,,,,,,,,,,,,,,,,,52.8,,,,,,78.1,,,81.0,,,,
REC04896,Biotechnology Faculty,Artificial Intelligence,Training,PhD,10,43.5,57.7,74.9,76.1,3,67.5,Intermediate,,,,,74.1,,,,75.8,,,,,,,,,,,,,70.4,,,56.4,,,,,,62.8,,,,,,,,,,,,,,,
REC04897,Project Manager,Agriculture,Policy,Bachelor,16,78.9,50.1,72.5,70.3,2,66.5,Intermediate,,,,,,,67.8,,64.4,,,,,,,,,,,,,,,,,,51.2,,,,,,,,,72.3,65.5,,,,,,,,,
REC04898,Data Scientist,Education,Administration,Bachelor,2,5.0,2.0,71.1,84.1,6,61.5,Developing,,,,,,,,,59.0,,46.0,,,,,,,,,,,,,,,,,,,43.1,,,,,,,,,58.4,,,,,,,60.1
REC04899,Database Administrator,Artificial Intelligence,Data & Analytics,Master,12,94.1,58.9,59.2,83.0,2,64.7,Developing,,,,,,,,,,61.1,,67.2,,,,,,,,,,,,,,,,,,,,,,,,80.0,,,65.3,,,,65.3,,,
REC04900,Administrative Officer,Environment,Research,Bachelor,17,105.7,43.9,62.8,49.2,1,55.9,Developing,,52.9,,,,,43.4,,58.1,,,,,,,,,,,,,,,,,,,,,,,,,,,,41.1,,,54.7,,,,,,
REC04901,Finance Officer,Data Science,Research,Master,6,45.7,29.4,86.5,84.6,4,73.7,Intermediate,77.0,,,,,,,,,,76.3,,,,,,,,67.5,59.1,,,,,,,,,,,,,,,,,,,,,,,,,,58.4
REC04902,Biotechnology Faculty,Artificial Intelligence,Research,Bachelor,0,23.2,45.8,61.5,77.4,1,56.8,Developing,,,,,51.5,,,,50.3,,,,,,,,,,,,,50.7,,,45.9,,,,,,55.9,,,,,,,,,,,,,,,
REC04903,Software Engineer,Computer Science,IT,Master,17,133.1,30.6,96.6,87.0,2,86.6,Advanced,,,,,,,,,,,,,,,,,,,,,,,,83.1,,,,,,,,,,,,85.3,,,86.0,,,,81.6,85.9,,
REC04904,Finance Officer,Environment,MoSPI,Master,0,51.8,14.7,63.2,88.5,3,61.3,Developing,53.5,,,,,,,,,,48.9,,,,,,,,55.6,41.1,,,,,,,,,,,,,,,,,,,,,,,,,,68.0
REC04905,Administrative Officer,Biotechnology,Training,Bachelor,15,51.9,54.0,76.1,67.5,8,65.4,Intermediate,,54.8,,,,,59.1,,59.4,,,,,,,,,,,,,,,,,,,,,,,,,,,,57.3,,,62.6,,,,,,
REC04906,Environmental Officer,Agriculture,Training,PhD,7,92.5,65.1,71.6,69.2,1,65.3,Intermediate,,,,,,,,,60.4,,,,,,,,63.7,,,,58.9,,,,,,,,,,,,,,,,,,,62.6,,,,,,61.7
REC04907,Project Manager,Biotechnology,Statistics Division,PhD,11,68.4,49.0,69.1,72.9,2,64.3,Developing,,,,,,,54.5,,56.9,,,,,,,,,,,,,,,,,,60.6,,,,,,,,,85.8,54.9,,,,,,,,,
REC04908,Data Scientist,Finance,MoSPI,Bachelor,7,71.2,39.1,65.1,80.4,1,63.0,Developing,,,,,,,,,66.5,,42.3,,,,,,,,,,,,,,,,,,,66.5,,,,,,,,,59.9,,,,,,,52.8
REC04909,Policy Analyst,Data Science,Policy,Bachelor,11,80.4,64.9,78.0,79.3,7,72.1,Intermediate,,,,,,,,,78.2,,,,,,,,,,,,,,,,,,,,,,,,,64.7,,,,,,63.7,75.2,,,,,75.6
REC04910,Project Manager,Public Policy,Data & Analytics,Bachelor,3,84.8,49.3,64.0,63.5,3,58.2,Developing,,,,,,,61.4,,56.8,,,,,,,,,,,,,,,,,,53.8,,,,,,,,,49.5,49.9,,,,,,,,,
REC04911,Economist,Artificial Intelligence,MoSPI,Bachelor,4,54.7,35.4,75.5,74.9,4,65.8,Intermediate,,,,,,,,,66.0,,,,,56.2,66.0,,,,,,,,,,,,,,,,,,,,,,,,,56.7,,,,,,65.5
REC04912,HR Officer,Biotechnology,Data & Analytics,PhD,0,47.3,31.0,70.3,73.8,4,60.6,Developing,,,,,,,47.5,,61.7,,,,,,,,,,,,,,44.1,,,48.5,,,,,,,,,,,,,,51.2,,,,,,
REC04913,Cybersecurity Analyst,Environment,DIID,Master,11,96.1,34.8,73.4,67.2,1,66.2,Intermediate,,,,,,,,64.5,50.6,,,,,,,,,,,,,,,,,,,,,,,,79.7,,,,,,66.8,,,70.6,,,,
REC04914,Economist,Artificial Intelligence,Statistics Division,Bachelor,12,93.0,67.0,71.6,100.0,2,74.9,Intermediate,,,,,,,,,80.0,,,,,74.5,52.1,,,,,,,,,,,,,,,,,,,,,,,,,70.3,,,,,,70.7
REC04915,Research Officer,Statistics,Training,Bachelor,6,68.4,48.1,65.3,54.1,2,56.6,Developing,,,,,,,,,62.9,,56.2,,,,,,,,,,,,,,,,,,,,,,,,,,,,,61.4,54.1,,,,,54.3
REC04916,Finance Officer,Statistics,Research,Master,9,75.0,44.9,71.4,79.0,3,66.5,Intermediate,57.4,,,,,,,,,,59.5,,,,,,,,57.9,56.6,,,,,,,,,,,,,,,,,,,,,,,,,,71.8
REC04917,Education Officer,Data Science,Research,Master,10,57.2,35.3,73.2,73.0,2,64.4,Developing,,,,61.2,,,57.3,,66.5,,,,,,,49.8,,,,,,,,,,,,53.0,,,,,,,,,,,,,,,,,,
REC04918,Finance Officer,Public Policy,Policy,Bachelor,11,100.2,26.4,78.3,60.2,5,66.3,Intermediate,62.9,,,,,,,,,,65.2,,,,,,,,58.0,66.7,,,,,,,,,,,,,,,,,,,,,,,,,,68.6
REC04919,Legal Officer,Public Health,Policy,PhD,3,31.3,19.8,51.8,100.0,5,59.0,Developing,,,,,,,64.3,,,,,,,,,,,,,,,,,,,,,,48.5,,,,,54.3,,,,,,63.3,,51.3,,,,
REC04920,Administrative Officer,Public Policy,Research,Bachelor,10,61.2,53.0,62.3,69.1,3,59.7,Developing,,65.9,,,,,58.8,,64.4,,,,,,,,,,,,,,,,,,,,,,,,,,,,53.4,,,62.2,,,,,,
REC04921,Administrative Officer,Biotechnology,Data & Analytics,Bachelor,14,60.7,44.9,70.9,59.2,4,61.0,Developing,,48.7,,,,,68.1,,47.2,,,,,,,,,,,,,,,,,,,,,,,,,,,,70.0,,,60.4,,,,,,
REC04922,Agriculture Officer,Finance,Research,Bachelor,9,91.9,63.2,70.7,72.0,3,66.1,Intermediate,,,72.3,,,,,,61.3,,,,,,,,,,,,59.1,,,,,,,,,,,,,,,,,,,62.5,,,,,,62.8
REC04923,Data Analyst,Biotechnology,MoSPI,Bachelor,5,33.6,17.0,90.0,54.5,4,65.6,Intermediate,,,,,,,,,58.3,,61.8,,,,,,,,,,,,,,,,,,,,,,,,,,,,,,,,50.0,,65.8,62.7
REC04924,Database Administrator,Computer Science,Research,Master,5,76.4,80.8,74.3,85.8,5,71.1,Intermediate,,,,,,,,,,60.5,,75.0,,,,,,,,,,,,,,,,,,,,,,,,64.8,,,70.1,,,,70.3,,,
REC04925,Data Scientist,Biotechnology,Training,Bachelor,11,47.2,43.4,87.8,100.0,1,80.1,Advanced,,,,,,,,,82.5,,72.8,,,,,,,,,,,,,,,,,,,74.3,,,,,,,,,63.4,,,,,,,76.2
REC04926,Public Health Officer,Agriculture,Policy,Master,6,33.5,28.6,83.4,86.1,6,71.7,Intermediate,,,,,,66.3,,,52.2,,,,,,,,,69.6,,,,,,,,,,,,,,,,,,,,68.3,,66.0,,,,,,
REC04927,Data Scientist,Agriculture,Administration,Master,0,60.4,14.8,84.4,73.4,2,68.8,Intermediate,,,,,,,,,64.4,,60.4,,,,,,,,,,,,,,,,,,,68.8,,,,,,,,,59.3,,,,,,,61.3
REC04928,Data Analyst,Finance,Administration,Bachelor,11,83.4,45.7,92.0,65.4,4,74.3,Intermediate,,,,,,,,,65.8,,76.9,,,,,,,,,,,,,,,,,,,,,,,,,,,,,,,,58.7,,72.3,73.8
REC04929,HR Officer,Cybersecurity,Research,Master,11,41.8,27.4,65.7,100.0,2,68.7,Intermediate,,,,,,,78.5,,59.0,,,,,,,,,,,,,,71.9,,,74.9,,,,,,,,,,,,,,59.1,,,,,,
REC04930,Agriculture Officer,Education,Research,Bachelor,12,84.8,88.3,86.0,84.2,3,79.1,Intermediate,,,88.6,,,,,,78.1,,,,,,,,,,,,71.0,,,,,,,,,,,,,,,,,,,79.9,,,,,,78.5
REC04931,Economist,Finance,IT,Master,12,97.5,49.2,92.7,76.6,2,78.8,Intermediate,,,,,,,,,80.5,,,,,68.7,71.9,,,,,,,,,,,,,,,,,,,,,,,,,75.5,,,,,,68.6
REC04932,Research Officer,Economics,Training,Bachelor,2,37.6,41.4,63.0,72.8,3,57.7,Developing,,,,,,,,,45.7,,60.4,,,,,,,,,,,,,,,,,,,,,,,,,,,,,66.7,51.8,,,,,48.5
REC04933,Economist,Environment,Training,Master,7,40.1,25.6,80.3,67.1,1,64.8,Developing,,,,,,,,,48.3,,,,,62.4,63.5,,,,,,,,,,,,,,,,,,,,,,,,,52.5,,,,,,62.1
REC04934,Policy Analyst,Biotechnology,Administration,Master,9,54.8,28.6,63.4,56.9,5,54.2,Developing,,,,,,,,,62.7,,,,,,,,,,,,,,,,,,,,,,,,,40.1,,,,,,43.0,42.8,,,,,52.5
REC04935,Education Officer,Administration,DIID,PhD,8,80.4,66.5,85.5,95.9,2,79.9,Intermediate,,,,74.3,,,76.6,,77.5,,,,,,,67.4,,,,,,,,,,,,79.1,,,,,,,,,,,,,,,,,,
REC04936,Economist,Administration,IT,Master,9,109.5,37.5,65.1,78.3,2,65.2,Intermediate,,,,,,,,,68.7,,,,,57.4,71.3,,,,,,,,,,,,,,,,,,,,,,,,,69.0,,,,,,49.5
REC04937,Policy Analyst,Administration,Policy,Master,7,39.1,70.2,69.7,87.6,7,66.6,Intermediate,,,,,,,,,54.4,,,,,,,,,,,,,,,,,,,,,,,,,63.4,,,,,,57.3,71.8,,,,,54.3
REC04938,Database Administrator,Data Science,MoSPI,Bachelor,1,62.5,35.9,91.3,75.4,1,74.1,Intermediate,,,,,,,,,,62.3,,75.7,,,,,,,,,,,,,,,,,,,,,,,,72.5,,,70.4,,,,63.4,,,
REC04939,Biotechnology Faculty,Economics,Administration,Bachelor,5,35.8,35.2,83.0,70.4,5,67.1,Intermediate,,,,,66.1,,,,62.1,,,,,,,,,,,,,57.4,,,61.5,,,,,,56.1,,,,,,,,,,,,,,,
REC04940,Research Officer,Public Policy,Training,PhD,18,71.7,64.4,82.2,87.4,3,76.7,Intermediate,,,,,,,,,78.4,,70.7,,,,,,,,,,,,,,,,,,,,,,,,,,,,,64.3,66.7,,,,,81.8
REC04941,Research Officer,Economics,Administration,PhD,7,43.8,40.1,79.3,85.3,1,71.2,Intermediate,,,,,,,,,76.7,,75.7,,,,,,,,,,,,,,,,,,,,,,,,,,,,,76.7,61.1,,,,,55.6
REC04942,HR Officer,Environment,Policy,Bachelor,4,8.3,22.8,74.6,75.8,2,63.7,Developing,,,,,,,61.8,,68.8,,,,,,,,,,,,,,74.1,,,53.1,,,,,,,,,,,,,,68.1,,,,,,
REC04943,Data Analyst,Agriculture,Research,Master,5,55.2,45.1,83.8,74.7,7,70.0,Intermediate,,,,,,,,,55.5,,61.9,,,,,,,,,,,,,,,,,,,,,,,,,,,,,,,,66.4,,65.8,65.5
REC04944,AI Engineer,Computer Science,Data & Analytics,Bachelor,8,89.8,68.7,80.2,70.2,5,70.1,Intermediate,,,,,,,,,,,,,69.6,,,,,,,,,,,,,,,,,65.0,,69.7,,,,,,,55.6,,,,,66.5,,
REC04945,Statistical Officer,Economics,Administration,Master,9,68.2,49.9,75.1,76.4,1,68.3,Intermediate,,,,,,,,,62.4,,69.9,,,,,,,,,,,,,,,,,,,,,,,,65.3,,,,,,,,,,67.5,68.6
REC04946,HR Officer,Statistics,Research,Master,7,27.3,39.1,93.1,92.8,5,79.0,Intermediate,,,,,,,66.6,,80.2,,,,,,,,,,,,,,86.8,,,68.8,,,,,,,,,,,,,,60.6,,,,,,
REC04947,Public Health Officer,Data Science,Data & Analytics,PhD,7,74.2,27.9,72.2,99.8,1,72.6,Intermediate,,,,,,63.2,,,70.5,,,,,,,,,65.9,,,,,,,,,,,,,,,,,,,,76.6,,68.6,,,,,,
REC04948,Agriculture Officer,Administration,MoSPI,Master,4,80.6,42.1,83.9,59.1,4,67.1,Intermediate,,,58.8,,,,,,66.8,,,,,,,,,,,,63.9,,,,,,,,,,,,,,,,,,,54.2,,,,,,69.4
REC04949,Cybersecurity Analyst,Economics,Statistics Division,Bachelor,4,57.5,24.1,93.4,76.2,3,74.9,Intermediate,,,,,,,,72.4,61.1,,,,,,,,,,,,,,,,,,,,,,,,72.1,,,,,,69.6,,,64.1,,,,
REC04950,Finance Officer,Data Science,Research,Master,16,94.6,71.1,76.4,68.7,7,70.8,Intermediate,80.6,,,,,,,,,,74.7,,,,,,,,86.5,66.4,,,,,,,,,,,,,,,,,,,,,,,,,,69.7
REC04951,Cybersecurity Analyst,Economics,MoSPI,Bachelor,10,59.4,55.7,64.8,66.8,2,60.2,Developing,,,,,,,,56.8,65.7,,,,,,,,,,,,,,,,,,,,,,,,65.0,,,,,,53.2,,,63.5,,,,
REC04952,Legal Officer,Public Health,Statistics Division,Master,6,44.8,27.0,49.3,64.3,4,48.1,Beginner,,,,,,,50.0,,,,,,,,,,,,,,,,,,,,,,43.6,,,,,40.5,,,,,,39.6,,40.6,,,,
REC04953,Statistical Officer,Public Policy,Statistics Division,Bachelor,2,33.2,17.2,81.0,82.6,1,69.2,Intermediate,,,,,,,,,62.0,,68.8,,,,,,,,,,,,,,,,,,,,,,,,68.9,,,,,,,,,,73.9,56.4
REC04954,Public Health Officer,Administration,Statistics Division,Bachelor,1,72.0,56.2,82.4,82.8,4,73.2,Intermediate,,,,,,59.3,,,64.8,,,,,,,,,79.0,,,,,,,,,,,,,,,,,,,,78.0,,74.2,,,,,,
REC04955,HR Officer,Agriculture,Administration,Bachelor,0,47.6,50.5,72.6,71.4,2,62.2,Developing,,,,,,,58.9,,56.7,,,,,,,,,,,,,,43.1,,,60.2,,,,,,,,,,,,,,56.6,,,,,,
REC04956,Public Health Officer,Statistics,DIID,Bachelor,10,103.0,39.3,89.9,67.1,2,74.5,Intermediate,,,,,,73.8,,,61.9,,,,,,,,,73.2,,,,,,,,,,,,,,,,,,,,68.7,,72.1,,,,,,
REC04957,Policy Analyst,Public Policy,Data & Analytics,Bachelor,10,46.8,35.3,75.9,67.4,5,64.4,Developing,,,,,,,,,66.6,,,,,,,,,,,,,,,,,,,,,,,,,55.9,,,,,,56.1,66.3,,,,,64.1
REC04958,Research Officer,Administration,Data & Analytics,Master,0,71.0,43.6,52.3,65.5,3,52.0,Developing,,,,,,,,,59.8,,53.6,,,,,,,,,,,,,,,,,,,,,,,,,,,,,48.6,47.3,,,,,51.4
REC04959,Data Analyst,Cybersecurity,Administration,Bachelor,8,49.9,34.8,94.1,65.4,1,73.1,Intermediate,,,,,,,,,75.7,,70.0,,,,,,,,,,,,,,,,,,,,,,,,,,,,,,,,70.7,,73.1,55.6
REC04960,Biotechnology Faculty,Environment,Research,Master,6,5.0,35.8,58.6,60.7,3,50.8,Developing,,,,,40.5,,,,45.0,,,,,,,,,,,,,52.2,,,51.6,,,,,,58.5,,,,,,,,,,,,,,,
REC04961,Administrative Officer,Education,Policy,Master,11,53.5,38.7,88.6,64.4,4,70.5,Intermediate,,75.5,,,,,50.8,,69.4,,,,,,,,,,,,,,,,,,,,,,,,,,,,68.4,,,66.2,,,,,,
REC04962,Economist,Environment,Statistics Division,Master,6,62.9,57.7,41.9,73.6,1,49.6,Beginner,,,,,,,,,40.2,,,,,56.8,50.5,,,,,,,,,,,,,,,,,,,,,,,,,49.0,,,,,,50.3
REC04963,Data Scientist,Public Health,Policy,Master,4,64.4,22.6,78.6,80.2,2,69.6,Intermediate,,,,,,,,,57.6,,74.2,,,,,,,,,,,,,,,,,,,65.7,,,,,,,,,77.0,,,,,,,67.4
REC04964,Agriculture Officer,Cybersecurity,Data & Analytics,Bachelor,3,46.0,44.1,86.2,57.8,4,66.8,Intermediate,,,49.4,,,,,,84.8,,,,,,,,,,,,56.9,,,,,,,,,,,,,,,,,,,70.2,,,,,,74.9
REC04965,Biotechnology Faculty,Artificial Intelligence,Statistics Division,Bachelor,10,44.2,22.6,70.5,68.5,1,61.4,Developing,,,,,75.1,,,,49.7,,,,,,,,,,,,,51.7,,,48.0,,,,,,68.8,,,,,,,,,,,,,,,
REC04966,Administrative Officer,Data Science,Data & Analytics,Master,12,68.0,20.2,73.7,59.0,4,60.9,Developing,,41.4,,,,,63.7,,64.6,,,,,,,,,,,,,,,,,,,,,,,,,,,,48.7,,,47.2,,,,,,
REC04967,Statistical Officer,Public Policy,Training,Bachelor,0,73.6,28.3,64.7,72.3,3,58.4,Developing,,,,,,,,,47.4,,49.6,,,,,,,,,,,,,,,,,,,,,,,,52.5,,,,,,,,,,47.3,45.3
REC04968,Policy Analyst,Cybersecurity,Administration,Bachelor,8,96.4,12.1,66.4,86.4,4,66.1,Intermediate,,,,,,,,,63.2,,,,,,,,,,,,,,,,,,,,,,,,,55.7,,,,,,65.8,56.6,,,,,61.4
REC04969,Administrative Officer,Education,Statistics Division,Master,3,38.4,46.3,57.9,82.4,7,58.0,Developing,,41.4,,,,,47.5,,65.7,,,,,,,,,,,,,,,,,,,,,,,,,,,,59.4,,,57.7,,,,,,
REC04970,Agriculture Officer,Environment,Administration,Master,6,83.4,78.7,90.7,77.9,4,77.2,Intermediate,,,59.1,,,,,,70.6,,,,,,,,,,,,70.2,,,,,,,,,,,,,,,,,,,72.5,,,,,,76.7
REC04971,Environmental Officer,Artificial Intelligence,MoSPI,PhD,10,25.1,28.3,73.7,89.8,3,68.2,Intermediate,,,,,,,,,78.4,,,,,,,,61.1,,,,59.8,,,,,,,,,,,,,,,,,,,54.6,,,,,,63.9
REC04972,Biotechnology Faculty,Biotechnology,Research,Master,15,68.9,78.7,79.9,78.2,1,73.4,Intermediate,,,,,66.0,,,,72.8,,,,,,,,,,,,,79.2,,,74.4,,,,,,75.4,,,,,,,,,,,,,,,
REC04973,Environmental Officer,Biotechnology,DIID,Master,4,42.0,45.7,95.9,72.6,4,75.3,Intermediate,,,,,,,,,63.7,,,,,,,,75.7,,,,71.8,,,,,,,,,,,,,,,,,,,70.0,,,,,,68.6
REC04974,Data Analyst,Administration,Training,PhD,15,113.6,62.2,88.8,70.7,3,76.9,Intermediate,,,,,,,,,74.7,,75.6,,,,,,,,,,,,,,,,,,,,,,,,,,,,,,,,70.5,,73.2,68.2
REC04975,Biotechnology Faculty,Statistics,Data & Analytics,Master,10,82.7,33.0,74.2,75.9,3,67.2,Intermediate,,,,,69.6,,,,67.5,,,,,,,,,,,,,53.3,,,56.3,,,,,,58.3,,,,,,,,,,,,,,,
REC04976,Public Health Officer,Public Policy,DIID,PhD,9,68.5,48.7,55.5,81.0,3,59.8,Developing,,,,,,57.5,,,67.2,,,,,,,,,64.5,,,,,,,,,,,,,,,,,,,,58.8,,59.3,,,,,,
REC04977,Biotechnology Faculty,Economics,Data & Analytics,Bachelor,9,41.2,47.3,70.4,55.1,2,58.0,Developing,,,,,56.7,,,,58.5,,,,,,,,,,,,,55.0,,,55.6,,,,,,54.8,,,,,,,,,,,,,,,
REC04978,Cybersecurity Analyst,Public Policy,Research,PhD,15,58.4,68.9,92.4,63.3,2,75.8,Intermediate,,,,,,,,72.2,85.8,,,,,,,,,,,,,,,,,,,,,,,,83.7,,,,,,81.3,,,88.1,,,,
REC04979,Legal Officer,Environment,MoSPI,Master,1,50.8,54.6,76.4,53.2,1,60.2,Developing,,,,,,,55.8,,,,,,,,,,,,,,,,,,,,,,60.5,,,,,58.6,,,,,,56.9,,59.8,,,,
REC04980,Database Administrator,Cybersecurity,MoSPI,Master,6,82.5,43.2,79.4,94.6,2,75.3,Intermediate,,,,,,,,,,67.9,,74.7,,,,,,,,,,,,,,,,,,,,,,,,73.8,,,63.8,,,,68.8,,,
REC04981,AI Engineer,Artificial Intelligence,MoSPI,PhD,0,53.7,54.7,61.7,73.6,2,58.3,Developing,,,,,,,,,,,,,52.2,,,,,,,,,,,,,,,,,59.3,,48.2,,,,,,,64.9,,,,,56.1,,
REC04982,Policy Analyst,Artificial Intelligence,Training,PhD,6,41.4,53.4,79.7,60.2,6,63.7,Developing,,,,,,,,,62.8,,,,,,,,,,,,,,,,,,,,,,,,,61.8,,,,,,53.0,66.3,,,,,52.7
REC04983,Data Analyst,Statistics,Statistics Division,Bachelor,12,62.3,56.3,94.5,98.9,4,84.7,Advanced,,,,,,,,,72.5,,75.3,,,,,,,,,,,,,,,,,,,,,,,,,,,,,,,,81.0,,83.9,80.8
REC04984,Environmental Officer,Statistics,Training,Master,6,91.4,46.2,84.1,64.6,4,70.1,Intermediate,,,,,,,,,60.4,,,,,,,,74.0,,,,78.6,,,,,,,,,,,,,,,,,,,58.6,,,,,,67.9
REC04985,Policy Analyst,Cybersecurity,Data & Analytics,Bachelor,5,62.9,56.5,59.3,46.0,4,50.1,Developing,,,,,,,,,52.2,,,,,,,,,,,,,,,,,,,,,,,,,52.9,,,,,,42.9,41.0,,,,,49.9
REC04986,Public Health Officer,Agriculture,Research,PhD,11,83.2,77.2,75.2,70.5,3,68.7,Intermediate,,,,,,67.9,,,69.0,,,,,,,,,59.3,,,,,,,,,,,,,,,,,,,,74.6,,71.5,,,,,,
REC04987,Environmental Officer,Economics,Research,Master,0,16.9,39.3,69.5,75.3,6,60.7,Developing,,,,,,,,,64.5,,,,,,,,66.7,,,,53.8,,,,,,,,,,,,,,,,,,,54.9,,,,,,55.6
REC04988,Project Manager,Public Policy,Administration,PhD,9,92.1,50.0,91.0,97.2,2,83.6,Advanced,,,,,,,66.6,,73.8,,,,,,,,,,,,,,,,,,98.2,,,,,,,,,81.0,78.9,,,,,,,,,
REC04989,Cybersecurity Analyst,Statistics,Data & Analytics,Bachelor,8,77.4,32.7,88.3,57.7,6,69.5,Intermediate,,,,,,,,69.7,70.5,,,,,,,,,,,,,,,,,,,,,,,,69.5,,,,,,52.6,,,73.8,,,,
REC04990,Economist,Agriculture,Administration,Master,9,71.6,71.7,68.9,90.9,2,69.4,Intermediate,,,,,,,,,47.7,,,,,67.8,70.4,,,,,,,,,,,,,,,,,,,,,,,,,80.7,,,,,,53.4
REC04991,HR Officer,Biotechnology,DIID,PhD,6,32.4,42.6,88.4,75.8,1,72.1,Intermediate,,,,,,,61.1,,58.7,,,,,,,,,,,,,,71.5,,,74.9,,,,,,,,,,,,,,71.1,,,,,,
REC04992,Education Officer,Cybersecurity,DIID,Bachelor,7,63.9,52.3,75.4,86.6,2,70.2,Intermediate,,,,59.8,,,66.7,,66.4,,,,,,,55.1,,,,,,,,,,,,74.6,,,,,,,,,,,,,,,,,,
REC04993,Data Scientist,Finance,Policy,Master,4,45.9,45.3,64.7,64.4,2,57.8,Developing,,,,,,,,,51.9,,54.8,,,,,,,,,,,,,,,,,,,64.9,,,,,,,,,69.9,,,,,,,54.9
REC04994,Environmental Officer,Environment,Data & Analytics,Bachelor,7,54.2,29.0,74.1,87.5,2,69.0,Intermediate,,,,,,,,,64.3,,,,,,,,71.4,,,,67.4,,,,,,,,,,,,,,,,,,,53.7,,,,,,70.9
REC04995,Agriculture Officer,Administration,Policy,PhD,7,61.0,55.1,80.8,71.7,4,69.9,Intermediate,,,65.4,,,,,,72.1,,,,,,,,,,,,78.2,,,,,,,,,,,,,,,,,,,68.9,,,,,,71.3
REC04996,Data Scientist,Artificial Intelligence,Policy,PhD,7,89.9,55.0,71.5,60.3,5,61.7,Developing,,,,,,,,,65.4,,61.0,,,,,,,,,,,,,,,,,,,44.3,,,,,,,,,53.8,,,,,,,51.3
REC04997,Project Manager,Biotechnology,Administration,Bachelor,0,41.9,32.6,52.7,45.3,7,43.1,Beginner,,,,,,,38.8,,28.0,,,,,,,,,,,,,,,,,,42.7,,,,,,,,,35.8,32.9,,,,,,,,,
REC04998,Cybersecurity Analyst,Cybersecurity,IT,PhD,6,68.4,50.0,68.8,65.6,2,60.8,Developing,,,,,,,,57.3,50.8,,,,,,,,,,,,,,,,,,,,,,,,57.4,,,,,,52.5,,,63.4,,,,
REC04999,Research Officer,Administration,Training,PhD,0,51.1,59.3,70.0,56.5,1,56.7,Developing,,,,,,,,,45.6,,53.8,,,,,,,,,,,,,,,,,,,,,,,,,,,,,32.1,57.0,,,,,53.3
REC05000,Project Manager,Environment,DIID,Master,11,48.5,48.2,76.8,81.8,3,69.8,Intermediate,,,,,,,67.2,,65.2,,,,,,,,,,,,,,,,,,66.2,,,,,,,,,66.1,71.4,,,,,,,,,
